id,x1,x2,y
0,-2.2000000000000002,-2.25,0.25000000000000011
1,0.40000000000000002,-0.5,0.38999999999999996
2,-1.6000000000000001,1.25,-2.02
3,1,-1.75,1.0999999999999999
4,-1,0,-0.59999999999999998
5,1.6000000000000001,1.75,0.87999999999999989
6,-0.40000000000000002,-1.25,0.27000000000000007
7,2.2000000000000002,0.5,1.5600000000000001
8,0.20000000000000001,2.25,-0.61999999999999988
9,-1.8,-0.75,-0.58999999999999997
10,0.80000000000000004,1,0.21999999999999995
11,-1.2,-2,0.39000000000000007
12,1.3999999999999999,-0.25,1.0099999999999998
13,-0.59999999999999998,1.5,-1.1499999999999999
14,2,-1.5,1.5
15,0,0.25,-0.20000000000000001
16,-2,2,-3.0499999999999998
17,0.59999999999999998,-1,0.70000000000000007
18,-1.3999999999999999,0.75,-1.4399999999999997
19,1.2,-2.25,1.3
20,-0.80000000000000004,-0.5,-0.37999999999999989
21,1.8,1.25,1.1599999999999999
22,-0.20000000000000001,-1.75,0.63000000000000012
23,-2.2000000000000002,0,-1.49
24,0.40000000000000002,1.75,-0.18000000000000008
25,-1.6000000000000001,-1.25,-0.31999999999999984
26,1,0.5,0.54999999999999993
27,-1,2.25,-2.0500000000000003
28,1.6000000000000001,-0.75,1.23
29,-0.40000000000000002,1,-0.66000000000000003
30,2.2000000000000002,-2,1.3599999999999997
31,0.20000000000000001,-0.25,0.17999999999999999
32,-1.8,1.5,-2.4000000000000004
33,0.80000000000000004,-1.5,0.9700000000000002
34,-1.2,0.25,-0.90000000000000002
35,1.3999999999999999,2,0.63999999999999979
36,-0.59999999999999998,-1,0.050000000000000031
37,2,0.75,1.3999999999999999
38,0,-2.25,0.95000000000000007
39,-2,-0.5,-0.90000000000000002
40,0.59999999999999998,1.25,-0.030000000000000027
41,-1.3999999999999999,-1.75,0.16000000000000014
42,1.2,0,0.83999999999999997
43,-0.80000000000000004,1.75,-1.49
44,1.8,-1.25,1.4100000000000001
45,-0.20000000000000001,0.5,-0.45999999999999996
46,-2.2000000000000002,2.25,-3.48
47,0.40000000000000002,-0.75,0.52000000000000002
48,-1.6000000000000001,1,-1.79
49,1,-2,1.2000000000000002
50,-1,-0.25,-0.64999999999999991
51,1.6000000000000001,1.5,0.94999999999999984
52,-0.40000000000000002,-1.5,0.44000000000000017
53,2.2000000000000002,0.25,1.6000000000000001
54,0.20000000000000001,2,-0.48000000000000009
55,-1.8,-1,-0.59999999999999998
56,0.80000000000000004,0.75,0.3299999999999999
57,-1.2,-2.25,0.60000000000000009
58,1.3999999999999999,-0.5,1.0900000000000001
59,-0.59999999999999998,1.25,-0.96999999999999986
60,2,-1.75,1.2999999999999998
61,0,0,-0.050000000000000003
62,-2,1.75,-2.8000000000000003
63,0.59999999999999998,-1.25,0.81999999999999995
64,-1.3999999999999999,0.5,-1.2199999999999998
65,1.2,2.25,0.38
66,-0.80000000000000004,-0.75,-0.18999999999999989
67,1.8,1,1.22
68,-0.20000000000000001,-2,0.79000000000000004
69,-2.2000000000000002,-0.25,-1.2299999999999998
70,0.40000000000000002,1.5,-0.3000000000000001
71,-1.6000000000000001,-1.5,-0.089999999999999705
