record_id,device_id,predict_time,knob1,knob2,post_reading,post_available_time
A01,A,2026-01-01T09:00:00,1,10,2.0,2026-01-01T09:05:00
A02,A,2026-01-02T09:00:00,2,,5.0,2026-01-02T09:05:00
B01,B,2026-01-01T09:00:00,3,30,12.0,2026-01-01T09:05:00
B02,B,2026-01-02T09:00:00,4,40,15.0,2026-01-02T09:05:00
C01,C,2026-01-01T09:00:00,5,50,14.0,2026-01-01T09:05:00
C02,C,2026-01-02T09:00:00,6,60,17.0,2026-01-02T09:05:00
D01,D,2026-01-01T09:00:00,7,70,24.0,2026-01-01T09:05:00
D02,D,2026-01-02T09:00:00,8,,27.0,2026-01-02T09:05:00
E01,E,2026-01-01T09:00:00,9,90,36.0,2026-01-01T09:05:00
E02,E,2026-01-02T09:00:00,10,100,39.0,2026-01-02T09:05:00
F01,F,2026-01-01T09:00:00,11,110,44.0,2026-01-01T09:05:00
F02,F,2026-01-02T09:00:00,12,120,47.0,2026-01-02T09:05:00
A02,A,2026-01-02T09:00:00,2,,5.0,2026-01-02T09:05:00
