a,b
2.435869693401013336e+00,5.416409691037628038e-01
2.374656215418330607e+00,5.552692660563274263e-01
2.511819345150855920e+00,5.239157359793161772e-01
2.436700668738196907e+00,5.402560766420377858e-01
2.273373719336963639e+00,5.888180840483774325e-01
2.194638132145452225e+00,6.125861205727917147e-01
2.038311686458220695e+00,6.761161017339313295e-01
2.158800204985463100e+00,6.227482328746235529e-01
2.462925819240108005e+00,5.325250441956335123e-01
2.378293316470087237e+00,5.553225660596597946e-01
2.439241347270939553e+00,5.387103993146321601e-01
2.932928066449348226e+00,4.296084282930120457e-01
2.743599938039009256e+00,4.724087916098647089e-01
2.565658851120419026e+00,5.032735617394125116e-01
3.137161387194566498e+00,4.037184356749947689e-01
2.710339225449387435e+00,4.751439953788746395e-01
2.093151537915829863e+00,6.493091833170333560e-01
2.630257332405117499e+00,4.925036943134472045e-01
2.383720502666160090e+00,5.547823347604105004e-01
2.193528340687175948e+00,6.141333007647626907e-01
2.707173261725033697e+00,4.796147228438036314e-01
2.471795314079245465e+00,5.283257682771738128e-01
2.406162589893879655e+00,5.464772912764990220e-01
2.253044720270871881e+00,5.912947973176884142e-01
2.732077630044746019e+00,4.744118078820932505e-01
2.303342987062529268e+00,5.771178747799401432e-01
2.715769279713781348e+00,4.734017179088234606e-01
2.483261796333271931e+00,5.267153383669758160e-01
2.367760621599416915e+00,5.574412918207841683e-01
2.939220410021896157e+00,4.349617141490536576e-01
2.359306082290440365e+00,5.621982787389518954e-01
2.598847838222247297e+00,4.999429703760770449e-01
2.126397473961786577e+00,6.411052497338162182e-01
2.476270287796566549e+00,5.304265173710714931e-01
2.535457225508178425e+00,5.139741741447638734e-01
2.543059645962130855e+00,5.111181963431314923e-01
2.299124281932956038e+00,5.816187409978961220e-01
2.125126631037472347e+00,6.371867227089904606e-01
2.248117429541272916e+00,5.917182262030094009e-01
2.244310227083818887e+00,5.999344779251407633e-01
2.472365505358569138e+00,5.280863603155715458e-01
2.457861129684657531e+00,5.355734544611947534e-01
2.789207695020386790e+00,4.599334212167737745e-01
2.378903939105279086e+00,5.596548195957283811e-01
2.394679162290919372e+00,5.519418289954662882e-01
2.215645426571483334e+00,6.064472413612462809e-01
2.111236912266102106e+00,6.355483196211648700e-01
2.140329399880626315e+00,6.291740309604816339e-01
2.647284973085932691e+00,4.904853182435996439e-01
2.585433902694218133e+00,5.036053584775092018e-01
2.579676367390454139e+00,5.004458287170677755e-01
2.492398554305534031e+00,5.228197312058807666e-01
2.596859512176397544e+00,4.991576214347958063e-01
2.714087958013799984e+00,4.746405097676673068e-01
2.248067899872025599e+00,5.988445573423124557e-01
2.590110334795737490e+00,5.016975965389453007e-01
2.581258458785353760e+00,5.048976967705658403e-01
2.363810087361781331e+00,5.597045666976958600e-01
2.594386706689360444e+00,5.015883616702075942e-01
2.522436431137903057e+00,5.169993181702257079e-01
2.177986042851553172e+00,6.182051710851412807e-01
2.566188026301573277e+00,5.089406097518800465e-01
3.168604001722167940e+00,3.997902620118432560e-01
2.387539245396366194e+00,5.509516779372217732e-01
2.283583917147841813e+00,5.811632861004443207e-01
2.413913529773576538e+00,5.426782482887909653e-01
2.567939096407931832e+00,5.087662253519267264e-01
2.564546922543015750e+00,5.079433201136943632e-01
2.485130898871681815e+00,5.291410544323940091e-01
2.483840499876209140e+00,5.257900111808342380e-01
2.460087526009809622e+00,5.316337661148845539e-01
2.213231922811268682e+00,6.130422768242393960e-01
2.692513601096492515e+00,4.804203693024690081e-01
2.608285763165874904e+00,4.963772929756111729e-01
2.364641109277488606e+00,5.625089933380693630e-01
2.428389136572508100e+00,5.404573218048102090e-01
2.530546693035801820e+00,5.126113761212012232e-01
2.212832171024125660e+00,6.073298536084306143e-01
2.340904065460797767e+00,5.697369669494933841e-01
2.113066697636521774e+00,6.393178951199443016e-01
2.181518220853298384e+00,6.193212967251104928e-01
2.685376999848783086e+00,4.823055772157016086e-01
2.530641940959422076e+00,5.172810961129442608e-01
2.236199527899755513e+00,5.994484274181653971e-01
2.520298951684087907e+00,5.166051767255204208e-01
2.320117435008717255e+00,5.723677690215522862e-01
2.456430232887401477e+00,5.398859979498175088e-01
2.936141350659382088e+00,4.346701244486855797e-01
2.255725349316171080e+00,5.925312681163187323e-01
2.222836678499570340e+00,6.025760060036918775e-01
2.458955206427869467e+00,5.320066131718420577e-01
2.392972485868256172e+00,5.494559820531758065e-01
2.833612449469233852e+00,4.541062619206283624e-01
2.404084339409561011e+00,5.458688325055593982e-01
2.594927502206801240e+00,5.029720555141988791e-01
2.516563624892135476e+00,5.171574010554051970e-01
2.539151086952239567e+00,5.160695940645215751e-01
1.975351685700949877e+00,6.988966337910338389e-01
2.268969624021537790e+00,5.876122542849132602e-01
2.306465538190662912e+00,5.755561632974947051e-01
2.182006830833064015e+00,6.189328572636796366e-01
2.203660193194283412e+00,6.101493255347847366e-01
2.341119216038159756e+00,5.655866554214797892e-01
2.316034792502049910e+00,5.765677515804203956e-01
2.553660397496699819e+00,5.107687830500966530e-01
2.634969299883270555e+00,4.905104323559471569e-01
2.139145790657485779e+00,6.271243909315817877e-01
2.331713545554168210e+00,5.673686040266272546e-01
2.726298562815381299e+00,4.687357472961329874e-01
2.370715358585076427e+00,5.586087858249439986e-01
2.575227720793912489e+00,5.090841485722000792e-01
2.540127247555148848e+00,5.132403495551104422e-01
2.647859846864907940e+00,4.893518284347053715e-01
2.174579137782403748e+00,6.137063756615463994e-01
2.744673302802134174e+00,4.746280128992642622e-01
2.342287655837945515e+00,5.622933688114958306e-01
2.368547976174665504e+00,5.583379996382416000e-01
3.109066702461572351e+00,4.088663562975232701e-01
2.413590479749440743e+00,5.478428789238291019e-01
2.335998157096068173e+00,5.673399169969247646e-01
2.303392512535866743e+00,5.829371979720211483e-01
2.405284712044063244e+00,5.509230247359768740e-01
2.122404969571040301e+00,6.397983966796570998e-01
2.301034011337236507e+00,5.774395338704826353e-01
2.283673832021227756e+00,5.844590028902929557e-01
2.460831053983535632e+00,5.372992213075578061e-01
2.252973250377723780e+00,5.892064486540123935e-01
2.326568181211301489e+00,5.693282547060177778e-01
2.412361442656234534e+00,5.461796215711591795e-01
2.406289228537630276e+00,5.485432498232569731e-01
2.373108171804215516e+00,5.524961760250396425e-01
2.377948260421867133e+00,5.567356399810601264e-01
2.192859919234759314e+00,6.153493216128154142e-01
2.279243667799362161e+00,5.810395197738872364e-01
2.356946255847392813e+00,5.605279906612367080e-01
2.406840460293431239e+00,5.504196479575985679e-01
2.441542819168393663e+00,5.430021182625724974e-01
2.264381227461054635e+00,5.938056658417057987e-01
2.299052730244151910e+00,5.778212779905409491e-01
2.706705060263160156e+00,4.764612793688442482e-01
2.413786981729786341e+00,5.473271854955402693e-01
2.746044102783697038e+00,4.686237968812573262e-01
2.146182075506442910e+00,6.216367969504434932e-01
2.325277773860267239e+00,5.687217417940318986e-01
2.393731659564202197e+00,5.516353098754893658e-01
2.595980328139723348e+00,5.058273069804031241e-01
2.480091579380884426e+00,5.294987798956427572e-01
2.249161903747546987e+00,5.945680607371445214e-01
2.404114414177078274e+00,5.497805259113263121e-01
2.552847759015538731e+00,5.095282658583224489e-01
2.269754826733736852e+00,5.862360944140924124e-01
2.752374496921031088e+00,4.684282543325593018e-01
2.506641492646737746e+00,5.204736522501400842e-01
2.249939626503106638e+00,5.999597031655875545e-01
2.488096162841246795e+00,5.254359200120423123e-01
2.460547140410381584e+00,5.359986578310992344e-01
2.143383882471305402e+00,6.310636181279913881e-01
2.277725219952626112e+00,5.864121211668671396e-01
2.274123278635505230e+00,5.829258950581717169e-01
2.408518680102984977e+00,5.500451898133678075e-01
2.171422987088423628e+00,6.229393101615201545e-01
2.485333209348143946e+00,5.285259193653525367e-01
2.075025203142095709e+00,6.550656951347006984e-01
2.222101782490248922e+00,6.058634235844714278e-01
2.263326104564535424e+00,5.945387642415861373e-01
2.600198876076809551e+00,5.011548320106191667e-01
3.496656819049424048e+00,3.593412603226991964e-01
3.105230388685882748e+00,4.062437218789998750e-01
2.462273444543206402e+00,5.316544559060507602e-01
2.414559502655909018e+00,5.488703411035481539e-01
2.493118435238264485e+00,5.265076308771033942e-01
2.288833132482450683e+00,5.784777532024784064e-01
2.257476941609398047e+00,5.923788018964298852e-01
2.351595327907288535e+00,5.627542277509102187e-01
2.406318527942441943e+00,5.494643642471060963e-01
2.402305289131308808e+00,5.450210040856448002e-01
2.252809757199152774e+00,5.952928906335661630e-01
2.363442452004234529e+00,5.595134196858531084e-01
2.465189290684719037e+00,5.322893568233580952e-01
2.353773018328451982e+00,5.633648875349276386e-01
2.113276094586287179e+00,6.413444896981514987e-01
2.228852735677912200e+00,6.013156515931997737e-01
2.225070286578580969e+00,6.060178081399589800e-01
2.558659709179996966e+00,5.109416913889990308e-01
2.184560709286235358e+00,6.159182995971942409e-01
2.717781934256583654e+00,4.797382735159453904e-01
2.545654318001869587e+00,5.123181234767143488e-01
2.220209936919461224e+00,6.000327141172324685e-01
2.217431859155965412e+00,6.049275308584227684e-01
2.278534203503306266e+00,5.816756743276384478e-01
2.232419018739348893e+00,6.017712424180553521e-01
2.208287135938638013e+00,6.130111128630503226e-01
1.952388324398899755e+00,7.047417750731301833e-01
2.706198378955360084e+00,4.834870835117129340e-01
2.198972162501189320e+00,6.103091414690097194e-01
2.075823557407547870e+00,6.573393029471347182e-01
2.019422875657568284e+00,6.840404985666797000e-01
2.592866295126400100e+00,5.037167712727758095e-01
2.267574764825007971e+00,5.903579539685875899e-01
2.518206004808924536e+00,5.222530289335238773e-01
