pressure_source_units,volume_source_units,full_fit,low_pressure_fit,linear_low_pressure_fit
7.759999999999999432e+01,1.007000000000000028e+01,9.986266360458854408e+00,1.005408158514600814e+01,1.081549854069519689e+01
1.149000000000000057e+02,1.473000000000000043e+01,1.463675269562434700e+01,1.472258192850627090e+01,1.501444731703987223e+01
1.410999999999999943e+02,1.794000000000000128e+01,1.784672250123722748e+01,1.793983657377702201e+01,1.796384297227393390e+01
1.908000000000000114e+02,2.392999999999999972e+01,2.381018405800413973e+01,2.390545547362228263e+01,2.355868892895838940e+01
2.399000000000000057e+02,2.960999999999999943e+01,2.954368734078301628e+01,2.962679348745760421e+01,2.908599147369092108e+01
2.890000000000000000e+02,3.517999999999999972e+01,3.512438644668652898e+01,3.518191067205825107e+01,3.461329401842345277e+01
3.328000000000000114e+02,4.002000000000000313e+01,3.997705059648653503e+01,4.000104820195205946e+01,3.954396309091397654e+01
3.783999999999999773e+02,4.482000000000000028e+01,4.490642359669849526e+01,4.488536877651269208e+01,4.467726239926027887e+01
4.348000000000000114e+02,5.075999999999999801e+01,5.083467416672405648e+01,5.074439905425103348e+01,5.102634312274124539e+01
4.773000000000000114e+02,5.504999999999999716e+01,5.518191564597019294e+01,5.503018961240441342e+01,5.581066813600259735e+01
5.367999999999999545e+02,6.100999999999999801e+01,6.109979180554000777e+01,6.084948531571318142e+01,6.250872315456849293e+01
5.931000000000000227e+02,6.640000000000000568e+01,6.652381116478441925e+01,6.616763034744600702e+01,6.884654664272413527e+01
6.891000000000000227e+02,7.546999999999999886e+01,7.539379180460947794e+01,7.483134095135531538e+01,7.965349255503214465e+01
7.600000000000000000e+02,8.178000000000000114e+01,8.165035780433950663e+01,8.091674436882094312e+01,8.763487240068461404e+01
