amplitude_source_volume_units,rate_inverse_source_pressure_units
2.379102589029817523e+02,5.518932279579882296e-04
2.377700047007340061e+02,5.532189268169307797e-04
2.426293757246994574e+02,5.398505460923689464e-04
2.376214653488374893e+02,5.535142329013382568e-04
2.403389856143199665e+02,5.462307332088915841e-04
2.363741131432515203e+02,5.576033623459349890e-04
2.370294370596719489e+02,5.552804804972591782e-04
2.399105540319853276e+02,5.475450686083365446e-04
2.381080883909828856e+02,5.529646859105021971e-04
2.423364773134811969e+02,5.414157412489173414e-04
2.426345997865033155e+02,5.407755955537206635e-04
2.436323056999965502e+02,5.380570654574520556e-04
2.367140342005967000e+02,5.555476115901854901e-04
2.352694846944717426e+02,5.597366147775179783e-04
2.334995815247483506e+02,5.650859328050679984e-04
2.394441032015765529e+02,5.491533515371934846e-04
2.373352305495712358e+02,5.542468720547655226e-04
2.381255683883888139e+02,5.527428660195668779e-04
2.370516729805099772e+02,5.551140165970235582e-04
2.358511598900132071e+02,5.577188802188096399e-04
2.349155975010865518e+02,5.607093590816005554e-04
2.368003752248680485e+02,5.559934246095445337e-04
2.379227936874376610e+02,5.530715235540598377e-04
2.351247760960335427e+02,5.600814993977298005e-04
2.400444553825790024e+02,5.465539279650532926e-04
2.363375658000283011e+02,5.576364669696575209e-04
2.393026422246788627e+02,5.495482378366359829e-04
2.385045486085424784e+02,5.512471560112087695e-04
2.396324236819435498e+02,5.487733877423903997e-04
2.345316267999455135e+02,5.631792874888343027e-04
2.392077590462382943e+02,5.497143566430337655e-04
2.410301530191191830e+02,5.444595932937459047e-04
2.465013909077879077e+02,5.307898728351142332e-04
2.371177429822809302e+02,5.550534027735034735e-04
2.347153644003853969e+02,5.622022118429598767e-04
2.348908124009760456e+02,5.607200988657052394e-04
2.357869784473323307e+02,5.583630659425774419e-04
2.408892310880132470e+02,5.451365410047373126e-04
2.381614279362370894e+02,5.516696698887001409e-04
2.419699510799835309e+02,5.419948597866232603e-04
2.419977253138325750e+02,5.418563941769689082e-04
2.390140467213040836e+02,5.499762483206305317e-04
2.460730658547678900e+02,5.314892761830154830e-04
2.384324867930201037e+02,5.514873981355518980e-04
2.368939722713785443e+02,5.555491877142164749e-04
2.372434529786848429e+02,5.550829160002842318e-04
2.413743289447358222e+02,5.434145949942538294e-04
2.420678670053629560e+02,5.419161640688442650e-04
2.443868625044996747e+02,5.355757255632153518e-04
2.373150451958765927e+02,5.549571882635509273e-04
2.385861785902272061e+02,5.512739924912246408e-04
2.439144937754397802e+02,5.368871747467060355e-04
2.341337472571087801e+02,5.632759820394680995e-04
2.394785217714389773e+02,5.488517499463430298e-04
2.421861317175052193e+02,5.417956375126588460e-04
2.436279206596136646e+02,5.377410824686872613e-04
2.383087039585437310e+02,5.514626648713178998e-04
2.342864423754021175e+02,5.631642131009289426e-04
2.386593800049163860e+02,5.509832603292193426e-04
2.423959629061311603e+02,5.415127191835120753e-04
2.407009926309835919e+02,5.450480376359820214e-04
2.396343562396865536e+02,5.477637800336512168e-04
2.348075653789474302e+02,5.608180776237901366e-04
2.367506902092460734e+02,5.562080261123727738e-04
2.373789549618225578e+02,5.536820984900992166e-04
2.416622413434265013e+02,5.428152050824482967e-04
2.427331474413259116e+02,5.398406111953353180e-04
2.408019553167989102e+02,5.453530676069127383e-04
2.427296853828261476e+02,5.405142050493931235e-04
2.402282531940400645e+02,5.466342096003746522e-04
2.385286485620219707e+02,5.510767165716510358e-04
2.362713052169767138e+02,5.579485751373629244e-04
2.408196542253431858e+02,5.451262695044819346e-04
2.385756300678697244e+02,5.514037799427566524e-04
2.386684190405842401e+02,5.505369794885930056e-04
2.346417311550574993e+02,5.613494418311445284e-04
2.402811279649822609e+02,5.461082086663582909e-04
2.355564623828850017e+02,5.595341770727788435e-04
2.410393638552741322e+02,5.443983877904866537e-04
2.395023387983431178e+02,5.485667216505237410e-04
2.421389243254000974e+02,5.415777315230453810e-04
2.371839460124899119e+02,5.552072308666360827e-04
2.377644492069353248e+02,5.532462338597959710e-04
2.370434029810519405e+02,5.550239671370482642e-04
2.357040498376380526e+02,5.590739299708051080e-04
2.391011697478019187e+02,5.495551594662086495e-04
2.344574897160700857e+02,5.621724258703075490e-04
2.393586634227731622e+02,5.486893537690435644e-04
2.412482563932109372e+02,5.435449089075462033e-04
2.396037006695209470e+02,5.485538680014857013e-04
2.391292239882371859e+02,5.497766728992125630e-04
2.436976339871050925e+02,5.381051112164005491e-04
2.413682073736422922e+02,5.436992313280177491e-04
2.390028932983616983e+02,5.500459636774768842e-04
2.410133689032209929e+02,5.444505055208976371e-04
2.400219523155113848e+02,5.476675540367029627e-04
2.367545614182584188e+02,5.562160218799189941e-04
2.372627936109037137e+02,5.544023813446676040e-04
2.380179276723261808e+02,5.523965014676633211e-04
2.443734624838074581e+02,5.358326484875589827e-04
2.391012046132290436e+02,5.493159538628849268e-04
2.412506926767493951e+02,5.441773440913064098e-04
2.360669965610154577e+02,5.580061796815746289e-04
2.397850457998554248e+02,5.482091256336636513e-04
2.371929908443307511e+02,5.539092633958619775e-04
2.403405253325644253e+02,5.456569240995776159e-04
2.339958629952410547e+02,5.636654196960867811e-04
2.346139461776676001e+02,5.615995226993461282e-04
2.435591188665463847e+02,5.379415985083152874e-04
2.383961213778406716e+02,5.511374308788788466e-04
2.413506928400400398e+02,5.442290878077453648e-04
2.428681231626996464e+02,5.401392348344641846e-04
2.393421600946378476e+02,5.489870942775728572e-04
2.391947018957512796e+02,5.491492036275278949e-04
2.394915250346803077e+02,5.487473332897850218e-04
2.379532592449250217e+02,5.523562257449647628e-04
2.361895676023939075e+02,5.576873117821851003e-04
2.390531008499111749e+02,5.501917356984901974e-04
2.391805020095449095e+02,5.491551333989727049e-04
2.394991484268794864e+02,5.492398933688296282e-04
2.374457830772516047e+02,5.547781389175867640e-04
2.379444369753681769e+02,5.529539624995231332e-04
2.421489680413331200e+02,5.422039507307342644e-04
2.376592655587324430e+02,5.538441968158124050e-04
2.391404102912823362e+02,5.497987555656070387e-04
2.430133750332956311e+02,5.392052720555095885e-04
2.407932808236831477e+02,5.454485445840793556e-04
2.402085266705066999e+02,5.467115824379350847e-04
2.420581761750313774e+02,5.422623305864000039e-04
2.357331651326190922e+02,5.590348142433773952e-04
2.387920615229292594e+02,5.504673981591805525e-04
2.353400563301653392e+02,5.597392026934348060e-04
2.408240603055131430e+02,5.444384449976913181e-04
2.405667372073549473e+02,5.457571483660530716e-04
2.436671458675693316e+02,5.377693117287412434e-04
2.382841304034898258e+02,5.521255086735079275e-04
2.384345073443546141e+02,5.517864378120758374e-04
2.379510223993108866e+02,5.523051740452849167e-04
2.410663215667950965e+02,5.443246961786013137e-04
2.397205686516920764e+02,5.483506115533706270e-04
2.384455301898386779e+02,5.519607665717762108e-04
2.340815004715213092e+02,5.637262631315851681e-04
2.393911710900801495e+02,5.493264791701062003e-04
2.400609771655465465e+02,5.467583714322310539e-04
2.392945510308223902e+02,5.500427379551923318e-04
2.385629640199294386e+02,5.505732741784630842e-04
2.398954996885840671e+02,5.474097219786640310e-04
2.415045400219327689e+02,5.433965011727390779e-04
2.405867711842782626e+02,5.454494932173517682e-04
2.354588076660236879e+02,5.595225191528072376e-04
2.393340120351431324e+02,5.490803513764908050e-04
2.406999239209072528e+02,5.455748385297648885e-04
2.366594977241918514e+02,5.559870855818770628e-04
2.388275095279464892e+02,5.503303994949044131e-04
2.346506524622686243e+02,5.616003012821008198e-04
2.361502168063569513e+02,5.584538359807506491e-04
2.354833361918613832e+02,5.596563664565503901e-04
2.413289263695530167e+02,5.439787137154911958e-04
2.381141380426844307e+02,5.518861243442479188e-04
2.423100205728942456e+02,5.415738216210755915e-04
2.372863157927119460e+02,5.546960399181771924e-04
2.406838128489221447e+02,5.455459317382330446e-04
2.360950539656810179e+02,5.576535312769467746e-04
2.403498437765675533e+02,5.463195430336904683e-04
2.400818728639765141e+02,5.470494688423394904e-04
2.414073834112683414e+02,5.437671614422489056e-04
2.402568524153023191e+02,5.463136370869636814e-04
2.476128881824703285e+02,5.280139662824586983e-04
2.406860585897485123e+02,5.456546467604797166e-04
2.364855686191472444e+02,5.567748423665379656e-04
2.421602847805067427e+02,5.411934053598946651e-04
2.392093168187526260e+02,5.491888048916662712e-04
2.447114129836873815e+02,5.342368186623912404e-04
2.352966565237478846e+02,5.603548661348799588e-04
2.407588979199833830e+02,5.451011916210361883e-04
2.395158002521720562e+02,5.484459682428867444e-04
2.370595064268303815e+02,5.553442034055287900e-04
2.444326146711303238e+02,5.365565159643501201e-04
2.374958990186642040e+02,5.540235085737945731e-04
2.366530813749283482e+02,5.567915760490030428e-04
2.349805204709517170e+02,5.613462041196826385e-04
2.409314439306369309e+02,5.451370065132708342e-04
2.369866377018208823e+02,5.555153807132801524e-04
2.357722164015719954e+02,5.582711528396172053e-04
2.348356365517469158e+02,5.614383895991836848e-04
2.373931346783499521e+02,5.537479912779789135e-04
2.395100405403093191e+02,5.486115550053281094e-04
2.392845997891831757e+02,5.494829211399860193e-04
2.398994943376293634e+02,5.472879160652925580e-04
2.355125509627535507e+02,5.597941842512241554e-04
2.360025409459300079e+02,5.578204944889102092e-04
2.389703478651344142e+02,5.500466483357932534e-04
2.402102190288384804e+02,5.473245461321444650e-04
2.363799005071250861e+02,5.570396699400454463e-04
2.408237089395122155e+02,5.446552917389362947e-04
2.408185296841900822e+02,5.449325013608124916e-04
2.391105284750883015e+02,5.499310738793053736e-04
2.390911304087422877e+02,5.500937902494938605e-04
2.397313129261298457e+02,5.481145234795738608e-04
2.381576021534515348e+02,5.518294650511409256e-04
2.386503187709852227e+02,5.506166542435824611e-04
2.355481333427727861e+02,5.597020936643786913e-04
2.386592065987580042e+02,5.512868970652239770e-04
2.356630289669190859e+02,5.588332549157046551e-04
2.390660837892169752e+02,5.500571315546699987e-04
2.364912573330780674e+02,5.573628762414767780e-04
2.322114624137468013e+02,5.687454307439620410e-04
2.375680926230963053e+02,5.536934416949080380e-04
2.343104555564544000e+02,5.629263383867288452e-04
2.378199400654859517e+02,5.527499693887344889e-04
2.341783548462315991e+02,5.634574373931328442e-04
2.367868306695323781e+02,5.563134089700805772e-04
2.409443812400100455e+02,5.447554662941848621e-04
2.466717089409594905e+02,5.302781013370854455e-04
2.395044115927730957e+02,5.489742658244175242e-04
2.362282012415790291e+02,5.577405326167539064e-04
2.392242144157284258e+02,5.495402219924499761e-04
2.383880650813347302e+02,5.523026838165978137e-04
2.398477415734860472e+02,5.483384900308426119e-04
2.423779816107243619e+02,5.413873216965687423e-04
2.407711170482245961e+02,5.450094946063531063e-04
2.390475755235784163e+02,5.498923388893508938e-04
2.330185482271346018e+02,5.666382788395737773e-04
2.388699402369597067e+02,5.500567318107481155e-04
2.442026580425619784e+02,5.366423900424782852e-04
2.412153143389974446e+02,5.445996696245762689e-04
2.381200505307970445e+02,5.527915546945375491e-04
2.381466433726362482e+02,5.522149765319723461e-04
2.352430569557131150e+02,5.603761811375281704e-04
2.393025311171649037e+02,5.484823085495377920e-04
2.446449106207033708e+02,5.356153182630630670e-04
2.383995496115825290e+02,5.513383325420620961e-04
2.397296897952540178e+02,5.483920335399017354e-04
2.397181330664238885e+02,5.479401582286447204e-04
2.382862137219584042e+02,5.525613588631573137e-04
2.424881949041421194e+02,5.410121921943079979e-04
2.390873090793638767e+02,5.488941340902040757e-04
2.410949738057012439e+02,5.445536016093367043e-04
2.400018895559738041e+02,5.473069407019822471e-04
2.398358590456214472e+02,5.477738275228952484e-04
2.390037142728278354e+02,5.499545054567029278e-04
2.416487376507577665e+02,5.428923103537297004e-04
2.382752909773594752e+02,5.517015232403091893e-04
2.364473344305604883e+02,5.572425595538997448e-04
2.425540887366075538e+02,5.405083130853393205e-04
2.412438390812736202e+02,5.440504324311937418e-04
2.312328817402660661e+02,5.720424452586882463e-04
2.359079873634350122e+02,5.578934717822783438e-04
2.444680073750643317e+02,5.353725030173693989e-04
2.411566417090435550e+02,5.445159080796217787e-04
2.388354161399065276e+02,5.505277797621743003e-04
2.349453986732248723e+02,5.606712281214484882e-04
2.340608951407085954e+02,5.634095493029963849e-04
2.364699557641852721e+02,5.562236397235926794e-04
2.387969954843050857e+02,5.508090029286066619e-04
2.395956530758954841e+02,5.482062373830537275e-04
2.401718438455139903e+02,5.477308313692761180e-04
2.396695900020539227e+02,5.481130929712494347e-04
2.424224271850498269e+02,5.416311009407666962e-04
2.407556561186447084e+02,5.451365154076205470e-04
2.381284883242417720e+02,5.525238344465649822e-04
2.365309892563258813e+02,5.561436568488741655e-04
2.376684206436524676e+02,5.535110672929548659e-04
2.347894602318638135e+02,5.610710716169622610e-04
2.396643431157008877e+02,5.480026985766266829e-04
2.393746982729752801e+02,5.486798991840164666e-04
2.410759457649183162e+02,5.445127964215282614e-04
2.388169141562029267e+02,5.506201934728063895e-04
2.397542964725835191e+02,5.481097638687886095e-04
2.409246745766457423e+02,5.440636643503464487e-04
2.363009627036284996e+02,5.571166904860330119e-04
2.345555512480576112e+02,5.616796977124462360e-04
2.359312977509727034e+02,5.589461159449841347e-04
2.427602606231871221e+02,5.403663597431287557e-04
2.379041558703324881e+02,5.530196080469749380e-04
2.405071662852966199e+02,5.461953889970372431e-04
2.385883419626261457e+02,5.512146852552836807e-04
2.368935597810675517e+02,5.555607497314758768e-04
2.386929418181115352e+02,5.508394408283003117e-04
2.341957295742357985e+02,5.629683613258876750e-04
2.376984250420575222e+02,5.529698475109282420e-04
2.399261973688160481e+02,5.477240165681413657e-04
2.365941369357106510e+02,5.569502664454479115e-04
2.418849541555844951e+02,5.418702606541465558e-04
2.415790937171840369e+02,5.430507548979049285e-04
2.387451260053111071e+02,5.507751130460143739e-04
2.366753905001686178e+02,5.561777453262978970e-04
2.406675919959184853e+02,5.454489388695233851e-04
2.364504800133657341e+02,5.568885472601759357e-04
2.371245319260043800e+02,5.551261496401567897e-04
2.429213475517290135e+02,5.396799686315838446e-04
2.349760300726649973e+02,5.609978235539176978e-04
2.429142545657476546e+02,5.392011180494135636e-04
2.365744685075302414e+02,5.568036353583732554e-04
2.394080391959807059e+02,5.494241225654613236e-04
2.376657498518068792e+02,5.534707098045156450e-04
2.367417783750575211e+02,5.566015555116928448e-04
2.365326655014737298e+02,5.564444474175786947e-04
2.421310935968827778e+02,5.415891160555976218e-04
2.382408203563111613e+02,5.512311132347197861e-04
