sample_id,split,x1,x2,y,trained,reference,constant
train-00,train,-2.0,-1.0,-1.25,-1.7500000000010527,-1.7499999999999991,2.5
train-01,train,-2.0,1.0,-3.75,-3.250000000001024,-3.2499999999999996,2.5
train-02,train,-1.0,-1.0,0.55,0.24999999999910605,0.2500000000000009,2.5
train-03,train,-1.0,1.0,-1.55,-1.2500000000008662,-1.25,2.5
train-04,train,0.0,-1.0,2.35,2.2499999999992646,2.250000000000001,2.5
train-05,train,0.0,1.0,0.65,0.7499999999992926,0.75,2.5
train-06,train,1.0,-1.0,4.15,4.249999999999424,4.250000000000001,2.5
train-07,train,1.0,1.0,2.85,2.749999999999451,2.75,2.5
train-08,train,2.0,-1.0,5.95,6.249999999999582,6.25,2.5
train-09,train,2.0,1.0,5.05,4.74999999999961,4.75,2.5
train-10,train,3.0,-1.0,7.75,8.24999999999974,8.25,2.5
train-11,train,3.0,1.0,7.25,6.749999999999768,6.75,2.5
validation-00,validation,-1.75,-0.5,-1.4,-1.6250000000010056,-1.6249999999999996,2.5
validation-01,validation,-1.75,0.5,-2.6,-2.375000000000992,-2.3749999999999996,2.5
validation-02,validation,-0.25,-0.5,1.45,1.374999999999232,1.3750000000000007,2.5
validation-03,validation,-0.25,0.5,0.55,0.6249999999992459,0.6250000000000002,2.5
validation-04,validation,1.25,-0.5,4.3,4.37499999999947,4.375,2.5
validation-05,validation,1.25,0.5,3.7,3.624999999999484,3.6250000000000004,2.5
validation-06,validation,2.75,-0.5,7.15,7.374999999999708,7.375,2.5
validation-07,validation,2.75,0.5,6.85,6.624999999999722,6.625,2.5
test-00,test,-1.5,-1.0,-0.35,-0.7500000000009732,-0.7499999999999991,2.5
test-01,test,-1.5,1.0,-2.65,-2.250000000000945,-2.25,2.5
test-02,test,-0.5,-1.0,1.45,1.2499999999991853,1.2500000000000009,2.5
test-03,test,-0.5,1.0,-0.45,-0.2500000000007867,-0.25,2.5
test-04,test,0.5,-1.0,3.25,3.2499999999993436,3.250000000000001,2.5
test-05,test,0.5,1.0,1.75,1.7499999999993718,1.75,2.5
test-06,test,1.5,-1.0,5.05,5.249999999999503,5.250000000000001,2.5
test-07,test,1.5,1.0,3.95,3.74999999999953,3.75,2.5
test-08,test,2.5,-1.0,6.85,7.249999999999661,7.25,2.5
test-09,test,2.5,1.0,6.15,5.749999999999689,5.75,2.5
