step,loss,gradient_norm,w1,w2,b
0,9.297916666666667,7.548914565095508,0.0,0.0,0.0
1,4.516325231481482,5.126758581148787,0.7083333333333334,-0.07500000000000001,0.25
2,2.304941697209362,3.508772378472405,1.1798611111111112,-0.14250000000000002,0.4395833333333333
3,1.2642951809726148,2.432882575582661,1.4925925925925927,-0.20325000000000001,0.5866319444444444
4,0.760166645526258,1.7223142362947568,1.6989400077160495,-0.257925,0.7033391203703704
5,0.5045565006538989,1.2570082922095929,1.8341087159207818,-0.30713250000000003,0.7980582079475309
6,0.36620763088306246,0.9544564816396026,1.9217380454818245,-0.35141925000000007,0.8765469513567388
7,0.28490956255530253,0.7574071943044831,1.9776936501780764,-0.39127732500000006,0.9428053539469736
8,0.2327250388322979,0.6265094085574205,2.0126170599243367,-0.42714959250000006,0.9996401360433724
9,0.19643429551818123,0.5357712944793296,2.0336396508127947,-0.45943463325000006,1.0490452694428183
10,0.16957595416495874,0.4690279113557267,2.0455348312499355,-0.4884911699250001,1.0924587599578968
11,0.14883024225967909,0.41679898052405717,2.0514925300228946,-0.5146420529325001,1.1309361423996103
12,0.13236856399046756,0.3737442653441452,2.053639755062331,-0.53817784763925,1.1652679016585046
13,0.11909473922569996,0.33689928112977224,2.0533904375430008,-0.559360062875325,1.1960591237395375
14,0.10829159629309998,0.3045966385484977,2.051680509467407,-0.5784240565877925,1.2237836894884337
15,0.0994526693593019,0.2758591849184,2.0491258303283066,-0.5955816509290133,1.24882129506622
16,0.09219910115799457,0.2500750931777959,2.0461282526376987,-0.611023485836112,1.2714828740431827
17,0.08623631695570634,0.22682850745296843,2.0429468289336015,-0.6249211372525008,1.2920281740069794
18,0.08132970626403153,0.2058122818704593,2.0397455910709454,-0.6374290235272507,1.3106780151596014
19,0.07728974172259874,0.1867830149389569,2.0366255864738325,-0.6486861211745256,1.327622934090094
20,0.07396205752234163,0.16953761541571763,2.0336463373859477,-0.658817509057073,1.343029361357393
21,0.07122033918444358,0.1539007826694645,2.030840195812528,-0.6679357581513657,1.3570441083523563
22,0.06896095180896845,0.1397180300660729,2.0282219283876097,-0.6761421823362291,1.3697976877264944
23,0.06709873825445258,0.12685154727772288,2.0257951000118752,-0.6835279641026062,1.3814068225344645
24,0.06556366167193999,0.11517754191037259,2.023556310548058,-0.6901751676923455,1.3919763852804243
25,0.06429808892782234,0.10458437547354588,2.0214979929438184,-0.696157650923111,1.401600931224979
26,0.06325457672366273,0.09497114655840548,2.019610248617027,-0.7015418858307999,1.4103659384552902
27,0.062394059993351465,0.08624654325045136,2.017882039632204,-0.7063876972477199,1.41834883217891
28,0.061684366015285146,0.07832787164104332,2.0163019521397274,-0.7107489275229479,1.4256198469794088
29,0.061098994028529564,0.07114021001905398,2.01485867494651,-0.7146740347706532,1.4322427646744815
30,0.060616112102855675,0.06461565999722484,2.013541289646391,-0.7182066312935879,1.438275554459708
31,0.06021773217079137,0.05869267697500722,2.0123394368687153,-0.7213859681642291,1.4437709345314176
32,0.05988903135001247,0.053315468208081675,2.0112434018003844,-0.7242473713478061,1.4487768692348402
33,0.05961779347777829,0.04843344996271866,2.0102441477685207,-0.7268226342130255,1.453337012221337
34,0.05939394947558211,0.04400075708827713,2.0093333170307557,-0.729140370791723,1.4574911036107772
35,0.05920919899184277,0.039975799497560846,2.0085032114571444,-0.7312263337125507,1.4612753273981616
36,0.059056698903770855,0.0363208608307163,2.0077467614591407,-0.7331037003412957,1.4647226340854882
37,0.05893080682804631,0.03300173515953897,2.0070574886261383,-0.7347933303071661,1.4678630326039823
38,0.05882686989783293,0.02998739804996751,2.006429465597662,-0.7363139972764494,1.4707238549122772
39,0.05874105079472042,0.02724970868500543,2.0058572754127884,-0.7376825975488045,1.4733299961411663
40,0.05867018444640549,0.024763140081804132,2.005335971725014,-0.738914337793924,1.4757041327564102
41,0.05861165996977644,0.02250453472824616,2.0048610407076057,-0.7400229040145316,1.4778669208945185
42,0.058563323399894146,0.020452883223961136,2.0044283651054715,-0.7410206136130785,1.4798371767696865
43,0.05852339753534753,0.018589123743342387,2.0040341906502546,-0.7419185522517706,1.4816320408374444
44,0.05849041588008594,0.01689596034742135,2.0036750949024684,-0.7427266970265936,1.4832671272211873
45,0.058463168196113996,0.015357698360148454,2.003347958488961,-0.7434540273239342,1.484756659753945
46,0.058440655620920386,0.013960095194948802,2.003049938646426,-0.7441086245915408,1.4861135958541025
47,0.058422053665072256,0.012690225171285178,2.0027784449490196,-0.7446977621323867,1.487349739336371
48,0.05840668170289246,0.01153635699999312,2.002531117081678,-0.7452279859191481,1.488475843155283
49,0.05839397781394983,0.010487842741848606,2.002305804514716,-0.7457051873272332,1.4895017029856708
50,0.05838347803456952,0.009535017157457908,2.0021005479357723,-0.7461346685945099,1.490436242461368
51,0.05837479924441799,0.008669106469310262,2.0019135622997095,-0.746521201735059,1.4912875908184426
52,0.058367625049745665,0.007882145649760473,2.0017432213638795,-0.7468690815615531,1.492063153621613
53,0.05836169413728395,0.007166903432740961,2.001588043584237,-0.7471821734053977,1.4927696771912577
54,0.058356790665354236,0.006516814323022612,2.0014466792563326,-0.7474639560648579,1.49341330729292
55,0.058352736334982246,0.005925916945599311,2.001317898793848,-0.7477175604583721,1.4939996426008115
56,0.05834938384659938,0.005388798139970486,2.0012005820457555,-0.7479458044125349,1.494533783401038
57,0.05834661149963602,0.004900542260377693,2.001093708561214,-0.7481512239712814,1.4950203759586465
58,0.05834431873492587,0.004456685193960573,2.0009963487188975,-0.7483361015741533,1.4954636529347212
59,0.05834242245495102,0.004053172654871095,2.0009076556445105,-0.748502491416738,1.495867470205304
60,0.05834085398589372,0.00368632235408064,2.000826857846817,-0.7486522422750642,1.4962353404025481
61,0.05833955656930767,0.0033527896823375564,2.000753252508531,-0.7487870180475578,1.4965704634699524
62,0.058338483290875154,0.0030495365778857512,2.0006861993739986,-0.748908316242802,1.4968757544975306
63,0.05833759536992394,0.0027738032814643007,2.0006251151806893,-0.7490174846185218,1.4971538690790775
64,0.058336860746735136,0.0025230827090823404,2.0005694685861837,-0.7491157361566696,1.4974072264121354
65,0.05833625291568776,0.002295097198397399,2.000518775546619,-0.7492041625410026,1.4976380303416128
66,0.058335749961373105,0.002087777407453217,2.000472595106442,-0.7492837462869024,1.4978482885301205
67,0.05833533376229961,0.0018992431652959897,2.000430525562896,-0.7493553716582122,1.4980398299217863
68,0.058334989332991756,0.0017277860927880095,2.0003922009718895,-0.749419834492391,1.4982143206514629
69,0.058334704280383086,0.001571853828966008,2.0003572879648845,-0.7494778510431519,1.4983732785377222
70,0.058334468354608295,0.0014300357137000442,2.000325482849118,-0.7495300659388368,1.4985180862857057
71,0.05833427307777065,0.0013010497913853716,2.0002965089659455,-0.7495770593449531,1.4986500035146793
72,0.058334111437123415,0.00118373101303801,2.0002701142843287,-0.7496193534104578,1.498770177714914
73,0.05833397763146848,0.001077020525627656,2.0002460692085458,-0.749657418069412,1.4988796542292062
74,0.05833386686152395,0.000979955947858222,2.000224164581046,-0.7496916762624708,1.4989793853458584
75,0.05833377515662414,0.0008916625410134489,2.0002042098630883,-0.7497225086362237,1.4990702385822203
76,0.05833369923144451,0.0008113451919997351,2.0001860314773325,-0.7497502577726013,1.4991530042308439
77,0.058333636367538126,0.0007382811334456038,2.0001694712979683,-0.7497752319953411,1.4992284022338929
78,0.05833358431538297,0.0006718133327070502,2.0001543852752506,-0.749797708795807,1.4992970884456052
79,0.05833354121337967,0.0006113444879721787,2.0001406421824743,-0.7498179379162263,1.499359660337282
80,0.05833350552086347,0.0005563315754048814,2.0001281224744933,-0.7498361441246036,1.4994166621944303
81,0.05833347596270124,0.0005062808964739333,2.000116717247849,-0.7498525297121433,1.4994685898512625
82,0.058333451483466255,0.0004607435793370966,2.000106327293467,-0.749867276740929,1.499515895003744
83,0.058333431209533604,0.0004193114924297711,2.000096862233682,-0.7498805490668361,1.4995589891386962
84,0.05833341441772358,0.00038161353228786227,2.000088239736081,-0.7498924941601525,1.4995982471131426
85,0.05833340050936173,0.0003473122511519953,2.0000803847973314,-0.7499032447441373,1.4996340104150243
86,0.05833338898881638,0.00031610079309363784,2.0000732290907584,-0.7499129202697236,1.4996665901336552
87,0.058333379445742385,0.00028770011029173305,2.000066710372002,-0.7499216282427512,1.4996962696657519
88,0.05833337154038737,0.0002618564337168021,2.0000607719375805,-0.749929465418476,1.4997233071805767
89,0.05833336499143327,0.00023833897485444277,2.000055362131651,-0.7499365188766285,1.49974793786564
90,0.0583333595659353,0.0002169378372620447,2.0000504338966794,-0.7499428669889656,1.4997703759724934
91,0.058333355070993825,0.0001974621187077932,2.000045944364106,-0.7499485802900691,1.4997908166804101
92,0.05833335134686343,0.0001797381864169704,2.000041854481452,-0.7499537222610622,1.4998094377941638
93,0.05833334826124805,0.0001636081095607246,2.0000381286726174,-0.7499583500349559,1.4998264012906748
94,0.058333345704579376,0.00014892823459055352,2.0000347345284215,-0.7499625150314604,1.4998418547279764
95,0.058333343586108484,0.00013556789033234137,2.0000316425246893,-0.7499662635283144,1.4998559325287577
96,0.05833334183066984,0.00012340821097849851,2.0000288257654333,-0.7499696371754829,1.4998687571496474
97,0.058333340376002886,0.00011234106618832949,2.000026259748897,-0.7499726734579346,1.499880440146411
98,0.05833333917053412,0.00010226808851129289,2.000023922154426,-0.7499754061121412,1.499891083144325
99,0.05833333817154105,9.30997892412784e-05,2.000021792648308,-0.749977865500927,1.4999007787221712
100,0.058333337343631574,8.475475462613699e-05,2.000019852706902,-0.7499800789508343,1.4999096112175387
101,0.058333336657485114,7.715891510048066e-05,2.000018085455506,-0.7499820710557509,1.4999176574604398
102,0.05833333608881028,7.02448808800866e-05,2.0000164755215737,-0.7499838639501758,1.4999249874416205
103,0.058333335617481274,6.39513378662256e-05,2.0000150089009945,-0.7499854775551582,1.4999316649213799
104,0.0583333352268229,5.8222498365242424e-05,2.0000136728362774,-0.7499869297996424,1.4999377479841922
105,0.05833333490301871,5.300760162822794e-05,2.00001245570558,-0.7499882368196782,1.499943289543959
106,0.05833333463462025,4.826045967651682e-05,2.0000113469216148,-0.7499894131377104,1.4999483378042842
107,0.058333334412141134,4.3939044290737995e-05,2.000010336839556,-0.7499904718239394,1.499952936677775
108,0.058333334227720086,4.000511141717879e-05,2.0000094166731412,-0.7499914246415454,1.4999571261680198
109,0.05833333407484284,3.642385959276538e-05,2.0000085784182455,-0.7499922821773909,1.4999609427175606
110,0.05833333394811077,3.316361929198814e-05,2.0000078147832565,-0.7499930539596518,1.4999644195248922
111,0.05833333384304993,3.019557039026528e-05,2.000007119125647,-0.7499937485636866,1.4999675868332403
112,0.058333333755952434,2.7493485189543394e-05,2.000006485394197,-0.749994373707318,1.4999704721936338
113,0.058333333683745,2.5033494682144154e-05,2.0000059080763526,-0.7499949363365862,1.4999731007045605
114,0.05833333362388073,2.279387594933106e-05,2.0000053821502797,-0.7499954427029276,1.4999754952302868
115,0.05833333357424863,2.0754858774351017e-05,2.0000049030411766,-0.7499958984326349,1.4999776765997441
116,0.058333333533098754,1.8898449727918688e-05,2.0000044665814833,-0.7499963085893714,1.499979663787711
117,0.058333333498980754,1.720827214262667e-05,2.000004068974628,-0.7499966777304342,1.4999814740798658
118,0.05833333347069233,1.5669420539315477e-05,2.0000037067620022,-0.7499970099573908,1.4999831232231478
119,0.05833333344723699,1.4268328189539524e-05,2.0000033767928773,-0.7499973089616517,1.499984625562733
120,0.058333333427788604,1.2992646635281952e-05,2.0000030761969962,-0.7499975780654866,1.4999859941668157
121,0.0583333334116623,1.1831136071700473e-05,2.0000028023596066,-0.7499978202589379,1.4999872409402843
122,0.05833333339829036,1.0773565621691474e-05,2.000002552898717,-0.7499980382330441,1.4999883767282756
123,0.05833333338720212,9.810622597457406e-06,2.000002325644376,-0.7499982344097397,1.4999894114105121
124,0.058333333378007335,8.933829944220562e-06,2.0000021186197983,-0.7499984109687657,1.4999903539872421
125,0.05833333337038272,8.135471121944324e-06,2.0000019300241667,-0.7499985698718892,1.499991212657528
126,0.058333333364059714,7.408521755374016e-06,2.0000017582169707,-0.7499987128847002,1.499991994890567
127,0.058333333358816415,6.746587438555596e-06,2.000001601703735,-0.7499988415962302,1.4999927074906616
128,0.05833333335446813,6.1438471420468744e-06,2.0000014591230193,-0.7499989574366072,1.4999933566564088
129,0.05833333335086197,5.595001712762187e-06,2.000001329234576,-0.7499990616929465,1.499993948034617
130,0.05833333334787136,5.095227009524426e-06,2.0000012109085628,-0.7499991555236518,1.4999944867694264
131,0.058333333345391265,4.640131255358197e-06,2.0000011031157134,-0.7499992399712867,1.4999949775470556
132,0.05833333334333426,4.2257162262642195e-06,2.000001004918385,-0.749999315974158,1.4999954246365643
133,0.05833333334162836,3.848341930026344e-06,2.0000009154624014,-0.7499993843767423,1.4999958319269886
134,0.05833333334021346,3.504694462096641e-06,2.000000833969625,-0.7499994459390681,1.4999962029611698
135,0.05833333333904001,3.1917567495850395e-06,2.000000759731185,-0.7499995013451612,1.4999965409665716
136,0.05833333333806683,2.9067819257168095e-06,2.0000006921013145,-0.7499995512106451,1.4999968488833553
137,0.05833333333725956,2.6472690963996447e-06,2.0000006304917304,-0.7499995960895806,1.499997129389954
138,0.05833333333659004,2.4109412841446664e-06,2.000000574366518,-0.7499996364806225,1.4999973849263721
139,0.058333333336034715,2.195725352181464e-06,2.0000005232374685,-0.7499996728325602,1.499997617715409
140,0.058333333335574104,1.9997337329138245e-06,2.000000476659833,-0.7499997055493042,1.4999978297819947
141,0.058333333335192104,1.8212477953679304e-06,2.0000004342284528,-0.7499997349943738,1.4999980229708036
142,0.0583333333348752,1.6587027069684134e-06,2.000000395574236,-0.7499997614949364,1.4999981989623006
143,0.05833333333461232,1.5106736526607659e-06,2.0000003603609464,-0.7499997853454428,1.4999983592873587
144,0.05833333333439433,1.3758632919408537e-06,2.0000003282822787,-0.7499998068108985,1.4999985053405755
145,0.05833333333421343,1.2530903407454115e-06,2.000000299059195,-0.7499998261298086,1.499998638392404
146,0.058333333334063424,1.1412791762479916e-06,2.0000002724374966,-0.7499998435168278,1.4999987596002038
147,0.05833333333393901,1.039450376654526e-06,2.0000002481856125,-0.749999859165145,1.4999988700183087
148,0.058333333333835745,9.467121072821093e-07,2.0000002260925864,-0.7499998732486305,1.4999989706071972
149,0.058333333333750154,8.622522786233666e-07,2.000000205966241,-0.7499998859237674,1.4999990622418482
150,0.05833333333367912,7.853314094451342e-07,2.0000001876315054,-0.7499998973313907,1.4999991457193513
151,0.05833333333362018,7.152761275709607e-07,2.0000001709288946,-0.7499999075982516,1.4999992217658409
152,0.05833333333357132,6.514732537515152e-07,2.0000001557131193,-0.7499999168384265,1.4999992910428122
153,0.058333333333530656,5.933644163109723e-07,2.000000141851824,-0.7499999251545838,1.4999993541528749
154,0.05833333333349711,5.404411467127561e-07,2.000000129224436,-0.7499999326391255,1.4999994116449962
155,0.05833333333346923,4.922404163630807e-07,2.0000001177211146,-0.7499999393752129,1.4999994640192746
156,0.058333333333446036,4.48340571037478e-07,2.000000107241798,-0.7499999454376917,1.4999995117312914
157,0.058333333333426864,4.083576315861997e-07,2.000000097695331,-0.7499999508939225,1.4999995551960723
158,0.05833333333341095,3.719419233758813e-07,2.0000000889986724,-0.7499999558045302,1.4999995947916986
159,0.05833333333339775,3.3877501059692744e-07,2.0000000810761747,-0.7499999602240771,1.4999996308625951
160,0.05833333333338669,3.085669016489924e-07,2.000000073858923,-0.7499999642016694,1.4999996637225268
161,0.05833333333337764,2.8105350679237196e-07,2.000000067284138,-0.7499999677815025,1.4999996936573279
162,0.058333333333370076,2.5599432263908076e-07,2.0000000612946276,-0.7499999710033523,1.4999997209273883
163,0.05833333333336387,2.3317032472421838e-07,2.0000000558382927,-0.749999973903017,1.4999997457699181
164,0.058333333333358585,2.123820466487721e-07,2.000000050867671,-0.7499999765127153,1.4999997684010118
165,0.058333333333354304,1.9344783298661847e-07,2.0000000463395247,-0.7499999788614438,1.4999997890175272
166,0.058333333333350695,1.7620224793944723e-07,2.0000000422144657,-0.7499999809752994,1.4999998077987982
167,0.05833333333334778,1.6049462487588453e-07,2.0000000384566117,-0.7499999828777695,1.4999998249081952
168,0.05833333333334531,1.4618774835100315e-07,2.000000035033275,-0.7499999845899925,1.4999998404945452
169,0.05833333333334331,1.3315665146449382e-07,2.000000031914677,-0.7499999861309933,1.499999854693427
170,0.05833333333334157,1.212875226836254e-07,2.0000000290736915,-0.749999987517894,1.4999998676283504
171,0.05833333333334017,1.1047670783139604e-07,2.000000026485605,-0.7499999887661046,1.4999998794118308
172,0.05833333333333898,1.0062980490870044e-07,2.000000024127905,-0.7499999898894942,1.4999998901463674
173,0.05833333333333803,9.166083611011278e-08,2.0000000219800835,-0.7499999909005448,1.4999998999253354
174,0.05833333333333715,8.349149616734843e-08,2.000000020023457,-0.7499999918104904,1.4999999088337979
175,0.05833333333333654,7.605046799622432e-08,2.000000018241006,-0.7499999926294414,1.4999999169492453
176,0.05833333333333598,6.927279775379444e-08,2.0000000166172254,-0.7499999933664973,1.4999999243422704
177,0.05833333333333557,6.309932654501814e-08,2.0000000151379904,-0.7499999940298475,1.499999931077182
178,0.05833333333333524,5.747617462596063e-08,2.000000013790434,-0.7499999946268627,1.4999999372125643
179,0.05833333333333487,5.2354268100492445e-08,2.000000012562835,-0.7499999951641765,1.4999999428017863
180,0.0583333333333346,4.768891169885882e-08,2.0000000114445147,-0.7499999956477589,1.4999999478934658
181,0.05833333333333434,4.343939680909488e-08,2.000000010425745,-0.749999996082983,1.4999999525318934
182,0.0583333333333342,3.9568645877158605e-08,2.0000000094976644,-0.7499999964746846,1.499999956757417
183,0.05833333333333402,3.6042889368107775e-08,2.0000000086522,-0.7499999968272162,1.499999960606792
184,0.05833333333333387,3.283136906869892e-08,2.000000007881997,-0.7499999971444946,1.4999999641135027
185,0.05833333333333382,2.9906069810357654e-08,2.000000007180356,-0.7499999974300452,1.4999999673080526
186,0.05833333333333371,2.7241475757084376e-08,2.000000006541174,-0.7499999976870407,1.4999999702182296
187,0.05833333333333365,2.4814345920774333e-08,2.0000000059588907,-0.7499999979183367,1.499999972869348
188,0.05833333333333362,2.2603512486551314e-08,2.0000000054284413,-0.7499999981265031,1.4999999752844686
189,0.0583333333333336,2.058969416265726e-08,2.0000000049452114,-0.7499999983138528,1.4999999774845998
190,0.05833333333333359,1.8755330261204266e-08,2.0000000045049977,-0.7499999984824675,1.4999999794888792
191,0.058333333333333515,1.7084425016305536e-08,2.000000004103971,-0.7499999986342207,1.4999999813147413
192,0.05833333333333341,1.5562409128512592e-08,2.000000003738643,-0.7499999987707987,1.4999999829780686
193,0.05833333333333351,1.4176012281819774e-08,2.000000003405836,-0.7499999988937188,1.4999999844933296
194,0.058333333333333404,1.2913147511789248e-08,2.000000003102655,-0.7499999990043469,1.4999999858737048
195,0.05833333333333337,1.1762804810679919e-08,2.000000002826462,-0.7499999991039122,1.4999999871312015
196,0.05833333333333335,1.0714956470724559e-08,2.000000002574856,-0.749999999193521,1.4999999882767583
197,0.05833333333333331,9.760468045893017e-09,2.000000002345647,-0.7499999992741689,1.4999999893203397
198,0.05833333333333335,8.89102004974281e-09,2.000000002136842,-0.7499999993467521,1.4999999902710235
199,0.05833333333333337,8.0990337716882e-09,2.000000001946624,-0.749999999412077,1.4999999911370792
200,0.05833333333333333,7.3776068678991565e-09,2.0000000017733393,-0.7499999994708693,1.49999999192604
201,0.05833333333333333,6.720451615239974e-09,2.0000000016154797,-0.7499999995237824,1.4999999926447691
202,0.05833333333333334,6.121840988268596e-09,2.0000000014716726,-0.7499999995714042,1.4999999932995183
203,0.058333333333333355,5.57655830329924e-09,2.000000001340667,-0.7499999996142638,1.499999993895983
204,0.05833333333333335,5.079852022674172e-09,2.0000000012213235,-0.7499999996528374,1.4999999944393514
205,0.05833333333333335,4.627393930715369e-09,2.0000000011126033,-0.7499999996875536,1.49999999493435
206,0.0583333333333333,4.215241478403808e-09,2.0000000010135612,-0.7499999997187983,1.499999995385285
207,0.05833333333333332,3.8398038020235934e-09,2.000000000923336,-0.7499999997469184,1.4999999957960783
208,0.05833333333333337,3.497809487464235e-09,2.0000000008411423,-0.7499999997722266,1.4999999961703037
209,0.05833333333333334,3.186278738292159e-09,2.0000000007662653,-0.749999999795004,1.4999999965112163
210,0.05833333333333337,2.902498078709511e-09,2.0000000006980536,-0.7499999998155036,1.4999999968217814
211,0.05833333333333331,2.6439950040897733e-09,2.0000000006359144,-0.7499999998339533,1.4999999971047007
212,0.05833333333333333,2.408517527396273e-09,2.0000000005793064,-0.749999999850558,1.499999997362435
213,0.05833333333333329,2.1940146128677905e-09,2.0000000005277374,-0.7499999998655023,1.499999997597226
214,0.058333333333333355,1.998617640367326e-09,2.0000000004807594,-0.749999999878952,1.4999999978111165
215,0.05833333333333329,1.82062434294371e-09,2.000000000437963,-0.7499999998910568,1.4999999980059668
216,0.05833333333333329,1.6584846387498843e-09,2.0000000003989764,-0.7499999999019511,1.499999998183472
217,0.05833333333333333,1.5107859858795005e-09,2.0000000003634604,-0.749999999911756,1.499999998345176
218,0.058333333333333376,1.3762425100074872e-09,2.000000000331106,-0.7499999999205804,1.4999999984924852
219,0.058333333333333355,1.253681772546421e-09,2.000000000301631,-0.7499999999285224,1.4999999986266814
220,0.05833333333333332,1.142037051712145e-09,2.0000000002747806,-0.7499999999356701,1.4999999987489316
221,0.05833333333333332,1.0403354573816694e-09,2.00000000025032,-0.7499999999421031,1.4999999988602994
222,0.05833333333333335,9.47691567366168e-10,2.000000000228037,-0.7499999999478928,1.4999999989617534
223,0.05833333333333331,8.632986612113227e-10,2.000000000207738,-0.7499999999531035,1.4999999990541761
224,0.05833333333333332,7.864215163117653e-10,2.0000000001892455,-0.7499999999577932,1.4999999991383717
225,0.058333333333333355,7.16390948153228e-10,2.0000000001723994,-0.7499999999620139,1.4999999992150723
226,0.05833333333333332,6.525971736362304e-10,2.0000000001570526,-0.7499999999658126,1.499999999284945
227,0.05833333333333327,5.944848052113399e-10,2.000000000143072,-0.7499999999692313,1.499999999348598
228,0.05833333333333335,5.415475924986791e-10,2.000000000130336,-0.7499999999723082,1.4999999994065845
229,0.05833333333333333,4.93324462751462e-10,2.000000000118734,-0.7499999999750774,1.4999999994594093
230,0.05833333333333334,4.493958511109656e-10,2.0000000001081646,-0.7499999999775696,1.4999999995075317
231,0.05833333333333337,4.093792958235061e-10,2.000000000098536,-0.7499999999798127,1.4999999995513702
232,0.05833333333333333,3.7292617206211026e-10,2.000000000089764,-0.7499999999818314,1.4999999995913065
233,0.05833333333333337,3.3971940605582856e-10,2.0000000000817737,-0.7499999999836483,1.4999999996276876
234,0.05833333333333334,3.0946956088166056e-10,2.000000000074494,-0.7499999999852834,1.4999999996608302
235,0.05833333333333337,2.8191349955191765e-10,2.000000000067863,-0.7499999999867552,1.4999999996910225
236,0.058333333333333265,2.568112641520157e-10,2.000000000061822,-0.7499999999880796,1.4999999997185272
237,0.05833333333333333,2.3394443502133085e-10,2.000000000056319,-0.7499999999892717,1.4999999997435833
238,0.05833333333333333,2.1311373024643755e-10,2.0000000000513056,-0.7499999999903445,1.499999999766409
239,0.0583333333333333,1.9413794476696255e-10,2.0000000000467386,-0.7499999999913101,1.4999999997872029
240,0.058333333333333355,1.7685192566239252e-10,2.000000000042578,-0.749999999992179,1.4999999998061457
241,0.0583333333333333,1.611049398924066e-10,2.0000000000387876,-0.7499999999929612,1.4999999998234024
242,0.05833333333333331,1.4676048420470741e-10,2.000000000035335,-0.7499999999936651,1.4999999998391227
243,0.058333333333333355,1.3369318680059337e-10,2.0000000000321894,-0.7499999999942986,1.4999999998534437
244,0.0583333333333333,1.2178929651588433e-10,2.0000000000293237,-0.7499999999948687,1.49999999986649
245,0.05833333333333332,1.1094540029243265e-10,2.0000000000267133,-0.7499999999953818,1.4999999998783748
246,0.05833333333333331,1.010670056945824e-10,2.000000000024335,-0.7499999999958437,1.4999999998892017
247,0.05833333333333327,9.206840628616076e-11,2.000000000022169,-0.7499999999962593,1.4999999998990647
248,0.058333333333333376,8.387101620591e-11,2.0000000000201954,-0.7499999999966334,1.4999999999080498
249,0.05833333333333335,7.640347182239359e-11,2.0000000000183977,-0.74999999999697,1.499999999916235
250,0.05833333333333335,6.960091480098106e-11,2.00000000001676,-0.749999999997273,1.4999999999236917
251,0.05833333333333327,6.340404383235214e-11,2.0000000000152682,-0.7499999999975456,1.4999999999304845
252,0.0583333333333333,5.7758731299277694e-11,2.000000000013909,-0.7499999999977911,1.4999999999366727
253,0.05833333333333331,5.261627992143185e-11,2.0000000000126708,-0.749999999998012,1.49999999994231
254,0.05833333333333334,4.7931736246906204e-11,2.0000000000115428,-0.7499999999982109,1.4999999999474454
255,0.05833333333333332,4.3664223399370544e-11,2.000000000010515,-0.7499999999983898,1.4999999999521236
256,0.058333333333333286,3.977654783056439e-11,2.000000000009579,-0.7499999999985508,1.4999999999563856
257,0.05833333333333331,3.623525390149251e-11,2.0000000000087264,-0.7499999999986957,1.499999999960268
258,0.05833333333333335,3.300903780282388e-11,2.0000000000079496,-0.7499999999988262,1.499999999963805
259,0.05833333333333332,3.007016583221484e-11,2.000000000007242,-0.7499999999989435,1.499999999967027
260,0.05833333333333335,2.739302322145279e-11,2.0000000000065974,-0.7499999999990492,1.4999999999699622
261,0.05833333333333335,2.4954245871347928e-11,2.0000000000060103,-0.7499999999991442,1.4999999999726361
262,0.05833333333333333,2.273248129079164e-11,2.000000000005475,-0.7499999999992298,1.499999999975072
263,0.05833333333333331,2.0708568750090035e-11,2.0000000000049876,-0.7499999999993069,1.499999999977291
264,0.05833333333333331,1.8864875920273015e-11,2.0000000000045435,-0.7499999999993762,1.4999999999793125
265,0.05833333333333333,1.7185119420260097e-11,2.000000000004139,-0.7499999999994386,1.4999999999811542
266,0.05833333333333332,1.565534463523019e-11,2.0000000000037703,-0.7499999999994947,1.4999999999828317
267,0.05833333333333329,1.4261594256436325e-11,2.000000000003435,-0.7499999999995453,1.49999999998436
268,0.05833333333333331,1.2991875754135697e-11,2.0000000000031295,-0.7499999999995908,1.4999999999857523
269,0.05833333333333331,1.1835163069204086e-11,2.000000000002851,-0.7499999999996317,1.4999999999870206
270,0.05833333333333332,1.0781713962220407e-11,2.000000000002597,-0.7499999999996686,1.499999999988176
271,0.05833333333333338,9.82177264841208e-12,2.0000000000023657,-0.7499999999997017,1.4999999999892284
272,0.058333333333333286,8.947398304844157e-12,2.000000000002155,-0.7499999999997315,1.4999999999901872
273,0.058333333333333355,8.150874683858544e-12,2.0000000000019633,-0.7499999999997584,1.4999999999910607
274,0.058333333333333376,7.425199193645241e-12,2.0000000000017883,-0.7499999999997826,1.4999999999918565
275,0.05833333333333327,6.7641339518579345e-12,2.0000000000016294,-0.7499999999998044,1.4999999999925815
276,0.05833333333333334,6.161895392849463e-12,2.000000000001484,-0.7499999999998239,1.4999999999932419
277,0.058333333333333355,5.613429587281176e-12,2.0000000000013523,-0.7499999999998415,1.4999999999938434
278,0.05833333333333331,5.113701362061719e-12,2.000000000001232,-0.7499999999998573,1.4999999999943914
279,0.058333333333333376,4.658357665619404e-12,2.000000000001122,-0.7499999999998717,1.4999999999948908
280,0.05833333333333332,4.24373300729996e-12,2.0000000000010223,-0.7499999999998845,1.4999999999953455
281,0.05833333333333333,3.865909151046356e-12,2.0000000000009313,-0.7499999999998961,1.4999999999957598
282,0.05833333333333337,3.5216724544426623e-12,2.000000000000848,-0.7499999999999065,1.4999999999961373
283,0.05833333333333335,3.20814093505279e-12,2.0000000000007727,-0.7499999999999158,1.4999999999964813
284,0.05833333333333334,2.922359210008012e-12,2.000000000000704,-0.7499999999999243,1.4999999999967946
285,0.05833333333333334,2.662322250617403e-12,2.0000000000006413,-0.7499999999999318,1.49999999999708
286,0.05833333333333332,2.425255499831386e-12,2.0000000000005844,-0.7499999999999387,1.49999999999734
287,0.05833333333333334,2.20947652541306e-12,2.0000000000005325,-0.7499999999999448,1.4999999999975766
288,0.05833333333333332,2.012749382098278e-12,2.000000000000485,-0.7499999999999504,1.4999999999977924
289,0.05833333333333331,1.833411885041423e-12,2.000000000000442,-0.7499999999999554,1.499999999997989
290,0.058333333333333355,1.6703306927732326e-12,2.0000000000004023,-0.7499999999999598,1.499999999998168
291,0.058333333333333355,1.5215001475040225e-12,2.0000000000003664,-0.7499999999999638,1.4999999999983311
292,0.05833333333333332,1.3860271180718131e-12,2.000000000000334,-0.7499999999999675,1.4999999999984797
293,0.05833333333333332,1.2628583563551541e-12,2.000000000000304,-0.7499999999999707,1.4999999999986149
294,0.05833333333333335,1.1504529479260848e-12,2.000000000000277,-0.7499999999999736,1.4999999999987381
295,0.0583333333333333,1.0478898524563306e-12,2.0000000000002522,-0.7499999999999762,1.4999999999988505
296,0.05833333333333333,9.54668883086852e-13,2.00000000000023,-0.7499999999999787,1.4999999999989528
297,0.058333333333333286,8.69627093224318e-13,2.0000000000002096,-0.7499999999999808,1.499999999999046
298,0.058333333333333376,7.922471578660468e-13,2.000000000000191,-0.7499999999999827,1.499999999999131
299,0.058333333333333286,7.219128710361035e-13,2.000000000000174,-0.7499999999999845,1.4999999999992082
300,0.05833333333333337,6.576448330814683e-13,2.0000000000001585,-0.749999999999986,1.4999999999992786
