node,index,epsilon,vjp,finite_difference,absolute_error
X,"0,0",0.1,0.0205754758685084,0.020678155496694356,0.000102679628185956
X,"0,1",0.1,-0.041666666666666664,-0.04165798828070125,8.678385965417423e-06
X,"0,2",0.1,0.15184768102239823,0.15173367640889626,0.00011400461350197233
X,"1,0",0.1,0.10244970226367862,0.10231826147277731,0.00013144079090131322
X,"1,1",0.1,-0.03081984311402679,-0.03081999576158803,1.5264756124053203e-07
X,"1,2",0.1,0.05994506124847651,0.06015587155546037,0.00021081030698386072
w,0,0.1,-0.0411509517370168,-0.04196742776588533,0.0008164760288685291
w,1,0.1,0.2066127057894405,0.20655083680486205,6.186898457843926e-05
w,2,0.1,0.16250020053087996,0.16216628309762685,0.00033391743325311696
b,scalar,0.1,0.8183867184149809,0.8178365169631991,0.0005502014517817511
X,"0,0",0.01,0.0205754758685084,0.020576504721281363,1.0288527729634955e-06
X,"0,1",0.01,-0.041666666666666664,-0.04166657986132832,8.680533834098947e-08
X,"0,2",0.01,0.15184768102239823,0.1518465463774335,1.134644964734255e-06
X,"1,0",0.01,0.10244970226367862,0.10244838590530575,1.316358372874249e-06
X,"1,1",0.01,-0.03081984311402679,-0.03081984466405674,1.550029948144127e-09
X,"1,2",0.01,0.05994506124847651,0.05994718277064076,2.1215221642501003e-06
w,0,0.01,-0.0411509517370168,-0.04115918206006597,8.230323049168708e-06
w,1,0.01,0.2066127057894405,0.20661211032527577,5.954641647265557e-07
w,2,0.01,0.16250020053087996,0.16249688227956,3.3182513199669916e-06
b,scalar,0.01,0.8183867184149809,0.8183813008972168,5.417517764061408e-06
X,"0,0",0.001,0.0205754758685084,0.020575486157248246,1.028873984620926e-08
X,"0,1",0.001,-0.041666666666666664,-0.04166666579862033,8.680463361998569e-10
X,"0,2",0.001,0.15184768102239823,0.1518476696765192,1.134587904183526e-08
X,"1,0",0.001,0.10244970226367862,0.10244968909992047,1.3163758152967553e-08
X,"1,1",0.001,-0.03081984311402679,-0.030819843129525903,1.549911241016666e-11
X,"1,2",0.001,0.05994506124847651,0.05994508246504049,2.1216563977910496e-08
w,0,0.001,-0.0411509517370168,-0.041151034046824075,8.230980727552684e-08
w,1,0.001,0.2066127057894405,0.20661269983715536,5.952285137000857e-09
w,2,0.001,0.16250020053087996,0.16250016735050443,3.31803755304616e-08
b,scalar,0.001,0.8183867184149809,0.8183866642483273,5.4166653606912973e-08
X,"0,0",0.0001,0.0205754758685084,0.020575475971340573,1.0283217333206807e-10
X,"0,1",0.0001,-0.041666666666666664,-0.04166666665805785,8.608815049715446e-12
X,"0,2",0.0001,0.15184768102239823,0.15184768090883982,1.1355841267324251e-10
X,"1,0",0.0001,0.10244970226367862,0.10244970213194038,1.3173824531254041e-10
X,"1,1",0.0001,-0.03081984311402679,-0.030819843114260337,2.3354582157075754e-13
X,"1,2",0.0001,0.05994506124847651,0.0599450614607866,2.123100861783911e-10
w,0,0.0001,-0.0411509517370168,-0.041150952560103926,8.230871262338013e-10
w,1,0.0001,0.2066127057894405,0.20661270572985835,5.958214477352897e-11
w,2,0.0001,0.16250020053087996,0.1625002001988396,3.3204036742340293e-10
b,scalar,0.0001,0.8183867184149809,0.8183867178732096,5.417712944932873e-10
X,"0,0",1e-05,0.0205754758685084,0.0205754758689225,4.140993103973756e-13
X,"0,1",1e-05,-0.041666666666666664,-0.041666666666939634,2.7296914728580646e-13
X,"0,2",1e-05,0.15184768102239823,0.15184768102083357,1.5646650641798487e-12
X,"1,0",1e-05,0.10244970226367862,0.10244970226197524,1.703387431106762e-12
X,"1,1",1e-05,-0.03081984311402679,-0.030819843112317443,1.7093479409702184e-12
X,"1,2",1e-05,0.05994506124847651,0.05994506125095444,2.4779275853425986e-12
w,0,1e-05,-0.0411509517370168,-0.04115095174617167,9.154871305483425e-12
w,1,1e-05,0.2066127057894405,0.20661270578870014,7.403522239712856e-13
w,2,1e-05,0.16250020053087996,0.1625002005276044,3.2755742562784462e-12
b,scalar,1e-05,0.8183867184149809,0.8183867184097248,5.256128865482879e-12
X,"0,0",1e-06,0.0205754758685084,0.020575475864759163,3.7492370319469615e-12
X,"0,1",1e-06,-0.041666666666666664,-0.04166666667249075,5.824084270411589e-12
X,"0,2",1e-06,0.15184768102239823,0.1518476809986291,2.376912555668298e-11
X,"1,0",1e-06,0.10244970226367862,0.10244970226336303,3.1559477253750856e-13
X,"1,1",1e-06,-0.03081984311402679,-0.03081984310815411,5.8726808138676034e-12
X,"1,2",1e-06,0.05994506124847651,0.05994506124817889,2.9762303732638884e-13
w,0,1e-06,-0.0411509517370168,-0.04115095171564054,2.137626187170838e-11
w,1,1e-06,0.2066127057894405,0.20661270577759794,1.1842554714647235e-11
w,2,1e-06,0.16250020053087996,0.1625002005456455,1.4765549893880348e-11
b,scalar,1e-06,0.8183867184149809,0.8183867183930715,2.1909363212557764e-11
X,"0,0",1e-07,0.0205754758685084,0.020575475767614648,1.0089375168664816e-10
X,"0,1",1e-07,-0.041666666666666664,-0.041666666505957295,1.607093694233619e-10
X,"0,2",1e-07,0.15184768102239823,0.15184768109577362,7.337538909801822e-11
X,"1,0",1e-07,0.10244970226367862,0.10244970233275197,6.907334426653478e-11
X,"1,1",1e-07,-0.03081984311402679,-0.030819843205298625,9.12718338408336e-11
X,"1,2",1e-07,0.05994506124847651,0.059945061137156586,1.1131992549984204e-10
w,0,1e-07,-0.0411509517370168,-0.041150951674007175,6.300962529515175e-11
w,1,1e-07,0.2066127057894405,0.2066127058331091,4.366859651661059e-11
w,2,1e-07,0.16250020053087996,0.16250020037911206,1.5176790379989313e-10
b,scalar,1e-07,0.8183867184149809,0.8183867185318494,1.168685148655868e-10
X,"0,0",1e-08,0.0205754758685084,0.020575477432949185,1.5644407852510867e-09
X,"0,1",1e-08,-0.041666666666666664,-0.04166666595084578,7.158208817359402e-10
X,"0,2",1e-08,0.15184768102239823,0.15184768303866392,2.016265682192042e-09
X,"1,0",1e-08,0.10244970226367862,0.1024497015000847,7.635939242023326e-10
X,"1,1",1e-08,-0.03081984311402679,-0.030819842511409234,6.026175565498892e-10
X,"1,2",1e-08,0.05994506124847651,0.05994506141471234,1.662358306564471e-10
w,0,1e-08,-0.0411509517370168,-0.04115095209034081,3.5332400893928195e-10
w,1,1e-08,0.2066127057894405,0.20661270749844363,1.7090031334543454e-09
w,2,1e-08,0.16250020053087996,0.1625001994076669,1.1232130503469051e-09
b,scalar,1e-08,0.8183867184149809,0.8183867195032946,1.0883136614125988e-09
X,"0,0",1e-09,0.0205754758685084,0.02057548575962187,9.89111346993976e-09
X,"0,1",1e-09,-0.041666666666666664,-0.041666670114182125,3.447515460608397e-09
X,"0,2",1e-09,0.15184768102239823,0.15184765944642464,2.1575973591092534e-08
X,"1,0",1e-09,0.10244970226367862,0.10244968762229689,1.464138173201679e-08
X,"1,1",1e-09,-0.03081984311402679,-0.030819846674745573,3.560718782325001e-09
X,"1,2",1e-09,0.05994506124847651,0.059945062802491116,1.5540146044989989e-09
w,0,1e-09,-0.0411509517370168,-0.041150943763668124,7.973348675749392e-09
w,1,1e-09,0.2066127057894405,0.20661271304955875,7.260118256580128e-09
w,2,1e-09,0.16250020053087996,0.16250016610097617,3.44299037891016e-08
b,scalar,1e-09,0.8183867184149809,0.8183866917477189,2.6667261954216315e-08
