x_dimensionless,truth,last_noisy_replicate
5.000000000000000104e-03,6.590933313034003441e-03,1.205115056508993671e-02
6.956521739130435041e-03,9.165064348505161038e-03,4.796347180386341565e-03
8.913043478260870844e-03,1.173642688498464925e-02,3.356510507825331835e-02
1.086956521739130405e-02,1.430502390001578243e-02,2.501879644430296187e-02
1.282608695652174072e-02,1.687085836793951812e-02,-1.075900066251756285e-02
1.478260869565217392e-02,1.943393325989786063e-02,-2.475324553835461100e-03
1.673913043478261059e-02,2.199425154383735648e-02,2.145662200580773088e-02
1.869565217391304379e-02,2.455181618451247882e-02,2.381199407824012917e-02
2.065217391304348046e-02,2.710663014348909175e-02,2.630697604457015240e-02
2.260869565217391366e-02,2.965869637914785722e-02,3.679880421435056947e-02
2.456521739130435034e-02,3.220801784668771151e-02,2.231270673173565977e-02
2.652173913043478701e-02,3.475459749812920968e-02,4.554816487049008489e-02
2.847826086956522021e-02,3.729843828231799857e-02,4.120448345603012347e-02
3.043478260869565341e-02,3.983954314492822724e-02,4.055935479388290965e-02
3.239130434782609008e-02,4.237791502846594005e-02,4.717490562420280364e-02
3.434782608695652328e-02,4.491355687227247678e-02,4.868602614409432011e-02
3.630434782608695649e-02,4.744647161252792816e-02,5.368113134401665543e-02
3.826086956521738969e-02,4.997666218225446655e-02,6.047087423010374940e-02
4.021739130434782289e-02,5.250413151131978762e-02,4.542422846920412399e-02
4.217391304347826303e-02,5.502888252644051043e-02,4.477203759001330274e-02
4.413043478260869623e-02,5.755091815118549420e-02,6.363608292230472918e-02
4.608695652173912943e-02,6.007024130597930778e-02,6.211843037179953092e-02
4.804347826086956957e-02,6.258685490810561580e-02,7.978667140033901539e-02
5.000000000000000278e-02,6.510076187171043305e-02,7.490466945429372081e-02
