width,seed,last_second_over_input
8,40,0.02678834963052017
8,41,0.8606810620531575
8,42,0.0008228678665950025
8,43,0.00144046514651344
8,44,0.00012906727047659624
8,45,0.09586676651470051
8,46,0.3022334300234075
8,47,0.00027788298150243425
8,48,0.016014973180025746
8,49,0.11905791779761392
8,50,0.039963889409306154
8,51,0.23267957369491876
8,52,1.7998057504204974
8,53,0.1281878110699086
8,54,0.00646120566935796
8,55,0.3184214420129525
32,40,0.2947745524843225
32,41,0.7433352254336776
32,42,0.819060104160416
32,43,1.023450329043626
32,44,1.6379400622722757
32,45,1.5044742857871998
32,46,0.21092115163801167
32,47,0.1653606842336341
32,48,0.037356314905942475
32,49,1.3340734606434155
32,50,4.380632658637592
32,51,0.4666980782183563
32,52,1.8774109605205562
32,53,3.960566796959137
32,54,0.5811458165628399
32,55,0.9368094069588104
128,40,0.8425999813622734
128,41,0.4197057415155109
128,42,0.8361701324628654
128,43,0.7116807462894673
128,44,1.5727756314633665
128,45,1.2732390968716136
128,46,1.0381750192905275
128,47,1.0490336107054115
128,48,0.48416168795041736
128,49,1.3691240124316923
128,50,0.8068457940944471
128,51,1.3578234273248144
128,52,0.5800533589576162
128,53,0.8660167530524001
128,54,0.5689967292008364
128,55,1.050584588719555
