method,seed,view,group,threshold,n,positive,tp,fp,fn,tn,accuracy,recall,precision,cost,nll,brier,ece,ece5,ece20
uniform,11,raw,all,0.5,1000,294,121,97,173,609,0.73,0.41156462585034015,0.555045871559633,0.789,0.5285109340578782,0.1782100466307856,0.03914740193466995,0.02032618821567212,0.049388724589471425
uniform,11,raw,0,0.5,731,190,70,72,120,469,0.7373461012311902,0.3684210526315789,0.49295774647887325,0.7551299589603283,0.5082884283990867,0.1704577472802715,0.04945470973371474,0.04094834171002755,0.06489923522964555
uniform,11,raw,1,0.5,269,104,51,25,53,140,0.7100371747211895,0.49038461538461536,0.6710526315789473,0.8810408921933085,0.5834650293611366,0.19927670397363248,0.08765275609329602,0.07508800774534317,0.09012419024165363
uniform,11,raw_temperature,all,0.5,1000,294,121,97,173,609,0.73,0.41156462585034015,0.555045871559633,0.789,0.5285150629196196,0.17802473297943402,0.029766712315230343,0.02596520463315724,0.04914836298856223
uniform,11,raw_temperature,0,0.5,731,190,70,72,120,469,0.7373461012311902,0.3684210526315789,0.49295774647887325,0.7551299589603283,0.5088199921911235,0.17036448365327342,0.04824754838119608,0.04560415005394619,0.0607618734990155
uniform,11,raw_temperature,1,0.5,269,104,51,25,53,140,0.7100371747211895,0.49038461538461536,0.6710526315789473,0.8810408921933085,0.5820358685052357,0.1988412469475507,0.07188424807331521,0.06852377987948172,0.09759113671671246
uniform,11,prior,all,0.5,1000,294,121,97,173,609,0.73,0.41156462585034015,0.555045871559633,0.789,0.5285109340578782,0.1782100466307856,0.03914740193466995,0.02032618821567212,0.049388724589471425
uniform,11,prior,0,0.5,731,190,70,72,120,469,0.7373461012311902,0.3684210526315789,0.49295774647887325,0.7551299589603283,0.5082884283990867,0.1704577472802715,0.04945470973371474,0.04094834171002755,0.06489923522964555
uniform,11,prior,1,0.5,269,104,51,25,53,140,0.7100371747211895,0.49038461538461536,0.6710526315789473,0.8810408921933085,0.5834650293611366,0.19927670397363248,0.08765275609329602,0.07508800774534317,0.09012419024165363
uniform,11,prior_temperature,all,0.5,1000,294,121,97,173,609,0.73,0.41156462585034015,0.555045871559633,0.789,0.5285150629196196,0.17802473297943402,0.029766712315230343,0.02596520463315724,0.04914836298856223
uniform,11,prior_temperature,0,0.5,731,190,70,72,120,469,0.7373461012311902,0.3684210526315789,0.49295774647887325,0.7551299589603283,0.5088199921911235,0.17036448365327342,0.04824754838119608,0.04560415005394619,0.0607618734990155
uniform,11,prior_temperature,1,0.5,269,104,51,25,53,140,0.7100371747211895,0.49038461538461536,0.6710526315789473,0.8810408921933085,0.5820358685052357,0.1988412469475507,0.07188424807331521,0.06852377987948172,0.09759113671671246
uniform,11,cost_theory,all,0.2,1000,294,258,385,36,321,0.579,0.8775510204081632,0.401244167962675,0.529,0.5285150629196196,0.17802473297943402,0.029766712315230343,0.02596520463315724,0.04914836298856223
uniform,11,cost_theory,0,0.2,731,190,164,283,26,258,0.5772913816689467,0.8631578947368421,0.3668903803131991,0.5294117647058824,0.5088199921911235,0.17036448365327342,0.04824754838119608,0.04560415005394619,0.0607618734990155
uniform,11,cost_theory,1,0.2,269,104,94,102,10,63,0.5836431226765799,0.9038461538461539,0.47959183673469385,0.5278810408921933,0.5820358685052357,0.1988412469475507,0.07188424807331521,0.06852377987948172,0.09759113671671246
uniform,11,cost_validation,all,0.2,1000,294,258,385,36,321,0.579,0.8775510204081632,0.401244167962675,0.529,0.5285150629196196,0.17802473297943402,0.029766712315230343,0.02596520463315724,0.04914836298856223
uniform,11,cost_validation,0,0.2,731,190,164,283,26,258,0.5772913816689467,0.8631578947368421,0.3668903803131991,0.5294117647058824,0.5088199921911235,0.17036448365327342,0.04824754838119608,0.04560415005394619,0.0607618734990155
uniform,11,cost_validation,1,0.2,269,104,94,102,10,63,0.5836431226765799,0.9038461538461539,0.47959183673469385,0.5278810408921933,0.5820358685052357,0.1988412469475507,0.07188424807331521,0.06852377987948172,0.09759113671671246
uniform,23,raw,all,0.5,1000,294,127,111,167,595,0.722,0.43197278911564624,0.5336134453781513,0.779,0.5260899156926652,0.1771167666895593,0.04869155537383108,0.02551749648551208,0.06245465533133293
uniform,23,raw,0,0.5,731,190,74,84,116,457,0.7264021887824897,0.3894736842105263,0.46835443037974683,0.7496580027359782,0.5069404500355557,0.16998833800877108,0.05506607373904041,0.03651016789062963,0.0706558485823028
uniform,23,raw,1,0.5,269,104,53,27,51,138,0.7100371747211895,0.5096153846153846,0.6625,0.8587360594795539,0.5781280547088251,0.19648807288158973,0.07597709363414853,0.06734382515184331,0.09702360078538276
uniform,23,raw_temperature,all,0.5,1000,294,127,111,167,595,0.722,0.43197278911564624,0.5336134453781513,0.779,0.5257704375203381,0.17679304443179666,0.034147698145793944,0.025278748218067085,0.049869290069878294
uniform,23,raw_temperature,0,0.5,731,190,74,84,116,457,0.7264021887824897,0.3894736842105263,0.46835443037974683,0.7496580027359782,0.5072875632929422,0.169744173035351,0.04702828272499156,0.04508218999633075,0.06891966157332446
uniform,23,raw_temperature,1,0.5,269,104,53,27,51,138,0.7100371747211895,0.5096153846153846,0.6625,0.8587360594795539,0.5759971329115144,0.1959481559217663,0.0626065400766281,0.06260654007662814,0.07680254959117203
uniform,23,prior,all,0.5,1000,294,127,111,167,595,0.722,0.43197278911564624,0.5336134453781513,0.779,0.5260899156926652,0.1771167666895593,0.04869155537383108,0.02551749648551208,0.06245465533133293
uniform,23,prior,0,0.5,731,190,74,84,116,457,0.7264021887824897,0.3894736842105263,0.46835443037974683,0.7496580027359782,0.5069404500355557,0.16998833800877108,0.05506607373904041,0.03651016789062963,0.0706558485823028
uniform,23,prior,1,0.5,269,104,53,27,51,138,0.7100371747211895,0.5096153846153846,0.6625,0.8587360594795539,0.5781280547088251,0.19648807288158973,0.07597709363414853,0.06734382515184331,0.09702360078538276
uniform,23,prior_temperature,all,0.5,1000,294,127,111,167,595,0.722,0.43197278911564624,0.5336134453781513,0.779,0.5257704375203381,0.17679304443179666,0.034147698145793944,0.025278748218067085,0.049869290069878294
uniform,23,prior_temperature,0,0.5,731,190,74,84,116,457,0.7264021887824897,0.3894736842105263,0.46835443037974683,0.7496580027359782,0.5072875632929422,0.169744173035351,0.04702828272499156,0.04508218999633075,0.06891966157332446
uniform,23,prior_temperature,1,0.5,269,104,53,27,51,138,0.7100371747211895,0.5096153846153846,0.6625,0.8587360594795539,0.5759971329115144,0.1959481559217663,0.0626065400766281,0.06260654007662814,0.07680254959117203
uniform,23,cost_theory,all,0.2,1000,294,254,371,40,335,0.589,0.8639455782312925,0.4064,0.531,0.5257704375203381,0.17679304443179666,0.034147698145793944,0.025278748218067085,0.049869290069878294
uniform,23,cost_theory,0,0.2,731,190,163,271,27,270,0.5923392612859097,0.8578947368421053,0.37557603686635943,0.518467852257182,0.5072875632929422,0.169744173035351,0.04702828272499156,0.04508218999633075,0.06891966157332446
uniform,23,cost_theory,1,0.2,269,104,91,100,13,65,0.5799256505576208,0.875,0.47643979057591623,0.5650557620817844,0.5759971329115144,0.1959481559217663,0.0626065400766281,0.06260654007662814,0.07680254959117203
uniform,23,cost_validation,all,0.2,1000,294,254,371,40,335,0.589,0.8639455782312925,0.4064,0.531,0.5257704375203381,0.17679304443179666,0.034147698145793944,0.025278748218067085,0.049869290069878294
uniform,23,cost_validation,0,0.2,731,190,163,271,27,270,0.5923392612859097,0.8578947368421053,0.37557603686635943,0.518467852257182,0.5072875632929422,0.169744173035351,0.04702828272499156,0.04508218999633075,0.06891966157332446
uniform,23,cost_validation,1,0.2,269,104,91,100,13,65,0.5799256505576208,0.875,0.47643979057591623,0.5650557620817844,0.5759971329115144,0.1959481559217663,0.0626065400766281,0.06260654007662814,0.07680254959117203
uniform,37,raw,all,0.5,1000,294,127,111,167,595,0.722,0.43197278911564624,0.5336134453781513,0.779,0.5276162564388105,0.17772696898076745,0.05302552902325535,0.027709683846767325,0.06173271683695697
uniform,37,raw,0,0.5,731,190,74,84,116,457,0.7264021887824897,0.3894736842105263,0.46835443037974683,0.7496580027359782,0.5084757916028848,0.1706230989279755,0.05185610849719233,0.046279333064589395,0.08166481825631407
uniform,37,raw,1,0.5,269,104,53,27,51,138,0.7100371747211895,0.5096153846153846,0.6625,0.8587360594795539,0.5796299359743562,0.19703153778593807,0.09224718872186194,0.055526616408142423,0.10977671173319829
uniform,37,raw_temperature,all,0.5,1000,294,127,111,167,595,0.722,0.43197278911564624,0.5336134453781513,0.779,0.5274767663189076,0.17740621539500254,0.033702445146177706,0.027110031576197284,0.04676500886760436
uniform,37,raw_temperature,0,0.5,731,190,74,84,116,457,0.7264021887824897,0.3894736842105263,0.46835443037974683,0.7496580027359782,0.509062361346786,0.17039596813459326,0.04752789475681182,0.04748414041897297,0.0752004638796596
uniform,37,raw_temperature,1,0.5,269,104,53,27,51,138,0.7100371747211895,0.5096153846153846,0.6625,0.8587360594795539,0.5775173984178701,0.1964563668721742,0.06571168365869585,0.04886669036950903,0.074260350140969
uniform,37,prior,all,0.5,1000,294,127,111,167,595,0.722,0.43197278911564624,0.5336134453781513,0.779,0.5276162564388105,0.17772696898076745,0.05302552902325535,0.027709683846767325,0.06173271683695697
uniform,37,prior,0,0.5,731,190,74,84,116,457,0.7264021887824897,0.3894736842105263,0.46835443037974683,0.7496580027359782,0.5084757916028848,0.1706230989279755,0.05185610849719233,0.046279333064589395,0.08166481825631407
uniform,37,prior,1,0.5,269,104,53,27,51,138,0.7100371747211895,0.5096153846153846,0.6625,0.8587360594795539,0.5796299359743562,0.19703153778593807,0.09224718872186194,0.055526616408142423,0.10977671173319829
uniform,37,prior_temperature,all,0.5,1000,294,127,111,167,595,0.722,0.43197278911564624,0.5336134453781513,0.779,0.5274767663189076,0.17740621539500254,0.033702445146177706,0.027110031576197284,0.04676500886760436
uniform,37,prior_temperature,0,0.5,731,190,74,84,116,457,0.7264021887824897,0.3894736842105263,0.46835443037974683,0.7496580027359782,0.509062361346786,0.17039596813459326,0.04752789475681182,0.04748414041897297,0.0752004638796596
uniform,37,prior_temperature,1,0.5,269,104,53,27,51,138,0.7100371747211895,0.5096153846153846,0.6625,0.8587360594795539,0.5775173984178701,0.1964563668721742,0.06571168365869585,0.04886669036950903,0.074260350140969
uniform,37,cost_theory,all,0.2,1000,294,254,371,40,335,0.589,0.8639455782312925,0.4064,0.531,0.5274767663189076,0.17740621539500254,0.033702445146177706,0.027110031576197284,0.04676500886760436
uniform,37,cost_theory,0,0.2,731,190,164,272,26,269,0.5923392612859097,0.8631578947368421,0.3761467889908257,0.5143638850889193,0.509062361346786,0.17039596813459326,0.04752789475681182,0.04748414041897297,0.0752004638796596
uniform,37,cost_theory,1,0.2,269,104,90,99,14,66,0.5799256505576208,0.8653846153846154,0.47619047619047616,0.5762081784386617,0.5775173984178701,0.1964563668721742,0.06571168365869585,0.04886669036950903,0.074260350140969
uniform,37,cost_validation,all,0.2,1000,294,254,371,40,335,0.589,0.8639455782312925,0.4064,0.531,0.5274767663189076,0.17740621539500254,0.033702445146177706,0.027110031576197284,0.04676500886760436
uniform,37,cost_validation,0,0.2,731,190,164,272,26,269,0.5923392612859097,0.8631578947368421,0.3761467889908257,0.5143638850889193,0.509062361346786,0.17039596813459326,0.04752789475681182,0.04748414041897297,0.0752004638796596
uniform,37,cost_validation,1,0.2,269,104,90,99,14,66,0.5799256505576208,0.8653846153846154,0.47619047619047616,0.5762081784386617,0.5775173984178701,0.1964563668721742,0.06571168365869585,0.04886669036950903,0.074260350140969
weighted,11,raw,all,0.5,1000,294,212,221,82,485,0.697,0.7210884353741497,0.4896073903002309,0.549,0.6033108925038863,0.2075660218320462,0.16552504617413438,0.16552504617413438,0.1655250461741344
weighted,11,raw,0,0.5,731,190,133,165,57,376,0.6963064295485636,0.7,0.4463087248322148,0.5376196990424077,0.5969353962998204,0.20568371988151435,0.18263167082731113,0.18263167082731116,0.1828574351184299
weighted,11,raw,1,0.5,269,104,79,56,25,109,0.6988847583643123,0.7596153846153846,0.5851851851851851,0.5799256505576208,0.6206361256829649,0.2126811249020789,0.1190382706296281,0.11903827062962813,0.15048107661619733
weighted,11,raw_temperature,all,0.5,1000,294,212,221,82,485,0.697,0.7210884353741497,0.4896073903002309,0.549,0.599362692038844,0.20623437651970028,0.1705710248474484,0.1705710248474484,0.1705710248474484
weighted,11,raw_temperature,0,0.5,731,190,133,165,57,376,0.6963064295485636,0.7,0.4463087248322148,0.5376196990424077,0.5936181898578381,0.2042218581591825,0.1898136855546748,0.1898136855546748,0.1898136855546747
weighted,11,raw_temperature,1,0.5,269,104,79,56,25,109,0.6988847583643123,0.7596153846153846,0.5851851851851851,0.5799256505576208,0.6149732165530272,0.21170333905330066,0.11827963088097072,0.11827963088097077,0.13782623563156163
weighted,11,prior,all,0.5,1000,294,127,107,167,599,0.726,0.43197278911564624,0.5427350427350427,0.775,0.5300689299347519,0.17921046002965973,0.05108544879616364,0.029708960636817668,0.06554783864052913
weighted,11,prior,0,0.5,731,190,75,81,115,460,0.7318741450068399,0.39473684210526316,0.4807692307692308,0.7400820793433652,0.5090617957915018,0.17139965659748904,0.05958734469531801,0.041232908936492695,0.08396303103593192
weighted,11,prior,1,0.5,269,104,52,26,52,139,0.7100371747211895,0.5,0.6666666666666666,0.8698884758364313,0.5871552312682682,0.20043610058325376,0.09226198596342332,0.07751509184616927,0.10984217248281551
weighted,11,prior_temperature,all,0.5,1000,294,127,107,167,599,0.726,0.43197278911564624,0.5427350427350427,0.775,0.5294015779677657,0.17857455153731688,0.03169872184584798,0.03169872184584797,0.05844919404347345
weighted,11,prior_temperature,0,0.5,731,190,75,81,115,460,0.7318741450068399,0.39473684210526316,0.4807692307692308,0.7400820793433652,0.5097145257884734,0.17096692206117972,0.052018386611171794,0.052018386611171794,0.07462582055715444
weighted,11,prior_temperature,1,0.5,269,104,52,26,52,139,0.7100371747211895,0.5,0.6666666666666666,0.8698884758364313,0.5829005933694854,0.1992480725300911,0.06237441278252919,0.056331521921072866,0.10083534852552035
weighted,11,cost_theory,all,0.2,1000,294,259,391,35,315,0.574,0.8809523809523809,0.3984615384615385,0.531,0.5294015779677657,0.17857455153731688,0.03169872184584798,0.03169872184584797,0.05844919404347345
weighted,11,cost_theory,0,0.2,731,190,165,286,25,255,0.5745554035567716,0.868421052631579,0.36585365853658536,0.5280437756497948,0.5097145257884734,0.17096692206117972,0.052018386611171794,0.052018386611171794,0.07462582055715444
weighted,11,cost_theory,1,0.2,269,104,94,105,10,60,0.5724907063197026,0.9038461538461539,0.4723618090452261,0.5390334572490706,0.5829005933694854,0.1992480725300911,0.06237441278252919,0.056331521921072866,0.10083534852552035
weighted,11,cost_validation,all,0.2,1000,294,259,391,35,315,0.574,0.8809523809523809,0.3984615384615385,0.531,0.5294015779677657,0.17857455153731688,0.03169872184584798,0.03169872184584797,0.05844919404347345
weighted,11,cost_validation,0,0.2,731,190,165,286,25,255,0.5745554035567716,0.868421052631579,0.36585365853658536,0.5280437756497948,0.5097145257884734,0.17096692206117972,0.052018386611171794,0.052018386611171794,0.07462582055715444
weighted,11,cost_validation,1,0.2,269,104,94,105,10,60,0.5724907063197026,0.9038461538461539,0.4723618090452261,0.5390334572490706,0.5829005933694854,0.1992480725300911,0.06237441278252919,0.056331521921072866,0.10083534852552035
weighted,23,raw,all,0.5,1000,294,212,232,82,474,0.686,0.7210884353741497,0.4774774774774775,0.56,0.6013728720726915,0.20717217565363116,0.16324790925709468,0.16324790925709473,0.16324790925709468
weighted,23,raw,0,0.5,731,190,133,171,57,370,0.6880984952120383,0.7,0.4375,0.5458276333789329,0.595842576013879,0.2056241221688912,0.17997368821610962,0.17997368821610962,0.1840369288319254
weighted,23,raw,1,0.5,269,104,79,61,25,104,0.6802973977695167,0.7596153846153846,0.5642857142857143,0.5985130111524164,0.6164012974221037,0.21137896783706953,0.11779607126809877,0.11779607126809877,0.13045961207458945
weighted,23,raw_temperature,all,0.5,1000,294,212,232,82,474,0.686,0.7210884353741497,0.4774774774774775,0.56,0.5963578121513193,0.20519948366842933,0.16848117748830455,0.16848117748830457,0.16848117748830457
weighted,23,raw_temperature,0,0.5,731,190,133,171,57,370,0.6880984952120383,0.7,0.4375,0.5458276333789329,0.5912149450635236,0.20343016667194103,0.1875697965910582,0.1875697965910582,0.18756979659105819
weighted,23,raw_temperature,1,0.5,269,104,79,61,25,104,0.6802973977695167,0.7596153846153846,0.5642857142857143,0.5985130111524164,0.6103334100739165,0.2100075532759868,0.11660838728714132,0.1166083872871413,0.15680765220421553
weighted,23,prior,all,0.5,1000,294,132,118,162,588,0.72,0.4489795918367347,0.528,0.766,0.5288682999956299,0.17851898529119054,0.04037015483117145,0.03217461717007265,0.06330527829844305
weighted,23,prior,0,0.5,731,190,77,91,113,450,0.7209302325581395,0.4052631578947368,0.4583333333333333,0.7428180574555403,0.508912365491432,0.17124787206562148,0.04921644652211285,0.03814220722632711,0.07751180197721382
weighted,23,prior,1,0.5,269,104,55,27,49,138,0.7174721189591078,0.5288461538461539,0.6707317073170732,0.828996282527881,0.5830979956185613,0.19827803275546932,0.07514736019703136,0.07024159565342243,0.10042748493395796
weighted,23,prior_temperature,all,0.5,1000,294,132,118,162,588,0.72,0.4489795918367347,0.528,0.766,0.5278387983795181,0.17784087077494024,0.03753689413354613,0.03284338657129718,0.0710696589518655
weighted,23,prior_temperature,0,0.5,731,190,77,91,113,450,0.7209302325581395,0.4052631578947368,0.4583333333333333,0.7428180574555403,0.5091323284164281,0.17070262328083785,0.05782962311060058,0.053139961276575776,0.08178482903942205
weighted,23,prior_temperature,1,0.5,269,104,55,27,49,138,0.7174721189591078,0.5288461538461539,0.6707317073170732,0.828996282527881,0.5786731089483611,0.1972388593183932,0.05460341619410988,0.048029605937931166,0.09555134261220133
weighted,23,cost_theory,all,0.2,1000,294,258,380,36,326,0.584,0.8775510204081632,0.4043887147335423,0.524,0.5278387983795181,0.17784087077494024,0.03753689413354613,0.03284338657129718,0.0710696589518655
weighted,23,cost_theory,0,0.2,731,190,164,280,26,261,0.5813953488372093,0.8631578947368421,0.36936936936936937,0.5253077975376197,0.5091323284164281,0.17070262328083785,0.05782962311060058,0.053139961276575776,0.08178482903942205
weighted,23,cost_theory,1,0.2,269,104,94,100,10,65,0.5910780669144982,0.9038461538461539,0.4845360824742268,0.5204460966542751,0.5786731089483611,0.1972388593183932,0.05460341619410988,0.048029605937931166,0.09555134261220133
weighted,23,cost_validation,all,0.2,1000,294,258,380,36,326,0.584,0.8775510204081632,0.4043887147335423,0.524,0.5278387983795181,0.17784087077494024,0.03753689413354613,0.03284338657129718,0.0710696589518655
weighted,23,cost_validation,0,0.2,731,190,164,280,26,261,0.5813953488372093,0.8631578947368421,0.36936936936936937,0.5253077975376197,0.5091323284164281,0.17070262328083785,0.05782962311060058,0.053139961276575776,0.08178482903942205
weighted,23,cost_validation,1,0.2,269,104,94,100,10,65,0.5910780669144982,0.9038461538461539,0.4845360824742268,0.5204460966542751,0.5786731089483611,0.1972388593183932,0.05460341619410988,0.048029605937931166,0.09555134261220133
weighted,37,raw,all,0.5,1000,294,212,228,82,478,0.69,0.7210884353741497,0.4818181818181818,0.556,0.6009141322032351,0.20747430728898014,0.16418833919935377,0.16418833919935377,0.1641883391993538
weighted,37,raw,0,0.5,731,190,132,170,58,371,0.6880984952120383,0.6947368421052632,0.4370860927152318,0.5499316005471956,0.5958791210856703,0.2059597943071203,0.18142538989679738,0.18142538989679743,0.18142538989679743
weighted,37,raw,1,0.5,269,104,80,58,24,107,0.6951672862453532,0.7692307692307693,0.5797101449275363,0.5724907063197026,0.6145966345338667,0.2115899540909858,0.11734713451596596,0.11734713451596594,0.11734713451596598
weighted,37,raw_temperature,all,0.5,1000,294,212,228,82,478,0.69,0.7210884353741497,0.4818181818181818,0.556,0.59689984674689,0.20565025734365028,0.16915103776189264,0.16915103776189264,0.16915103776189264
weighted,37,raw_temperature,0,0.5,731,190,132,170,58,371,0.6880984952120383,0.6947368421052632,0.4370860927152318,0.5499316005471956,0.5921981295818718,0.2039866973168198,0.18854401074554744,0.18854401074554747,0.18854401074554744
weighted,37,raw_temperature,1,0.5,269,104,80,58,24,107,0.6951672862453532,0.7692307692307693,0.5797101449275363,0.5724907063197026,0.6096766320540588,0.21017093533477704,0.11645117437508332,0.11645117437508334,0.1221208506784127
weighted,37,prior,all,0.5,1000,294,132,117,162,589,0.721,0.4489795918367347,0.5301204819277109,0.765,0.528308172757508,0.1782858303196325,0.029603946905472134,0.0282098858670912,0.05280793021999518
weighted,37,prior,0,0.5,731,190,77,90,113,451,0.7222982216142271,0.4052631578947368,0.46107784431137727,0.7414500683994528,0.5085077752237092,0.17114342368427413,0.042070463894333,0.04207046389433298,0.06646743058842983
weighted,37,prior,1,0.5,269,104,55,27,49,138,0.7174721189591078,0.5288461538461539,0.6707317073170732,0.828996282527881,0.5821152009999129,0.19769512121348737,0.076908456857644,0.06235914790303598,0.09057364024886917
weighted,37,prior_temperature,all,0.5,1000,294,132,117,162,589,0.721,0.4489795918367347,0.5301204819277109,0.765,0.5277793637196933,0.17774060116470605,0.0344031133347866,0.03173818777968326,0.05466814321275154
weighted,37,prior_temperature,0,0.5,731,190,77,90,113,451,0.7222982216142271,0.4052631578947368,0.46107784431137727,0.7414500683994528,0.5092041503516568,0.17071755951013656,0.05526701313459037,0.05229894343150479,0.06833269402373227
weighted,37,prior_temperature,1,0.5,269,104,55,27,49,138,0.7174721189591078,0.5288461538461539,0.6707317073170732,0.828996282527881,0.5782569881510491,0.19682552105128684,0.050324128868054166,0.04845226438031485,0.06860459155488362
weighted,37,cost_theory,all,0.2,1000,294,258,382,36,324,0.582,0.8775510204081632,0.403125,0.526,0.5277793637196933,0.17774060116470605,0.0344031133347866,0.03173818777968326,0.05466814321275154
weighted,37,cost_theory,0,0.2,731,190,166,280,24,261,0.5841313269493844,0.8736842105263158,0.3721973094170404,0.5143638850889193,0.5092041503516568,0.17071755951013656,0.05526701313459037,0.05229894343150479,0.06833269402373227
weighted,37,cost_theory,1,0.2,269,104,92,102,12,63,0.5762081784386617,0.8846153846153846,0.4742268041237113,0.5576208178438662,0.5782569881510491,0.19682552105128684,0.050324128868054166,0.04845226438031485,0.06860459155488362
weighted,37,cost_validation,all,0.2,1000,294,258,382,36,324,0.582,0.8775510204081632,0.403125,0.526,0.5277793637196933,0.17774060116470605,0.0344031133347866,0.03173818777968326,0.05466814321275154
weighted,37,cost_validation,0,0.2,731,190,166,280,24,261,0.5841313269493844,0.8736842105263158,0.3721973094170404,0.5143638850889193,0.5092041503516568,0.17071755951013656,0.05526701313459037,0.05229894343150479,0.06833269402373227
weighted,37,cost_validation,1,0.2,269,104,92,102,12,63,0.5762081784386617,0.8846153846153846,0.4742268041237113,0.5576208178438662,0.5782569881510491,0.19682552105128684,0.050324128868054166,0.04845226438031485,0.06860459155488362
resampled,11,raw,all,0.5,1000,294,209,218,85,488,0.697,0.7108843537414966,0.4894613583138173,0.558,0.5996851405692587,0.2061891129723926,0.16219215250015523,0.16219215250015517,0.1621921525001552
resampled,11,raw,0,0.5,731,190,131,163,59,378,0.6963064295485636,0.6894736842105263,0.445578231292517,0.5458276333789329,0.5930810667499313,0.2041945483530375,0.1793868728423957,0.17938687284239568,0.17938687284239574
resampled,11,raw,1,0.5,269,104,78,55,26,110,0.6988847583643123,0.75,0.5864661654135338,0.5910780669144982,0.6176315270448287,0.21160928671495244,0.1154659793768176,0.11546597937681763,0.1491986764956734
resampled,11,raw_temperature,all,0.5,1000,294,209,218,85,488,0.697,0.7108843537414966,0.4894613583138173,0.558,0.5966428898367787,0.20511735143629162,0.16705615193030157,0.16705615193030154,0.1670561519303015
resampled,11,raw_temperature,0,0.5,731,190,131,163,59,378,0.6963064295485636,0.6894736842105263,0.445578231292517,0.5458276333789329,0.5906132527325746,0.20300872335164863,0.1861446465808378,0.18614464658083776,0.18614464658083774
resampled,11,raw_temperature,1,0.5,269,104,78,55,26,110,0.6988847583643123,0.75,0.5864661654135338,0.5910780669144982,0.613028260554895,0.2108474894655631,0.11915931786685005,0.11518369992456919,0.1282828317066987
resampled,11,prior,all,0.5,1000,294,123,104,171,602,0.725,0.41836734693877553,0.5418502202643172,0.788,0.5292750483185773,0.17886323622241554,0.05222469598681897,0.028992142684268096,0.06484594605273605
resampled,11,prior,0,0.5,731,190,72,78,118,463,0.7318741450068399,0.37894736842105264,0.48,0.7523939808481532,0.5079487597800488,0.1708838282974069,0.05983613885138064,0.04246923290715281,0.08184010956152954
resampled,11,prior,1,0.5,269,104,51,26,53,139,0.7063197026022305,0.49038461538461536,0.6623376623376623,0.8847583643122676,0.5872286428229052,0.20054705478442797,0.10512337331498937,0.08462657020832967,0.11402839331955315
resampled,11,prior_temperature,all,0.5,1000,294,123,104,171,602,0.725,0.41836734693877553,0.5418502202643172,0.788,0.5286311975396187,0.1782495778855399,0.028988357309532867,0.028078432144661866,0.056742639598715554
resampled,11,prior_temperature,0,0.5,731,190,72,78,118,463,0.7318741450068399,0.37894736842105264,0.48,0.7523939808481532,0.5086134810980917,0.17048285299121071,0.04849838127229518,0.04849838127229517,0.06955460857835953
resampled,11,prior_temperature,1,0.5,269,104,51,26,53,139,0.7063197026022305,0.49038461538461536,0.6623376623376623,0.8847583643122676,0.5830287838546977,0.19935543624150512,0.05754841451202917,0.05658525941768652,0.09682661928936738
resampled,11,cost_theory,all,0.2,1000,294,257,384,37,322,0.579,0.8741496598639455,0.40093603744149764,0.532,0.5286311975396187,0.1782495778855399,0.028988357309532867,0.028078432144661866,0.056742639598715554
resampled,11,cost_theory,0,0.2,731,190,164,282,26,259,0.5786593707250342,0.8631578947368421,0.36771300448430494,0.5280437756497948,0.5086134810980917,0.17048285299121071,0.04849838127229518,0.04849838127229517,0.06955460857835953
resampled,11,cost_theory,1,0.2,269,104,93,102,11,63,0.5799256505576208,0.8942307692307693,0.47692307692307695,0.5427509293680297,0.5830287838546977,0.19935543624150512,0.05754841451202917,0.05658525941768652,0.09682661928936738
resampled,11,cost_validation,all,0.2,1000,294,257,384,37,322,0.579,0.8741496598639455,0.40093603744149764,0.532,0.5286311975396187,0.1782495778855399,0.028988357309532867,0.028078432144661866,0.056742639598715554
resampled,11,cost_validation,0,0.2,731,190,164,282,26,259,0.5786593707250342,0.8631578947368421,0.36771300448430494,0.5280437756497948,0.5086134810980917,0.17048285299121071,0.04849838127229518,0.04849838127229517,0.06955460857835953
resampled,11,cost_validation,1,0.2,269,104,93,102,11,63,0.5799256505576208,0.8942307692307693,0.47692307692307695,0.5427509293680297,0.5830287838546977,0.19935543624150512,0.05754841451202917,0.05658525941768652,0.09682661928936738
resampled,23,raw,all,0.5,1000,294,212,233,82,473,0.685,0.7210884353741497,0.4764044943820225,0.561,0.6034608611712138,0.20806543015377207,0.16729427655341078,0.16729427655341078,0.16729427655341075
resampled,23,raw,0,0.5,731,190,133,172,57,369,0.6867305061559508,0.7,0.4360655737704918,0.5471956224350205,0.5982753235895423,0.2066038786665219,0.18418091282927154,0.18418091282927157,0.1864035693960359
resampled,23,raw,1,0.5,269,104,79,61,25,104,0.6802973977695167,0.7596153846153846,0.5642857142857143,0.5985130111524164,0.6175524149712207,0.21203715557079747,0.12140531329075566,0.12140531329075571,0.1298034248183457
resampled,23,raw_temperature,all,0.5,1000,294,212,233,82,473,0.685,0.7210884353741497,0.4764044943820225,0.561,0.5988948913273512,0.20626414458790113,0.17182986927589097,0.17182986927589095,0.17182986927589097
resampled,23,raw_temperature,0,0.5,731,190,133,172,57,369,0.6867305061559508,0.7,0.4360655737704918,0.5471956224350205,0.594052779344152,0.20460080595604135,0.19097630614676045,0.19097630614676042,0.19097630614676048
resampled,23,raw_temperature,1,0.5,269,104,79,61,25,104,0.6802973977695167,0.7596153846153846,0.5642857142857143,0.5985130111524164,0.6120531956385725,0.21078422094436763,0.11979996090189246,0.11979996090189249,0.1432154012565881
resampled,23,prior,all,0.5,1000,294,132,118,162,588,0.72,0.4489795918367347,0.528,0.766,0.5283830847985148,0.17832848369787677,0.04067757532208093,0.03103768774132407,0.05883678283706669
resampled,23,prior,0,0.5,731,190,77,91,113,450,0.7209302325581395,0.4052631578947368,0.4583333333333333,0.7428180574555403,0.5086650456592237,0.17108911353737652,0.05535049044758748,0.040577289789544106,0.07668479994856221
resampled,23,prior,1,0.5,269,104,55,27,49,138,0.7174721189591078,0.5288461538461539,0.6707317073170732,0.828996282527881,0.5819663064000827,0.1980012702678608,0.06558796831794762,0.06168139937353235,0.0975442187094896
resampled,23,prior_temperature,all,0.5,1000,294,132,118,162,588,0.72,0.4489795918367347,0.528,0.766,0.5278370837512633,0.17784466292254042,0.03676273851740927,0.032965497386094354,0.07132799148998915
resampled,23,prior_temperature,0,0.5,731,190,77,91,113,450,0.7209302325581395,0.4052631578947368,0.4583333333333333,0.7428180574555403,0.5091599742434804,0.17071822690020041,0.05673885412422535,0.05323108400102213,0.08146409702517085
resampled,23,prior_temperature,1,0.5,269,104,55,27,49,138,0.7174721189591078,0.5288461538461539,0.6707317073170732,0.828996282527881,0.5785916081014094,0.19721055412079516,0.05041318687484047,0.04772812807652885,0.09733940139101843
resampled,23,cost_theory,all,0.2,1000,294,258,380,36,326,0.584,0.8775510204081632,0.4043887147335423,0.524,0.5278370837512633,0.17784466292254042,0.03676273851740927,0.032965497386094354,0.07132799148998915
resampled,23,cost_theory,0,0.2,731,190,164,280,26,261,0.5813953488372093,0.8631578947368421,0.36936936936936937,0.5253077975376197,0.5091599742434804,0.17071822690020041,0.05673885412422535,0.05323108400102213,0.08146409702517085
resampled,23,cost_theory,1,0.2,269,104,94,100,10,65,0.5910780669144982,0.9038461538461539,0.4845360824742268,0.5204460966542751,0.5785916081014094,0.19721055412079516,0.05041318687484047,0.04772812807652885,0.09733940139101843
resampled,23,cost_validation,all,0.2,1000,294,258,380,36,326,0.584,0.8775510204081632,0.4043887147335423,0.524,0.5278370837512633,0.17784466292254042,0.03676273851740927,0.032965497386094354,0.07132799148998915
resampled,23,cost_validation,0,0.2,731,190,164,280,26,261,0.5813953488372093,0.8631578947368421,0.36936936936936937,0.5253077975376197,0.5091599742434804,0.17071822690020041,0.05673885412422535,0.05323108400102213,0.08146409702517085
resampled,23,cost_validation,1,0.2,269,104,94,100,10,65,0.5910780669144982,0.9038461538461539,0.4845360824742268,0.5204460966542751,0.5785916081014094,0.19721055412079516,0.05041318687484047,0.04772812807652885,0.09733940139101843
resampled,37,raw,all,0.5,1000,294,212,229,82,477,0.689,0.7210884353741497,0.48072562358276644,0.557,0.6026807852516458,0.2081537104179268,0.16380339086870374,0.16380339086870374,0.16380339086870377
resampled,37,raw,0,0.5,731,190,132,169,58,372,0.6894664842681258,0.6947368421052632,0.43853820598006643,0.5485636114911081,0.5973611031140537,0.20657264787242677,0.18101023827446838,0.18101023827446838,0.18101023827446838
resampled,37,raw,1,0.5,269,104,80,60,24,105,0.6877323420074349,0.7692307692307693,0.5714285714285714,0.5799256505576208,0.617136873142277,0.21245020380365368,0.11704426278835445,0.11704426278835442,0.12783041203038914
resampled,37,raw_temperature,all,0.5,1000,294,212,229,82,477,0.689,0.7210884353741497,0.48072562358276644,0.557,0.5974459366393968,0.20586818723535225,0.16946865712940248,0.1694686571294025,0.16946865712940246
resampled,37,raw_temperature,0,0.5,731,190,132,169,58,372,0.6894664842681258,0.6947368421052632,0.43853820598006643,0.5485636114911081,0.5925708693838247,0.20412596006502276,0.1891059922756966,0.1891059922756966,0.18910599227569658
resampled,37,raw_temperature,1,0.5,269,104,80,60,24,105,0.6877323420074349,0.7692307692307693,0.5714285714285714,0.5799256505576208,0.6106937959844644,0.21060264099561574,0.11610474637869236,0.11610474637869234,0.12177607909377176
resampled,37,prior,all,0.5,1000,294,134,122,160,584,0.718,0.4557823129251701,0.5234375,0.762,0.5297356821996078,0.1789631194829055,0.0334346642986306,0.03150267083296808,0.04963635100004349
resampled,37,prior,0,0.5,731,190,79,95,111,446,0.7181942544459644,0.41578947368421054,0.4540229885057471,0.7373461012311902,0.5096840044159819,0.1718147537322619,0.04556226272547414,0.045562262725474124,0.057598497877357706
resampled,37,prior,1,0.5,269,104,55,27,49,138,0.7174721189591078,0.5288461538461539,0.6707317073170732,0.828996282527881,0.5842255575149626,0.19838860410640147,0.08262334837957702,0.0695409412330112,0.08503235958923012
resampled,37,prior_temperature,all,0.5,1000,294,134,122,160,584,0.718,0.4557823129251701,0.5234375,0.762,0.5287852657696135,0.17820276925636666,0.03690112310333712,0.03483028327787161,0.058312957917428236
resampled,37,prior_temperature,0,0.5,731,190,79,95,111,446,0.7181942544459644,0.41578947368421054,0.4540229885057471,0.7373461012311902,0.5102121355622035,0.17119276489008717,0.0584688007802984,0.05547922959656106,0.06960071502879026
resampled,37,prior_temperature,1,0.5,269,104,55,27,49,138,0.7174721189591078,0.5288461538461539,0.6707317073170732,0.828996282527881,0.579257229270047,0.19725226067551274,0.04989182374488384,0.04886934325775093,0.0752482134644624
resampled,37,cost_theory,all,0.2,1000,294,259,385,35,321,0.58,0.8809523809523809,0.40217391304347827,0.525,0.5287852657696135,0.17820276925636666,0.03690112310333712,0.03483028327787161,0.058312957917428236
resampled,37,cost_theory,0,0.2,731,190,167,283,23,258,0.5813953488372093,0.8789473684210526,0.3711111111111111,0.5129958960328317,0.5102121355622035,0.17119276489008717,0.0584688007802984,0.05547922959656106,0.06960071502879026
resampled,37,cost_theory,1,0.2,269,104,92,102,12,63,0.5762081784386617,0.8846153846153846,0.4742268041237113,0.5576208178438662,0.579257229270047,0.19725226067551274,0.04989182374488384,0.04886934325775093,0.0752482134644624
resampled,37,cost_validation,all,0.2,1000,294,259,385,35,321,0.58,0.8809523809523809,0.40217391304347827,0.525,0.5287852657696135,0.17820276925636666,0.03690112310333712,0.03483028327787161,0.058312957917428236
resampled,37,cost_validation,0,0.2,731,190,167,283,23,258,0.5813953488372093,0.8789473684210526,0.3711111111111111,0.5129958960328317,0.5102121355622035,0.17119276489008717,0.0584688007802984,0.05547922959656106,0.06960071502879026
resampled,37,cost_validation,1,0.2,269,104,92,102,12,63,0.5762081784386617,0.8846153846153846,0.4742268041237113,0.5576208178438662,0.579257229270047,0.19725226067551274,0.04989182374488384,0.04886934325775093,0.0752482134644624
