id,x1,x2,related,orthogonal
source-0000,0.99653103366250217,-1.835801430774946,0.77556306183256529,-1.0327020678817493
source-0001,-0.021036142821903248,1.7066701054587217,0.020766164853383673,1.0132709003136098
source-0002,-0.72296051307244502,-0.85614815638185515,-0.57150529561257102,-0.64423127722481888
source-0003,1.8469026605248917,-0.65581531970228557,1.1492317004020662,-0.48397342625158257
source-0004,-1.3415875809849589,1.5462330489053331,-0.92870738012874865,0.9466979701407906
source-0005,-0.35735360626556911,-0.59688819646157976,-0.41007131553444409,-0.62032394761487863
source-0006,-0.72351329667433095,0.33134461537627447,-0.78228608799649291,0.29608564522853786
source-0007,0.90270573073416349,0.1689869044887633,0.80437819340910266,0.21002779887196421
source-0008,1.4574850796300018,-1.2149611348435436,1.0069303530119118,-0.83158359399213744
source-0009,-0.30005119343095021,-1.7481861710110858,-0.37147102717024227,-0.99652782369847681
source-0010,-1.2884143303481332,-0.41861855368594592,-0.84022077721880384,-0.39103876658145098
source-0011,-1.3495727538737294,0.8847025177340142,-0.88740649888474576,0.82343519316869518
source-0012,-0.5379530657635061,1.4233894156726072,-0.55223405243120305,0.95283829310619539
source-0013,0.82869959052879283,1.901656400238434,0.71277545251788299,0.93290030143535507
source-0014,0.84405113306383539,0.59091241475941558,0.71756327974502188,0.56072932257637809
source-0015,0.12878618695083821,-0.18946109474658801,0.077531309216993832,-0.29930878661066024
source-0016,1.430377151850672,1.4341468852188388,0.94318271646130392,0.94372874255623562
source-0017,1.3556650074846459,-1.7436709006938185,0.76142788694400254,-1.1341828070377984
source-0018,0.40450025605251838,0.59236151571725371,0.55838211497129997,0.71902345056423511
source-0019,1.095640134387255,-1.7741124498601009,0.80473119778115376,-1.0328358912153031
source-0020,0.54591093485825182,1.0206162239158059,0.52495826057872486,0.79091629788339912
source-0021,-1.3107720269715877,1.3084128438906104,-0.98079678703799789,0.85373415326747804
source-0022,1.6613287069411911,0.64408814041837914,0.92159733598540328,0.60664104743682379
source-0023,0.28055985406025297,-1.7353463703158223,0.3568461806490138,-0.93706718314230331
source-0024,-1.282059310690868,1.4748955102839401,-1.0532526703014691,0.80220612149383719
source-0025,-0.002896670525811551,-0.11299651701646596,-0.10236282418547091,-0.23365768881871418
source-0026,0.086546796133765813,1.7532910922944427,0.093508021666506666,0.96070466167596191
source-0027,0.50707592205616203,-0.063507194638274367,0.54244029326840226,-0.076685226469482295
source-0028,-1.6626925451263759,1.7292973090734507,-0.94366798605194979,0.98899117702026951
source-0029,0.2634909052536174,-1.7676404751089012,0.31656804640466113,-0.96114842205716222
source-0030,1.5189380708118416,-0.53444175226996959,0.79830782663061139,-0.71660618520233565
source-0031,-1.7440801504416452,0.32455519862907911,-0.91498843465483026,0.4259470171701184
source-0032,-1.6152430753547757,-1.1708085431587358,-0.93885621069919134,-0.86587915148340966
source-0033,-0.35543807791677029,-1.6878211031117796,-0.42711552713063661,-0.9904796950110788
source-0034,-1.519290776984195,1.0905789915205184,-0.95229448170253728,0.86080175702865624
source-0035,0.19774397743851457,0.95985664390098524,0.19250859866940107,0.77793030421755416
source-0036,-0.69717241360863191,-1.1862952908663589,-0.84758947389871286,-1.0539198783332113
source-0037,0.24780607114531383,-0.9237838990362679,0.38414268833481463,-0.70830472559355906
source-0038,1.1112370123230697,1.0149637034624313,0.74083473912244369,0.70978670101146313
source-0039,-1.9442723062874143,-0.82950084570744309,-1.0243422853011421,-0.80263775635178336
source-0040,0.96363347489064743,-1.4783838075884579,1.0227179907521646,-0.74118490969635342
source-0041,-0.53694463441614637,-0.88596226358586039,-0.6465020454962449,-0.86552732632568141
source-0042,0.79326776074943339,-1.9542189303443291,0.8371274522088078,-0.88532032650089076
source-0043,-0.649548563537659,-1.5682397417602623,-0.63816816271803734,-0.94043221316428438
source-0044,-1.5463768079695823,-1.7720023419146576,-0.96719469131510982,-0.98686971326776873
source-0045,0.097782391980295813,-0.14987333314602491,0.092891663624376924,-0.20184531717559215
source-0046,-0.042346871494298277,-0.038824535762961077,-0.047821855934529922,-0.043605069294822246
source-0047,0.0034289539108933731,-1.0220580782521593,-0.15247269791612608,-0.9981396934139467
source-0048,-0.54302658256151215,0.89364304329301225,-0.57705653222323128,0.78606406437875331
source-0049,-0.82430978788644538,-0.29275864273553776,-0.80528307930328091,-0.38581128272893861
source-0050,1.2686045804085606,-0.7133611534896529,0.98514584743304257,-0.61816453955907624
source-0051,-1.1472518236201661,-0.65027469304578256,-1.0193336209021768,-0.79201882906803289
source-0052,0.63597407128445571,1.4301142106796614,0.64130815404900243,0.9357646391481873
source-0053,-1.2810647824759753,-0.61996286242064036,-0.94067107146750151,-0.66053827580815649
source-0054,1.4113580874820544,1.2746158351631722,0.88995649755519834,0.86569421115106349
source-0055,-0.77026369348310197,-0.42530195665256487,-0.76241981030562245,-0.50471427376354738
source-0056,-0.56499221117063492,1.0133308894446365,-0.53485807323700185,0.89382289497851919
source-0057,-1.1121152224944124,0.97459942109246533,-0.87206926731603052,0.82240288812893858
source-0058,-0.39545519157250553,-0.11945823211259121,-0.43504917522837117,-0.13555989483392697
source-0059,-1.5666553538913104,0.90587161410313621,-0.97006492149634471,0.7802233980144575
source-0060,-0.62390647887397055,1.1515580436150095,-0.54395284155789991,0.9717818440089907
source-0061,0.67776807375964943,-1.6845992341059071,0.76080791349856558,-0.87612747587220818
source-0062,1.1990619903932886,-1.127773897909766,0.98911019449719395,-0.77919739045792591
source-0063,0.86454114370668522,0.01445340665916417,0.82031815260835428,0.060781653012042684
source-0064,-0.05516076870197173,-0.29876224334784407,0.040763092471682111,-0.23704555493098517
source-0065,-0.48173721170553341,-1.7122852498521945,-0.52448425034625623,-0.97091014101514328
source-0066,1.4576945879793066,-0.38946936977586466,0.99636599445192764,-0.38098865017608474
source-0067,1.8545776661908859,-0.88948536778924847,0.88712961084621922,-0.87827839727053869
source-0068,0.36656417870187985,-0.50574746017814487,0.38543764113270024,-0.57004394980432382
source-0069,-1.1798564704568069,-1.3178392211366421,-0.83948632228892406,-0.8695823722825502
source-0070,1.7414622699327489,-0.29715323592599763,1.1281547521320363,-0.18389618853116177
source-0071,-0.9204839291371818,1.9737656794353793,-0.89494027797622533,0.88982127705787617
source-0072,-0.71697580746899536,-0.10483232460629743,-0.96389541786030186,-0.39258602276396426
source-0073,1.5738234582698487,1.6108854711187655,0.89950357236791256,0.90323404522878015
source-0074,1.9151498955385211,-0.93464936039883018,0.83792435496187678,-0.95021770488731594
source-0075,0.75579405692355639,-1.0422676507732485,0.5529786207726175,-1.0151736366405464
source-0076,0.54003802087524777,1.368065022774128,0.49347947850051521,0.8508334364787451
source-0077,0.61628165806930335,0.91093775508090946,0.59236428286248832,0.76151433553749592
source-0078,-0.64987305608632528,1.2164042810417497,-0.73105570896332817,0.81915498159908984
source-0079,1.9906911974907908,-0.71383816554783674,1.0472059736779862,-0.63060789393362338
source-0080,-1.1888796029252706,-0.61391945515816548,-0.63727649639634243,-0.37344659935592839
source-0081,-1.2407070321609561,-0.78515794299014052,-0.72608078574900947,-0.55919476705382365
source-0082,0.84120106461735622,1.395210865348131,0.89186544808005919,1.0584463837630855
source-0083,-1.4837583240045209,-1.0045462344786649,-0.81208330349119673,-0.70264441254949817
source-0084,1.5256501223183729,0.59909809638644296,0.92368991199507733,0.590026034262216
source-0085,-0.45587871314305284,-1.0394024732243485,-0.40421404468928096,-0.75342469723558436
source-0086,-0.30074756929551638,0.70630002952773419,-0.34534158270539822,0.69045500768694623
source-0087,0.78445863440210939,1.9801624632355215,0.73498743496088315,0.98203100533155752
source-0088,-1.0338432958916024,-0.52034937504805789,-0.77683555541033855,-0.48540298786892816
source-0089,-0.46593811766608173,1.7907667620004957,-0.54150907901928691,0.93898845480828141
source-0090,-0.1493974339120987,1.6071431251094364,-0.20156660326812198,0.93443182788752865
source-0091,-0.061542607161724661,0.028246918672118149,-0.11035339046126738,-0.0027529041489073244
source-0092,-0.033019556575624165,-0.36002683821361314,0.089725927813309639,-0.2776895805824981
source-0093,0.37928662226894883,0.17107546418672337,0.48671393462627188,0.2630502143539587
source-0094,0.5534044957303923,0.12402514466327075,0.49444600890106288,0.061111146645593653
source-0095,-0.56152461575031509,0.24968911356126355,-0.60113894601772988,0.277325530039299
source-0096,0.99685010119770689,0.98942717885039189,0.90940088678117426,0.90664640102150873
source-0097,-0.49312886365297626,0.819530248785306,-0.55726502185542615,0.72844097013985554
source-0098,1.2933802313144112,1.8101704579364215,0.92033770991237218,0.98058782916220177
source-0099,-1.8135791644531691,1.2375895185520074,-0.92982232516934749,0.9471785554145391
source-0100,1.8660535625932475,0.62509724782683573,0.95477880997640296,0.61244282306870923
source-0101,0.11725673877026166,-1.1749817307653792,-0.062167264235505171,-1.08944350830058
source-0102,-0.75976481326002698,-1.1461127261938677,-0.5580567301131254,-0.71600343576200853
source-0103,1.4231139339774654,0.34899541614417862,1.0025429974912399,0.46208810539149436
source-0104,-1.0653391737955475,-1.2791267222315539,-0.85413536027801795,-0.90934366689487289
source-0105,0.76326781845347558,0.13946344288871648,0.68113804846853065,0.12298683474092964
source-0106,-0.12547080637139096,1.6675725158900097,-0.21634357961363401,0.89719815007809189
source-0107,-0.13720239136073786,0.55399098338013353,-0.031920918608275423,0.71279199761841228
source-0108,1.9273735546406314,1.0436335982895413,0.98325056674835765,0.85159831549168974
source-0109,-0.74826175828636776,-0.76040215775515341,-0.69363593060724615,-0.70067692111579638
source-0110,-1.2359039094589082,-0.74180643813923774,-1.0088805924556683,-0.81831284016228123
source-0111,-1.8313702718369584,-0.27548393511580382,-1.0042433766948735,-0.34765588806037473
source-0112,-1.3663339875366693,-1.9371537963623653,-0.85591652297619614,-0.90954210127983293
source-0113,-0.52316282066774411,0.17189815443613776,-0.69307287353855951,0.066860421933741171
source-0114,-0.42209267123850269,-0.31453973892707188,-0.51324263891172495,-0.40650907170976114
source-0115,0.7266083035524824,-1.8530054698525529,0.71413158754160022,-0.96507059115204619
source-0116,1.0939572883089368,1.333644101976585,0.86764569910713152,0.92440109669796244
source-0117,-1.1116449407197742,1.1515040404572447,-0.9139027653071683,0.83766924624646211
source-0118,0.29336808290134275,0.56613123506438834,0.35253546483848452,0.60545201415191641
source-0119,0.42086716230499244,1.163451255919274,0.52476496321322363,0.94320765824371211
source-0120,1.1347965808784894,0.10222249671138828,0.81519980472254105,0.060455521317775346
source-0121,1.0840247962738663,1.3974767727982531,0.79167347253411902,0.86220437594558441
source-0122,-1.4618320611543365,-1.1129707719838215,-0.92976489046629573,-0.85851626969068195
source-0123,0.40177739401470225,0.95625811792150017,0.46263426980256228,0.83161156743889542
source-0124,-0.51118700356121405,-1.411025999865569,-0.56543123619163493,-0.95345562888856594
source-0125,-1.5571635323582713,0.30295678295453898,-0.89669227987871014,0.40510990653342005
source-0126,-0.26858928380909752,1.8363260058805073,-0.38514448223090036,0.90236171395588971
source-0127,-0.71790109910326905,1.0013172518213067,-0.70963627349519809,0.82151994307100062
source-0128,-1.8865756640093538,0.92911625927530883,-1.0302381397059952,0.75418511367019703
source-0129,-1.121541691194349,1.2581960950946618,-0.87473608996933994,0.90524393774476375
source-0130,-0.27122459423067014,-1.8716202681702701,-0.21103969147457355,-0.87444474773230918
source-0131,-1.4748728118000471,-1.4724343100309945,-0.79705991189488867,-0.79673821675143019
source-0132,0.90048167499636111,-0.13512474508296934,0.77121603596400834,-0.18294068364059696
source-0133,0.18408937310961182,-0.57694374657567415,0.14715215636378665,-0.66970879789554882
source-0134,0.58869707326933751,0.18923261716803808,0.49686002762239195,0.11167753677930328
source-0135,1.8567716154388227,1.3251685263805859,0.88954377570812015,0.83266937502595451
source-0136,-0.047967708212564908,-1.8514100115072591,-0.1594488825106751,-1.0787121440853917
source-0137,-0.095560279486169186,-0.49929382948431877,-0.14743130364263801,-0.56970527405273041
source-0138,1.4956236286870639,-1.5675454439322798,0.95056615546338041,-0.95027910678750505
source-0139,-0.30581762814341662,-1.9998728518082847,-0.46698497587054888,-1.0993065503058221
source-0140,0.02634408452496606,-0.22994030160665035,-0.082006365604730264,-0.38274125569788958
source-0141,1.3276157725531967,-0.83405649646793245,0.99222302236449655,-0.69036456584768513
source-0142,1.1782906798095949,-0.91759727544970415,0.81849458966883337,-0.87073495226627518
source-0143,1.2094568789996165,-0.21669322820879522,0.98468951661893867,-0.1655949767641588
source-0144,1.4254815002086283,0.81686360934628377,1.0515790995579106,0.868028896054166
source-0145,-0.6371216880323356,-1.3297022083813723,-0.66486496243718285,-0.94212811387063433
source-0146,0.91806347296733604,-1.9159788521661998,0.79717762773620959,-0.98398650922785691
source-0147,-0.98096496996501736,-0.93060942014499881,-0.76077540418860312,-0.74065101789293819
source-0148,0.19977728338902923,-1.8042625845571627,0.25429919547190222,-0.95495717210107378
source-0149,-1.0234213018070655,-0.44456585350580369,-0.84912158780153002,-0.4951286216860164
source-0150,-0.22567644713442458,1.9104254383912189,-0.32267667463676175,0.92150237264972934
source-0151,-1.2070046414087359,-1.5058196676579882,-0.75132520930801994,-0.80347252069958564
source-0152,1.140308549291154,-1.2980226832462791,0.90530504846736892,-0.88805041169735
source-0153,-1.0892931281126907,0.30284971660810012,-0.81939010216339681,0.3923854485598145
source-0154,1.568870985683414,-0.39559410563602526,0.91579344469537016,-0.48093274632104632
source-0155,0.35227067158122916,-1.6350818465157335,0.41195124636207114,-0.94852181797314461
source-0156,-1.1338768689333127,-0.64214344264472389,-0.81300166880449243,-0.58371942119538911
source-0157,-0.29075924832167654,-1.6595800419527555,-0.41706374115895162,-1.0450760622155661
source-0158,1.1406496832698583,-0.48330347356819869,0.66812314172241294,-0.73293001452388173
source-0159,-0.94631626236230204,-1.8744287718611807,-0.82256918489353104,-0.9876452687783388
source-0160,0.57347673087856643,-1.6664380043539038,0.50093987369691495,-1.0598747421243035
source-0161,1.9742903669260081,0.17476162660743455,0.95294623100464582,0.17699408385696791
source-0162,-0.24600215391100555,0.188077692995825,-0.33399525762524856,0.17485860707151901
source-0163,-1.6859987422517384,-1.5699309341824974,-1.0268140817268268,-1.0160228640609279
source-0164,1.058460099692426,0.42702375079046062,0.79750114640640057,0.41549747808975013
source-0165,-0.19334868141177441,-1.3397149251837903,-0.29626257177985477,-0.99113297243588983
source-0166,0.25031980899027095,-0.25471259264660118,0.087622741103243973,-0.50052028199963616
source-0167,-1.3240125856341205,-1.7660993707394366,-0.94568391139675134,-0.99727237849548089
source-0168,-0.67232886548435689,0.23781772723029659,-0.65848317454467631,0.28721327358898391
source-0169,1.1237849547016436,-0.50764997608170104,0.74225763276088852,-0.67500067244097894
source-0170,-1.3878842974179899,0.25823599348749937,-1.0147293538788391,0.21655052874596992
source-0171,-1.2001220459988295,-1.2968360557832241,-0.93547469774269909,-0.95655071513296919
source-0172,0.18584350845864384,0.26178198988524137,0.21155177128502239,0.29636183960692836
source-0173,0.67167646466570696,-1.8116739236907398,0.62928468431777174,-1.0125649575931843
source-0174,1.4118943557935477,0.83215011453930865,0.91496710165032635,0.74127498695055516
source-0175,0.79598870451092685,0.87610320384957285,0.7162583194508696,0.75645675856560946
source-0176,1.1211215088175708,0.72647212842643905,0.76707183945317359,0.59639212305833844
source-0177,1.6337425153004985,0.052771758627329746,0.92990763525571274,0.032021950130395757
source-0178,0.83755931287495411,1.0117314642892152,0.69126404054900326,0.76544685062796847
source-0179,0.12406174723341179,-0.92501236954764909,0.14188044403570824,-0.8099710980334901
source-0180,0.26981054172861541,1.5614069437969311,0.20526233425816565,0.84627548493976668
source-0181,0.29699312246402743,0.48001127580946923,0.43999921569153744,0.61772932583045881
source-0182,0.78062347619667305,-1.4291397519576337,0.68182764455256184,-0.98915119589148515
source-0183,-0.017349896297965905,0.18780129435274961,0.097500898600463015,0.33994005688460616
source-0184,1.0553769448937307,1.139158140367396,0.97788764319424903,1.0030587738646424
source-0185,-1.7249286240844639,0.60380544507787981,-0.86834029419951864,0.72003779661173239
source-0186,-1.2224570182866854,1.12823486893465,-0.89092890260650293,0.88303124990624615
source-0187,-0.13035578697131944,-0.71468697624972188,-0.18982991064106242,-0.72969815453867259
source-0188,1.6395609750815749,0.30016951004424852,1.0653072391502159,0.44904442750206552
source-0189,-0.89307991707676537,1.8760709895467045,-0.76427639742247877,1.0039048059569744
source-0190,-1.7987958950696958,1.1672025872453755,-0.94666161387763925,0.91250335700104235
source-0191,-0.89087500682185983,-0.04228385432284032,-0.7600211232398083,-0.021615205346857066
source-0192,-0.20616789907721023,0.28142891201726483,-0.22189195454234933,0.34601815362165073
source-0193,-0.87240269756105393,0.79662883516923255,-0.72507773131094655,0.7979809092545469
source-0194,-0.77916064800688289,0.72966419311139896,-0.76032877716140645,0.67679112495906724
source-0195,-1.8439696405891892,1.3371563868283576,-0.8425111866494448,1.056192294681948
source-0196,1.8265924595044338,0.77650731557460562,1.0754511736237402,0.83153488334608905
source-0197,0.14436616374429079,1.5769084641359372,0.21152569036378691,0.99557134893102484
source-0198,-1.2833995886373235,1.0532587330410532,-0.7648025744436816,0.99946976161810719
source-0199,-1.1671768649554486,-1.3386793325783199,-0.87751740183662574,-0.91466201499062638
source-0200,1.0940028578069176,1.8961411295665109,0.79243890627976221,0.90655773310292853
source-0201,-1.5133211781151688,-1.1947787205603051,-0.80637380697816508,-0.75036655085562831
source-0202,-0.53920756619463761,0.9035026516323228,-0.57859808753122854,0.78583458350123936
source-0203,1.7902082583349674,-1.5446396528074704,1.0016418458635294,-0.9235725145736835
source-0204,-0.13207515867275488,1.4079062964295646,-0.15963692220359327,0.93162133155712334
source-0205,1.3728283386657893,0.010783578303894981,0.9440483644330997,0.028488785215910601
source-0206,1.8381377709299778,1.5427140849807817,0.9979189057073562,0.97376520939863576
source-0207,0.86883742971216416,0.22756916499314706,0.66619248788498897,0.1537690806034604
source-0208,-1.3171123145349637,-0.16457937215896612,-0.8744446752796361,-0.15072626587993099
source-0209,-0.66254177979477058,0.79878647488372945,-0.59424096291115547,0.81064606604287637
source-0210,0.84295693073313371,0.17020120041286768,0.82044797140800041,0.25549440786513999
source-0211,0.61252619973749756,0.27079592592643031,0.66576209111761342,0.35360866706421551
source-0212,-0.8456188009274892,-1.9902251913379043,-0.69890447583590287,-0.91447859369095086
source-0213,0.48263575360296018,1.5901731681811229,0.55659845476987424,0.99147634969740261
source-0214,1.6796978386295001,1.3746859758277195,0.94723539391138012,0.91092540645032583
source-0215,-0.5559875142222972,-0.72906963219551857,-0.54303345508843359,-0.66375516566488391
source-0216,1.6396601126941301,-1.8448092975699186,0.92751931990077185,-1.0105399575623313
source-0217,1.5891645165575858,-0.69959068519115419,0.90543941562902519,-0.73694191417735122
source-0218,-0.70305536649774192,-0.54061871675672979,-0.7205711407416735,-0.60364775964401729
source-0219,1.1160796926643037,1.6230334231510675,0.84166391730348977,0.93029635835600144
source-0220,1.7990971089501224,-1.7167858847454984,1.0045486428125445,-0.93718382747449602
source-0221,0.82233119297566182,-0.39487209295227066,0.64233255283134316,-0.55496285271936729
source-0222,0.86981158059560526,1.6644485240814486,0.86206280619153652,1.0465278745340421
source-0223,-0.28060783504112274,-0.93491862562340478,-0.22935004061387657,-0.71302522042821548
source-0224,1.4341777441721368,1.9925970342168458,0.90396446617189807,0.94936418292869051
source-0225,0.81519282157260697,-1.289321118356225,0.89146675944906861,-0.77415239299167138
source-0226,1.3721623378808783,1.0389903335794051,0.95028467476307821,0.86927640948801954
source-0227,1.3281431346802863,-1.2754850796438206,0.9083321720324502,-0.92291761677986339
source-0228,0.64133538144362623,-0.074520574794505468,0.73578715093811597,-9.8156319887771071e-05
source-0229,0.93163776648980967,0.47227883266543946,0.81036890266211659,0.51646599569879847
source-0230,-1.5898369055670627,-0.34560133489720046,-0.84663638774628958,-0.2822101383384128
source-0231,-0.57006690528814952,1.0040619474090833,-0.54299869412031354,0.88630226206227403
source-0232,-1.3202872244818109,-0.10528484249487358,-1.0212080049396424,-0.22760414629733239
source-0233,1.7117735057849441,-1.5556816675988951,1.0167655388374077,-0.9041979915602909
source-0234,0.80784146067021601,0.31439785712308588,0.73217837874202807,0.34407432313141467
source-0235,-1.9549666136359138,-1.9356183798363524,-1.0711171249226821,-1.070261635391069
source-0236,1.2984737521879004,-0.025096735382620583,0.91770610197687241,-0.027524124810373481
source-0237,1.8451303580117346,-1.3523766245481514,0.96622052406144066,-0.9352286320370542
source-0238,-0.65485878805776032,1.4835113589391589,-0.76157798869137006,0.83918070034171455
source-0239,0.96316419752800453,0.93157124731018381,0.90263650674146578,0.88980324541598665
source-0240,-0.21614044554825096,0.0052862140289628989,-0.12963490502975067,0.13041327370084954
source-0241,1.624378178834823,1.8307886338332549,0.98214095090642439,0.99747599368156015
source-0242,-0.031267060906916999,0.5330950374103729,0.02771177385314362,0.62991946777147523
source-0243,1.6886154187488653,-0.96355859269985977,1.0328754975568439,-0.75278710382144076
source-0244,-0.89326557958824182,-0.15841487617399341,-0.73898287909136573,-0.13664048832263628
source-0245,-0.4111847847226171,1.1818235575812981,-0.41798112764927359,0.92816723618883956
source-0246,1.9615243738107027,1.5900667284881633,0.9130240312126523,0.88783820355242471
source-0247,1.5308538580140381,0.14609597292091836,0.96724869676483438,0.19028081492762175
source-0248,1.1040265600357202,0.37293647240198924,1.0178896096296788,0.56977049860012541
source-0249,-1.8097761571441588,-1.867386058130355,-0.97972612939958104,-0.98300124765217811
source-0250,0.013107854541460906,1.6360535257734155,-0.024014608991212324,0.92159539517199229
source-0251,0.43633292834316428,-0.18286408580442481,0.33290942503628651,-0.36354521816901675
source-0252,-0.66631461734945097,-1.9116586499432078,-0.61357743751279359,-0.92963506189555623
source-0253,1.0666388222012393,-1.4248345050799198,1.0105962738693819,-0.78250291185622034
source-0254,-1.6918842033651811,-0.65689435070049607,-1.0159612680910506,-0.70728664547121811
source-0255,-1.4588595707197407,-1.5705154577423808,-1.0015176236874848,-1.0149713604414807
source-0256,0.15446952309724526,-1.9820451087358566,0.20008907355006778,-0.96614225341432347
source-0257,1.9506498030038832,-1.5068787453647148,0.93407705600434432,-0.99521811033849217
source-0258,-1.6432846578018672,-1.8773059138700914,-0.9051075009970545,-0.92126289431928132
source-0259,0.93626939698287703,-0.38018370131849721,0.87244086439593649,-0.36334884624015867
source-0260,-0.0029892215713571701,-0.41628987235541937,0.094350408395324187,-0.36382402923368062
source-0261,1.9491852199971089,1.7118916367662371,1.0394527149483785,1.0255435632340704
source-0262,1.9802669408635762,0.15482262915830614,0.85155834047185697,0.052347122448174799
source-0263,0.96689452704395773,-0.68650395379603868,0.83832866818749152,-0.65993571151210995
source-0264,1.9013940142443135,-1.716149812142127,1.0211441346734209,-0.92620809734850373
source-0265,1.8083489303094469,1.9084171317176994,0.91697423000900791,0.92241324675408198
source-0266,0.67852654293467074,0.014122053566885562,0.68522306631863006,0.030249762962121229
source-0267,-1.5833171777102075,-1.8637038442088976,-0.99490537143720292,-1.0160986249786919
source-0268,-1.0602451250420599,0.66980065141837697,-0.8159681269074458,0.70458409952879808
source-0269,-1.0548865925500772,0.1636424329698114,-0.79772932570082633,0.24882849204777926
source-0270,-1.4821148591783908,-0.97947055810028427,-0.87387826986585382,-0.755324953519102
source-0271,-0.29335343789167512,1.4039704046729042,-0.33559653655389243,0.93604997963768
source-0272,-0.85038702933286725,1.5178269340739727,-0.72802003455034014,0.99101266313708924
source-0273,-0.13145049023583333,-0.41578875716935437,-0.16064172088783121,-0.46548478452499026
source-0274,-1.0263474427085177,1.2281942310387661,-0.66628140753735854,1.0770724236285933
source-0275,0.20628300824104606,-1.2684919262416607,0.17526660611906947,-0.97641646525365045
source-0276,0.27481659977162787,0.58784850082617002,0.35584258877437047,0.64531524298867637
source-0277,0.27364360468659044,1.8249781676616452,0.33618174492267072,0.9943821534157119
source-0278,0.051236543980795801,-0.049221375455397176,0.030354451392758032,-0.090049101102977536
source-0279,0.50110508479416893,-0.91740651532508988,0.63633778365378102,-0.70247243648250468
source-0280,-0.78825235367237623,1.7442665469611951,-0.80930228996794318,0.8986689224391049
source-0281,0.64765554057284724,-1.0049230518708328,0.82654780664852801,-0.65998885284706543
source-0282,-1.6493693252999813,1.4218141524234857,-0.9972723568289712,0.90143582170304271
source-0283,-0.55478394226871153,-0.47129511122945456,-0.58309107729265253,-0.51300665237900833
source-0284,1.0704956615463139,-0.1873560763391473,0.92213475380663357,-0.15668377146352835
source-0285,-0.11759014226107389,-0.67364569366241422,-0.2238170492346423,-0.75233079988400131
source-0286,-1.0702926904414607,-1.1561230686848969,-0.96977509884055357,-0.99472116760021212
source-0287,-0.54506610511119025,1.3612300697049324,-0.54863558511204424,0.95232917208150736
source-0288,0.66790863451846194,1.1623589072202609,0.6267614111494817,0.84612143260814188
source-0289,-0.89945139432236898,-0.65389028889562972,-0.77038081444227591,-0.63280403181899314
source-0290,-0.23436607163348588,-0.7944765418199351,-0.23590866835629848,-0.70316274346208762
source-0291,-1.3961822870188914,-0.937662100443029,-0.87999502431966481,-0.7570987001535916
source-0292,0.96114711464660818,-1.1420364970587782,0.71035642791878817,-0.98730643443354582
source-0293,-0.7625782678405213,-1.9824450793330399,-0.66993551708841492,-0.92934564547435827
source-0294,-0.50889512315764796,-1.9793591890030955,-0.70985872404762762,-1.1481101352379064
source-0295,1.067583288217691,-1.9240838103926623,0.94439090259121439,-0.89283093401620306
source-0296,1.9844969716383996,-1.3816846546277439,1.0281942478781434,-0.88481720307962908
source-0297,0.10783807425024294,0.34499432373568917,0.072297723598063246,0.33546754706778337
source-0298,-0.76519047779669824,-1.6589160180917837,-0.72921009014790883,-0.96751631404518734
source-0299,0.038809764414694747,0.97740683036863629,-0.035110528798774625,0.74354724839913844
source-0300,-1.0326265054488295,-0.68914771942823494,-0.91731196734118625,-0.75094805401098863
source-0301,-0.44971227108192213,-1.5704308110095702,-0.58189951191812939,-1.0440650968029956
source-0302,0.19470357762070156,0.44663381323347506,0.33802557014587453,0.5984661568915487
source-0303,1.3502283985555543,-0.67120151717305676,0.89176207870155377,-0.69996995524296513
source-0304,1.2249411127709324,-1.8357559449938918,0.92418219769797327,-0.95126383598619968
source-0305,-0.95853105710306563,1.0360584817872804,-0.74746693789811647,0.91675141823990947
source-0306,-0.57776137187478449,-0.8660279957202297,-0.74949681881934782,-0.92697553167350932
source-0307,0.43848834550618676,1.7056445780938114,0.35515725013162203,0.83988436627853946
source-0308,-0.079485974016787253,1.9352169892206632,-0.18860567647801707,0.88744410847627175
source-0309,-0.07976215131081732,-1.1636623354977012,-0.10993552720614655,-0.8990820519063577
source-0310,1.3001995169112548,-0.73559664679579573,0.86927256214393611,-0.75396401189944251
source-0311,0.42354504132923854,-1.6933110610921296,0.53289846940067409,-0.90190350245830531
source-0312,-0.62856193326132015,-1.2089975671976965,-0.63666527932468253,-0.89482361937951016
source-0313,-1.4680436446524396,0.91221227940418448,-0.96060299145515005,0.78065504320986245
source-0314,1.6211282966797924,-0.11355841013023138,1.0178377133036607,-0.077551477696486765
source-0315,-1.3854222969174335,0.36982734295025299,-0.94035668346171852,0.40698072080227726
source-0316,0.9436926159715,-1.6865614440424284,0.84279158657327014,-0.93473411541528073
source-0317,-0.12754324465842526,0.13247931507760091,-0.20920082297522663,0.10031640342588644
source-0318,-0.71524321079387665,0.7043899373181346,-0.62003145323000175,0.76393432450223397
source-0319,-0.17307212030783736,-1.2411584490861625,-0.12303605406472337,-0.82149743318269608
source-0320,-1.552745206520961,-0.9730943097386282,-0.88470976285486447,-0.75526516039840064
source-0321,1.9717835515975333,-1.7517252911232046,1.0015875567348054,-0.95152570018796334
source-0322,-0.22038340248807753,1.907645212262628,-0.30472694291474056,0.93340068614059657
source-0323,-0.4473834408453885,-0.80116722408016194,-0.49657769989538419,-0.75087116326748493
source-0324,-1.3674165716075013,0.97752424204136856,-1.0152692039848106,0.7375698583090019
source-0325,-1.1850917543640853,-1.9299705353822092,-0.95110512334184016,-1.0417826620942421
source-0326,1.2824027299023628,-0.27259997474917208,0.90547505815122165,-0.32238804197791726
source-0327,1.2992025342614721,1.9145342749083385,0.88557045927459599,0.95030046650094413
source-0328,0.2601136400436026,1.2757840056841276,0.31073532804777926,0.91894139983539769
source-0329,-1.7325586622028766,-0.73029459868446844,-0.96518478914263628,-0.70056434289135905
source-0330,1.151586766088788,0.99171742754211278,0.99463016680533067,0.94385099272312933
source-0331,1.8437061532686925,-1.8427175052326485,0.79547447533268245,-1.1571349411766718
source-0332,1.2462926149482465,1.5520653140500533,0.8172337062480477,0.86579994991193976
source-0333,-0.28846107589333236,0.37292848533359058,-0.33894074426161519,0.41387245655736726
source-0334,-1.9043904896320774,-1.9437042854088356,-0.99118396929898989,-0.99301187928025914
source-0335,-1.2458481771499339,-1.6400815027464519,-0.71772632541430903,-0.77518541642601746
source-0336,-1.6897946743506882,-1.3506952775200656,-0.89033937663663654,-0.84914771601015204
source-0337,0.68554867014951881,1.0612769460525171,0.82515659771368033,1.0033945381329257
source-0338,-0.5461602182396561,-1.3721082748936584,-0.64415929367949309,-0.9972503910886551
source-0339,0.041474119658072794,-1.8051497867512576,-0.039416218586247352,-1.0632117412519793
source-0340,1.4973187297427355,-0.64593958639372806,0.90024429761073022,-0.69612861618361055
source-0341,-0.67185877073153577,0.64749374676026106,-0.73226396427975138,0.58621870373035012
source-0342,-0.89275782607729326,-1.8830483581238986,-0.77661472849228019,-0.96510266208650353
source-0343,-1.0379426615579317,1.8642856343080609,-0.92632061942262722,0.89816533159233269
source-0344,-1.435366112667666,-0.091139689321711792,-0.84305592699552145,-0.013833483434125049
source-0345,-1.0684609996037473,-1.4093812499661054,-0.74434777299653809,-0.82159741865407665
source-0346,-0.24874506169586752,-0.953179927771314,-0.28234199106263674,-0.80810314892711932
source-0347,1.1237292317160352,-0.6943449477100696,0.96491101723615302,-0.59097982751535838
source-0348,1.7168690571981711,1.6864319154316432,0.92967421605947709,0.92729417391534374
source-0349,1.7280926771844864,-0.75850794565462998,0.9927087448729135,-0.69740568747906839
source-0350,-0.91741752774648599,1.4781386826284746,-0.71757297839151812,1.0272702268174652
source-0351,0.68225630952650462,0.21139822885063797,0.71064598932211454,0.284652964420326
source-0352,0.44259752142829489,0.0965615390304011,0.43225447947714324,0.061378005710669023
source-0353,0.77482420387820738,-1.4742589868815261,0.75551753294398205,-0.91848987682192684
source-0354,1.2557634203778498,1.9335051319525167,0.95009298298983424,1.0245799116532728
source-0355,0.55463283815381104,0.70209041752535706,0.5662596782531949,0.67134384514576584
source-0356,-0.72861338096755279,-1.8201338587885929,-0.70115734422559961,-0.97255903924060283
source-0357,0.88694226013407818,-0.44378984870747251,0.57816297865232125,-0.69647899956341941
source-0358,1.2587168606021493,-1.5830049881763046,0.78381497965605118,-1.0794094247390771
source-0359,-1.1598333646153702,-0.39129970392649227,-0.97668741740407483,-0.53096458002965374
source-0360,-1.9900573393388066,1.709090726603407,-0.99266594019461163,0.95807122203314632
source-0361,-1.4364116185168867,0.72725322857719377,-0.97810446351352021,0.66294712532962208
source-0362,0.31181960360751138,-1.901391188953037,0.21283352119198304,-1.1241728817675796
source-0363,-1.6436863821015497,1.7020784140341525,-0.9090245623243649,1.0199120471840037
source-0364,0.76237606392313495,-1.6840109127741911,0.69921001501550761,-0.9897114771101081
source-0365,0.28582522968195523,1.3878796920220515,0.2840704465584013,0.88487439397616163
source-0366,-0.33857243337154097,1.3373620035440026,-0.21211258537231495,1.0955958493875275
source-0367,-1.9725634184645839,-1.0985354605176192,-0.91786540330163424,-0.80163823116102439
source-0368,-1.8719809110650347,-1.1005734221369368,-1.0596024807708977,-0.94868934365746393
source-0369,0.82258888150543497,1.511104074478347,0.81005702507459421,1.002099779605139
source-0370,1.2266667207003845,1.3402908972475198,0.92239493803010031,0.94535232767940358
source-0371,1.7827051897223805,-0.078192185585027385,0.93412510446274899,-0.13208316423783972
source-0372,-0.34671774233129593,-1.943765477935846,-0.4371230340091794,-1.0248539102301149
source-0373,0.11465670897289781,-0.43138889284360626,0.10131486695171632,-0.51130864238136053
source-0374,1.9664422496417919,-0.31870848641585736,1.075281982651493,-0.27186919904561413
source-0375,0.46319755420013831,1.4750753757318229,0.50612341133527561,0.94486056952245923
source-0376,-0.36022089070049867,-0.50571586044896977,-0.34705887057198059,-0.48175866337754453
source-0377,-0.68588420814028472,-1.5444903435321722,-0.57496468939214185,-0.85029623479025029
source-0378,-0.93119410114682877,0.53054611374781713,-0.71138851326161068,0.65790354463170453
source-0379,-0.83308037406736934,1.2032429928458597,-0.74918962192039074,0.90675542339367687
source-0380,0.55413707306158244,-0.51163832722230129,0.61512483296879406,-0.51344577627856947
source-0381,-1.9873971061014126,-1.5309403127604466,-1.0385198188534353,-1.005860819800501
source-0382,0.35680305378778332,1.6753993883533584,0.49386106080844105,1.0548360635890985
source-0383,-0.63828772518184484,-1.5793202564350657,-0.65257711198046076,-0.96383488606621626
source-0384,-0.035362407509277105,-1.2966486789185452,0.014794343303838824,-0.8575627544441633
source-0385,-1.058713398574251,-1.5809815990331502,-0.87472290288742993,-0.97679689403824632
source-0386,1.2951754039708829,-0.50898303056820327,0.83629780547903654,-0.62285540370923509
source-0387,1.1497551828051171,-1.1085137208080202,0.87345652922157924,-0.87673116545432705
source-0388,0.86519688875892076,-0.59422458110346987,0.69193198879386331,-0.69785666756894926
source-0389,-1.1710418655710151,0.97555375518633403,-0.90990706017631484,0.80105925699772895
source-0390,-1.2210259482435872,-0.19230960920051032,-0.85368978290100728,-0.18178629074440908
source-0391,-0.68018318739950923,0.15786528396759225,-0.54780695489336684,0.3124044769651082
source-0392,-0.82532287502114077,0.86523339209370764,-0.86188878201863106,0.67284667743058868
source-0393,0.89666559947443103,1.9441290095891102,0.77225308520905067,0.9618966225204999
source-0394,-1.9775920733567305,-1.2924290291997367,-1.0272947287693681,-0.95845040026963113
source-0395,-0.65497681142551301,1.8817463898558717,-0.68799916667241645,0.94649728131123922
source-0396,0.046962067526099105,-0.35823901342636733,-0.069197806095291442,-0.53071942036127184
source-0397,1.4676225161889205,0.41961737108410002,0.96026566005344938,0.48253196822653044
source-0398,-1.6938438885785239,-1.4152307810741473,-0.99807998498645834,-0.96701261596972565
source-0399,1.6757262291299835,1.0796305967448085,0.89817518736126267,0.79396244615412948
source-0400,-0.41068841553851021,-0.98203635318956106,-0.59016648048012721,-0.96067010646125972
source-0401,0.69444992337423184,1.4514404739787761,0.72222705896405359,0.98038853814450266
source-0402,-0.53300890641468923,1.9705452353174717,-0.72666068656512217,0.82046324028110096
source-0403,-0.3976741305814282,-1.3531961794902614,-0.41115486907464555,-0.89232794790423464
source-0404,0.8791518567076988,1.7588114247924991,0.7797339823374505,0.96705946606639714
source-0405,0.69502855192880286,1.1341375989481848,0.74648386513827047,0.94046431752094473
source-0406,0.54539028331496731,-0.61596572339245315,0.49772149723596515,-0.70558554231272474
source-0407,-1.5410561165698686,-1.2806248323767426,-1.0303211866627029,-0.99021687431006677
source-0408,0.8825481986517083,1.9042654912701349,0.83971151903090258,1.0339097907503139
source-0409,1.6872528448529316,1.7663458960600318,0.91959116570802135,0.92543171669163138
source-0410,-0.37379737254971657,-1.922150885657389,-0.46030101416221608,-1.0199431012767792
source-0411,1.7804399690684347,0.98294858199001478,0.87858762158299608,0.73338857766052701
source-0412,0.19729482718038094,1.3896088405697222,0.1893042739777506,0.88810148854459603
source-0413,0.65254038424920102,-1.2014981869482324,0.67715423096930183,-0.87135778840607536
source-0414,0.17312246122827135,1.1346859122715953,0.27923567597109689,0.95119570084052307
source-0415,-1.8038353447088848,-0.34060748887335235,-0.98084310677506903,-0.39424929221094107
source-0416,0.15421801290428583,1.629627151315252,0.20951598819075556,0.98728748821079526
source-0417,-1.7212605101558598,1.0527425765944507,-0.9662041366626648,0.85414005389461001
source-0418,-0.99008054964899372,1.974672227485347,-0.89033044000376993,0.92231779077553133
source-0419,-1.6361930281341222,1.2680050945906771,-0.90118905527973059,0.96913891456134438
source-0420,-0.50172749744088696,-1.1166110444077297,-0.53950599464778659,-0.87263918617714975
source-0421,1.5879419775685211,0.17763274834038789,0.81629062760346505,0.069570692813688828
source-0422,-1.4576626812911662,-1.2969355505003533,-0.8974864728170483,-0.87102529569419562
source-0423,-1.2691048020319489,1.828693706722333,-1.0486862735908979,0.83599474837878851
source-0424,0.9391780858950658,-1.9629294320077202,0.86477950350664112,-0.92738461870677258
source-0425,-0.67766131360137027,-1.3281428350014073,-0.83155915652616907,-1.0809365099108326
source-0426,-1.1324068346604945,0.81375554133949546,-0.95070848367791694,0.67697614695203445
source-0427,-1.0554534455235816,-1.2688250971294077,-0.81588307546671146,-0.87217280554489351
source-0428,-1.762271144589878,0.050514289735326123,-0.99676950071997861,0.03507066440594582
source-0429,0.33783982337790741,-1.4106119386456561,0.48500600465224752,-0.83405512875395393
source-0430,-0.95629968993345926,-0.81173786385049773,-0.83515450812509584,-0.76870460166144516
source-0431,0.25014603208295494,-1.2729211011116881,0.3392615938879775,-0.86220809356551087
source-0432,1.2531916846179847,0.2393654807613057,0.794542552233796,0.16829580648288586
source-0433,1.7874328036098821,-1.5141986018237841,0.84008667371879375,-1.0814120410238082
source-0434,0.68223139213757111,-1.3176409561722591,0.81774255485015845,-0.77539124232265866
source-0435,-1.0796695530358815,0.19910161860499853,-0.79495355589011429,0.3001107129332079
source-0436,-0.47599663570288575,0.6853354422750586,-0.47161885083459387,0.72099361254300121
source-0437,0.48616294487413025,1.3126580197780577,0.6009385180623078,0.99365685041682283
source-0438,-1.2183188781974805,-0.17709177938317477,-1.0071212637282543,-0.31845213994397087
source-0439,0.84437250680008713,1.4689389608623755,0.68777000166772595,0.86347510135343419
source-0440,-0.7637861281628151,-0.58695313501809876,-0.46789592495138982,-0.35075556115308099
source-0441,-1.1729656430855653,0.68042753449013427,-0.8608717793530799,0.6992703443081395
source-0442,-1.615573920450486,0.02443993995462268,-0.84839900898937604,0.14035040963104728
source-0443,0.80442580991392454,1.689579237166229,0.74876031818876054,0.96804333717347968
source-0444,0.92833870345767266,-1.1868839708711056,0.86636344002033083,-0.82959502577791977
source-0445,-1.2788276118428099,-1.1005681147125754,-0.97107306475318111,-0.92681910700758285
source-0446,-0.89003528861499603,-1.1458650269476767,-0.69042833382288948,-0.78154109255703852
source-0447,-0.83212968406844556,0.83403172059230846,-0.76738402251927496,0.75554876071880672
source-0448,0.092917607339774388,1.6884969543531403,0.17285451728767023,1.027645563564604
source-0449,-0.35886347705980937,1.8271821044266754,-0.34016414134268103,1.0410754992893354
source-0450,1.7992203555633917,1.31237932345568,0.92863573975518776,0.87272951131109133
source-0451,1.3344636530855554,1.8376774776086267,0.95285939871982106,1.0069786238605321
source-0452,-0.081410801385997988,1.1604786496564627,-0.18447941895419839,0.79663992349725543
source-0453,-1.7887020085440617,-0.30633903945094687,-1.0166188171760864,-0.3954779307427701
source-0454,1.654478915840329,-0.10451483351568269,0.94259231500288965,-0.14515159426343993
source-0455,-1.6800336045459576,1.7071990307997433,-0.86274856698316726,1.0697024957119237
source-0456,-0.62013632876637903,0.21377873979867168,-0.55421025768579357,0.32849513830000032
source-0457,-0.039462648442825099,0.77827783731663702,-0.29064356762833521,0.4890987571328157
source-0458,-1.4935051318048633,-1.2696038213009873,-0.94085782653064531,-0.90417483431770262
source-0459,0.2795222573295808,0.79986516973946209,0.25077283177946297,0.67158906622536108
source-0460,-1.2534408023589707,-0.68530339089578396,-0.95851829756181661,-0.72898123460035158
source-0461,1.4457541024576028,-1.9574842043019101,0.91425591930162031,-1.007313946933265
source-0462,-0.68399783856466634,-0.36991072974966421,-0.62614028416601464,-0.36750266634909856
source-0463,1.7408151882827156,1.2623831135823056,0.94857555991477127,0.88656993226418479
source-0464,-1.6180310160500606,1.4472538509469284,-1.0283359530303491,0.87117094764551584
source-0465,-1.8710369880069972,0.86730105064508312,-0.96507569072097743,0.79093126030155214
source-0466,1.8160254109893419,-0.75001514383075429,1.0220350679291403,-0.668998954607265
source-0467,-1.3263648932378462,-1.2498340849810829,-0.76361002214563078,-0.74832220995646037
source-0468,-1.6859041710567149,1.1621845456092528,-0.95458707972827794,0.89521920246878206
source-0469,1.2556431184302186,1.3028636448582138,0.68745766752882043,0.69706860793132486
source-0470,1.7112490384272405,0.37426403316712387,0.92663680795166015,0.38019090061994504
source-0471,-0.61925531277288126,0.6796522024653715,-0.56283438496882043,0.74084232567507913
source-0472,0.71569303236556525,1.0985388775518476,0.83280957309088166,1.0035015928418189
source-0473,0.61318546490270887,1.9389622889091971,0.57630549703062306,0.9308145306516703
source-0474,-1.2493325753576676,0.3127578668901192,-0.93922755069810182,0.32440293868378894
source-0475,1.7754306753518381,-0.9796154310281544,0.84617435109505545,-0.9520423366677544
source-0476,-1.6847782912422176,-0.008280638663104245,-0.95001658651209309,0.0055783315604698361
source-0477,-0.57960699445359243,-1.4436150795534282,-0.5556966051949267,-0.89350643576021327
source-0478,0.44598277705746625,0.0027482895049129041,0.38117016472261983,-0.10486213582238681
source-0479,1.8078960296692688,0.32115505639620512,0.95604145035261467,0.34918145393434924
source-0480,-1.7529950929452363,0.82366034076028916,-1.0327960226931747,0.69454045442214873
source-0481,-1.166280535428394,-1.7550840229011166,-1.0448894386051504,-1.1304430376763073
source-0482,1.8796168155868345,-1.4200053789174629,0.80907347641917149,-1.1051001858797753
source-0483,1.4832240972781978,-1.7647265149091154,0.94931359129071824,-0.96683085632739352
source-0484,-1.2323529187061468,-0.39432581247294474,-0.90401031591282188,-0.44353693956577889
source-0485,-0.82718601640888378,-0.22771061554914285,-0.74464592212964009,-0.25281618268147971
source-0486,-1.0867005415654396,1.4115728047515432,-0.91807114538591061,0.87932914267531004
source-0487,0.084940847377971362,-1.5002696983804062,0.18074714922870122,-0.86766984847828188
source-0488,1.1853120534667272,1.2241641900503288,0.78153741033014823,0.79083013863480034
source-0489,-0.12567703544323772,-1.4141365898313412,-0.17477254155727664,-0.9601216201926035
source-0490,-0.27266975820435002,-1.300464858849995,-0.26466693000713637,-0.86417175937290625
source-0491,1.3646298235315517,1.8383145639483893,0.84786754039383905,0.89676537463224926
source-0492,1.7221481716653151,-1.4083711156500032,1.0944509507866791,-0.80814357097865219
source-0493,1.2207511711615067,0.12612383630911772,0.93458211599700225,0.18618522285872069
source-0494,1.4385994695440214,1.7431953919185337,1.0512087424406069,1.0825619988669308
source-0495,-0.57230739435376687,-1.391437684251009,-0.69394665209678796,-1.029559741616922
source-0496,0.44267767350156317,0.34823461943734868,0.62563276207984386,0.53446908192531617
source-0497,-1.8507551882070574,-1.6119922435593788,-0.97195962020233384,-0.95432153869384073
source-0498,-1.598486501411355,0.675143398569789,-0.92526345209378347,0.70218912407121914
source-0499,1.9221202001776532,1.0139120592976001,1.0564529921670138,0.91477672548761502
source-0500,1.4433868914307917,-1.0556373115312931,0.91803394995428289,-0.87418383966297641
source-0501,-0.94976172109333845,1.9542617403263933,-0.74022069937459267,1.0558950867900829
source-0502,-0.63976865309523312,-1.3821683369147628,-0.61251419877682456,-0.89693972732296223
source-0503,1.9777199670040742,-1.6521680758913764,1.0246761240589746,-0.92088728673758191
source-0504,-0.44355294931350686,0.94831084587324277,-0.5526754030927209,0.74816446684614324
source-0505,0.34064802654911031,0.18866534564723203,0.34417576471849615,0.17934947458106493
source-0506,0.97393360792305028,-0.92341817178035157,0.93617998860647711,-0.69107190394426776
source-0507,-0.013247884622246797,1.6568508064203575,-0.05642026189123657,0.92266172323197149
source-0508,0.65463383971629918,0.15366788735516046,0.5621646740553613,0.088617283575978423
source-0509,-0.65429183650474343,0.85579727886025259,-0.63002285171193284,0.7983149196451943
source-0510,1.2409585984801086,-0.64495785168416742,0.97007783656973323,-0.58231054559431028
source-0511,0.12111283473811163,0.90999977743841276,0.35456823386306846,1.0078543913002382
