family,grid_index,lr,weight_decay,seed,train_half_mse,validation_half_mse,optimizer_steps,training_examples,order_sha256
sgd_momentum,0,0.01,0.0,340,0.00834192545758112,0.025485862466932237,96,768,658e55e674a37dd15e8bcc83246ebd5c11b8cfb694c9478ea2e7bf8c68025eb2
sgd_momentum,0,0.01,0.0,341,0.008271989107792763,0.025355653391011965,96,768,415a5e6165873b1296454b2d5b8456f509053ff34526ac8dbd7c676034b4af1f
sgd_momentum,0,0.01,0.0,342,0.008261019669780935,0.02529400893664627,96,768,d14d81aebb0ff105833a75965a3e1ad1fceec49d58693bffe847884f2d971e4c
sgd_momentum,1,0.01,0.01,340,0.009739862196443506,0.027936445552758996,96,768,658e55e674a37dd15e8bcc83246ebd5c11b8cfb694c9478ea2e7bf8c68025eb2
sgd_momentum,1,0.01,0.01,341,0.009654604598328518,0.02781176539287896,96,768,415a5e6165873b1296454b2d5b8456f509053ff34526ac8dbd7c676034b4af1f
sgd_momentum,1,0.01,0.01,342,0.009625317535348886,0.027744979935044725,96,768,d14d81aebb0ff105833a75965a3e1ad1fceec49d58693bffe847884f2d971e4c
sgd_momentum,2,0.01,0.1,340,0.03321699567049526,0.059361913540290495,96,768,658e55e674a37dd15e8bcc83246ebd5c11b8cfb694c9478ea2e7bf8c68025eb2
sgd_momentum,2,0.01,0.1,341,0.032956275284462135,0.05911616233493816,96,768,415a5e6165873b1296454b2d5b8456f509053ff34526ac8dbd7c676034b4af1f
sgd_momentum,2,0.01,0.1,342,0.03293757537029755,0.05917265786623933,96,768,d14d81aebb0ff105833a75965a3e1ad1fceec49d58693bffe847884f2d971e4c
sgd_momentum,3,0.03,0.0,340,0.005914471119021964,0.019163717609820097,96,768,658e55e674a37dd15e8bcc83246ebd5c11b8cfb694c9478ea2e7bf8c68025eb2
sgd_momentum,3,0.03,0.0,341,0.005927280209887959,0.018946690661978564,96,768,415a5e6165873b1296454b2d5b8456f509053ff34526ac8dbd7c676034b4af1f
sgd_momentum,3,0.03,0.0,342,0.0059106884944322875,0.018648093464858448,96,768,d14d81aebb0ff105833a75965a3e1ad1fceec49d58693bffe847884f2d971e4c
sgd_momentum,4,0.03,0.01,340,0.006355294883730854,0.020851178987648634,96,768,658e55e674a37dd15e8bcc83246ebd5c11b8cfb694c9478ea2e7bf8c68025eb2
sgd_momentum,4,0.03,0.01,341,0.006308047146311033,0.020677920325867793,96,768,415a5e6165873b1296454b2d5b8456f509053ff34526ac8dbd7c676034b4af1f
sgd_momentum,4,0.03,0.01,342,0.006176462464588319,0.020478379929429448,96,768,d14d81aebb0ff105833a75965a3e1ad1fceec49d58693bffe847884f2d971e4c
sgd_momentum,5,0.03,0.1,340,0.025662347786223217,0.04798113597673656,96,768,658e55e674a37dd15e8bcc83246ebd5c11b8cfb694c9478ea2e7bf8c68025eb2
sgd_momentum,5,0.03,0.1,341,0.024987932960345516,0.047057676342315446,96,768,415a5e6165873b1296454b2d5b8456f509053ff34526ac8dbd7c676034b4af1f
sgd_momentum,5,0.03,0.1,342,0.02453010099188993,0.04667124703529128,96,768,d14d81aebb0ff105833a75965a3e1ad1fceec49d58693bffe847884f2d971e4c
sgd_momentum,6,0.1,0.0,340,0.006100504474336591,0.018974974766088712,96,768,658e55e674a37dd15e8bcc83246ebd5c11b8cfb694c9478ea2e7bf8c68025eb2
sgd_momentum,6,0.1,0.0,341,0.006503614463751722,0.018162540447536096,96,768,415a5e6165873b1296454b2d5b8456f509053ff34526ac8dbd7c676034b4af1f
sgd_momentum,6,0.1,0.0,342,0.006204323481134457,0.020040255314977277,96,768,d14d81aebb0ff105833a75965a3e1ad1fceec49d58693bffe847884f2d971e4c
sgd_momentum,7,0.1,0.01,340,0.006895226904002722,0.021123339562974748,96,768,658e55e674a37dd15e8bcc83246ebd5c11b8cfb694c9478ea2e7bf8c68025eb2
sgd_momentum,7,0.1,0.01,341,0.006975647430652712,0.019689439088047413,96,768,415a5e6165873b1296454b2d5b8456f509053ff34526ac8dbd7c676034b4af1f
sgd_momentum,7,0.1,0.01,342,0.006583351357235714,0.020589713143361818,96,768,d14d81aebb0ff105833a75965a3e1ad1fceec49d58693bffe847884f2d971e4c
sgd_momentum,8,0.1,0.1,340,0.02537978787357659,0.04689719227029342,96,768,658e55e674a37dd15e8bcc83246ebd5c11b8cfb694c9478ea2e7bf8c68025eb2
sgd_momentum,8,0.1,0.1,341,0.02268970930466894,0.04273430766885143,96,768,415a5e6165873b1296454b2d5b8456f509053ff34526ac8dbd7c676034b4af1f
sgd_momentum,8,0.1,0.1,342,0.02310248279741035,0.04290089237158444,96,768,d14d81aebb0ff105833a75965a3e1ad1fceec49d58693bffe847884f2d971e4c
adam,0,0.001,0.0,340,0.0390623122789657,0.06904776660468535,96,768,658e55e674a37dd15e8bcc83246ebd5c11b8cfb694c9478ea2e7bf8c68025eb2
adam,0,0.001,0.0,341,0.03931226858135348,0.06940314428061838,96,768,415a5e6165873b1296454b2d5b8456f509053ff34526ac8dbd7c676034b4af1f
adam,0,0.001,0.0,342,0.03955475918679542,0.06963022674111753,96,768,d14d81aebb0ff105833a75965a3e1ad1fceec49d58693bffe847884f2d971e4c
adam,1,0.001,0.01,340,0.039476423541320554,0.06976709091654888,96,768,658e55e674a37dd15e8bcc83246ebd5c11b8cfb694c9478ea2e7bf8c68025eb2
adam,1,0.001,0.01,341,0.03974588845140819,0.07015900171990377,96,768,415a5e6165873b1296454b2d5b8456f509053ff34526ac8dbd7c676034b4af1f
adam,1,0.001,0.01,342,0.03999177012735015,0.07038557774161563,96,768,d14d81aebb0ff105833a75965a3e1ad1fceec49d58693bffe847884f2d971e4c
adam,2,0.001,0.1,340,0.04771001323293848,0.0807749961097451,96,768,658e55e674a37dd15e8bcc83246ebd5c11b8cfb694c9478ea2e7bf8c68025eb2
adam,2,0.001,0.1,341,0.04814813734865867,0.08137968045112808,96,768,415a5e6165873b1296454b2d5b8456f509053ff34526ac8dbd7c676034b4af1f
adam,2,0.001,0.1,342,0.048506150502224066,0.08168211331780514,96,768,d14d81aebb0ff105833a75965a3e1ad1fceec49d58693bffe847884f2d971e4c
adam,3,0.003,0.0,340,0.008993614518552942,0.024588193862186834,96,768,658e55e674a37dd15e8bcc83246ebd5c11b8cfb694c9478ea2e7bf8c68025eb2
adam,3,0.003,0.0,341,0.009312168428888025,0.02506533279568958,96,768,415a5e6165873b1296454b2d5b8456f509053ff34526ac8dbd7c676034b4af1f
adam,3,0.003,0.0,342,0.009321613053025845,0.025128207608829993,96,768,d14d81aebb0ff105833a75965a3e1ad1fceec49d58693bffe847884f2d971e4c
adam,4,0.003,0.01,340,0.009762600047003859,0.026372733193862036,96,768,658e55e674a37dd15e8bcc83246ebd5c11b8cfb694c9478ea2e7bf8c68025eb2
adam,4,0.003,0.01,341,0.010100120232416033,0.026836372550843784,96,768,415a5e6165873b1296454b2d5b8456f509053ff34526ac8dbd7c676034b4af1f
adam,4,0.003,0.01,342,0.010146199127558441,0.026943844318360458,96,768,d14d81aebb0ff105833a75965a3e1ad1fceec49d58693bffe847884f2d971e4c
adam,5,0.003,0.1,340,0.029965340272685364,0.057353537991473816,96,768,658e55e674a37dd15e8bcc83246ebd5c11b8cfb694c9478ea2e7bf8c68025eb2
adam,5,0.003,0.1,341,0.03046257537578324,0.05797509127441768,96,768,415a5e6165873b1296454b2d5b8456f509053ff34526ac8dbd7c676034b4af1f
adam,5,0.003,0.1,342,0.030596135976971223,0.058135235577270405,96,768,d14d81aebb0ff105833a75965a3e1ad1fceec49d58693bffe847884f2d971e4c
adam,6,0.01,0.0,340,0.005942482913917742,0.01862668470259363,96,768,658e55e674a37dd15e8bcc83246ebd5c11b8cfb694c9478ea2e7bf8c68025eb2
adam,6,0.01,0.0,341,0.0060369089483065805,0.018423723760898545,96,768,415a5e6165873b1296454b2d5b8456f509053ff34526ac8dbd7c676034b4af1f
adam,6,0.01,0.0,342,0.006012324125917875,0.01801622940222209,96,768,d14d81aebb0ff105833a75965a3e1ad1fceec49d58693bffe847884f2d971e4c
adam,7,0.01,0.01,340,0.006388787478686293,0.021455689101384283,96,768,658e55e674a37dd15e8bcc83246ebd5c11b8cfb694c9478ea2e7bf8c68025eb2
adam,7,0.01,0.01,341,0.006502984235964351,0.022097203093986027,96,768,415a5e6165873b1296454b2d5b8456f509053ff34526ac8dbd7c676034b4af1f
adam,7,0.01,0.01,342,0.006673738985847467,0.02068309203025271,96,768,d14d81aebb0ff105833a75965a3e1ad1fceec49d58693bffe847884f2d971e4c
adam,8,0.01,0.1,340,0.02571158503295935,0.04695345425808817,96,768,658e55e674a37dd15e8bcc83246ebd5c11b8cfb694c9478ea2e7bf8c68025eb2
adam,8,0.01,0.1,341,0.024833767222991302,0.04615802414209565,96,768,415a5e6165873b1296454b2d5b8456f509053ff34526ac8dbd7c676034b4af1f
adam,8,0.01,0.1,342,0.024468585392835713,0.047044369267111905,96,768,d14d81aebb0ff105833a75965a3e1ad1fceec49d58693bffe847884f2d971e4c
adamw,0,0.001,0.0,340,0.0390623122789657,0.06904776660468535,96,768,658e55e674a37dd15e8bcc83246ebd5c11b8cfb694c9478ea2e7bf8c68025eb2
adamw,0,0.001,0.0,341,0.03931226858135348,0.06940314428061838,96,768,415a5e6165873b1296454b2d5b8456f509053ff34526ac8dbd7c676034b4af1f
adamw,0,0.001,0.0,342,0.03955475918679542,0.06963022674111753,96,768,d14d81aebb0ff105833a75965a3e1ad1fceec49d58693bffe847884f2d971e4c
adamw,1,0.001,0.01,340,0.03917331615651564,0.06917715979263771,96,768,658e55e674a37dd15e8bcc83246ebd5c11b8cfb694c9478ea2e7bf8c68025eb2
adamw,1,0.001,0.01,341,0.03942332771301535,0.0695325083579843,96,768,415a5e6165873b1296454b2d5b8456f509053ff34526ac8dbd7c676034b4af1f
adamw,1,0.001,0.01,342,0.03966619711546971,0.06975983937381966,96,768,d14d81aebb0ff105833a75965a3e1ad1fceec49d58693bffe847884f2d971e4c
adamw,2,0.001,0.1,340,0.040172102467872194,0.07033957553724074,96,768,658e55e674a37dd15e8bcc83246ebd5c11b8cfb694c9478ea2e7bf8c68025eb2
adamw,2,0.001,0.1,341,0.04042909801164687,0.07070684821653579,96,768,415a5e6165873b1296454b2d5b8456f509053ff34526ac8dbd7c676034b4af1f
adamw,2,0.001,0.1,342,0.04066912410220463,0.07092449069831215,96,768,d14d81aebb0ff105833a75965a3e1ad1fceec49d58693bffe847884f2d971e4c
adamw,3,0.003,0.0,340,0.008993614518552942,0.024588193862186834,96,768,658e55e674a37dd15e8bcc83246ebd5c11b8cfb694c9478ea2e7bf8c68025eb2
adamw,3,0.003,0.0,341,0.009312168428888025,0.02506533279568958,96,768,415a5e6165873b1296454b2d5b8456f509053ff34526ac8dbd7c676034b4af1f
adamw,3,0.003,0.0,342,0.009321613053025845,0.025128207608829993,96,768,d14d81aebb0ff105833a75965a3e1ad1fceec49d58693bffe847884f2d971e4c
adamw,4,0.003,0.01,340,0.009101852496849862,0.024774255912943077,96,768,658e55e674a37dd15e8bcc83246ebd5c11b8cfb694c9478ea2e7bf8c68025eb2
adamw,4,0.003,0.01,341,0.009425136935014677,0.02525503347490785,96,768,415a5e6165873b1296454b2d5b8456f509053ff34526ac8dbd7c676034b4af1f
adamw,4,0.003,0.01,342,0.009426584852711806,0.025283843588389015,96,768,d14d81aebb0ff105833a75965a3e1ad1fceec49d58693bffe847884f2d971e4c
adamw,5,0.003,0.1,340,0.010162614702904358,0.026627304289240657,96,768,658e55e674a37dd15e8bcc83246ebd5c11b8cfb694c9478ea2e7bf8c68025eb2
adamw,5,0.003,0.1,341,0.010541868820076879,0.027160066857973987,96,768,415a5e6165873b1296454b2d5b8456f509053ff34526ac8dbd7c676034b4af1f
adamw,5,0.003,0.1,342,0.01060281243026649,0.02730614667493691,96,768,d14d81aebb0ff105833a75965a3e1ad1fceec49d58693bffe847884f2d971e4c
adamw,6,0.01,0.0,340,0.005942482913917742,0.01862668470259363,96,768,658e55e674a37dd15e8bcc83246ebd5c11b8cfb694c9478ea2e7bf8c68025eb2
adamw,6,0.01,0.0,341,0.0060369089483065805,0.018423723760898545,96,768,415a5e6165873b1296454b2d5b8456f509053ff34526ac8dbd7c676034b4af1f
adamw,6,0.01,0.0,342,0.006012324125917875,0.01801622940222209,96,768,d14d81aebb0ff105833a75965a3e1ad1fceec49d58693bffe847884f2d971e4c
adamw,7,0.01,0.01,340,0.005955352174769661,0.018697833191595813,96,768,658e55e674a37dd15e8bcc83246ebd5c11b8cfb694c9478ea2e7bf8c68025eb2
adamw,7,0.01,0.01,341,0.0060354959235180495,0.018379427712340586,96,768,415a5e6165873b1296454b2d5b8456f509053ff34526ac8dbd7c676034b4af1f
adamw,7,0.01,0.01,342,0.006013503588250024,0.01802754060811057,96,768,d14d81aebb0ff105833a75965a3e1ad1fceec49d58693bffe847884f2d971e4c
adamw,8,0.01,0.1,340,0.005727716123652304,0.019579405617499004,96,768,658e55e674a37dd15e8bcc83246ebd5c11b8cfb694c9478ea2e7bf8c68025eb2
adamw,8,0.01,0.1,341,0.006133052978974739,0.018635150569352922,96,768,415a5e6165873b1296454b2d5b8456f509053ff34526ac8dbd7c676034b4af1f
adamw,8,0.01,0.1,342,0.006133351367243852,0.01841541530439944,96,768,d14d81aebb0ff105833a75965a3e1ad1fceec49d58693bffe847884f2d971e4c
