update_index,sgd_fixed,momentum_fixed,momentum_cosine,momentum_warmup_cosine,wrong_microbatch_clock
0,0.06,0.06,0.06,0.005,0.005
1,0.06,0.06,0.059973573116039285,0.01,0.015
2,0.06,0.06,0.059894344196023505,0.015,0.024999999999999998
3,0.06,0.06,0.05976246833428419,0.02,0.034999999999999996
4,0.06,0.06,0.059578203684013585,0.024999999999999998,0.045000000000000005
5,0.06,0.06,0.05934191095191768,0.03,0.05499999999999999
6,0.06,0.06,0.05905405269211587,0.034999999999999996,0.05996299743837349
7,0.06,0.06,0.05871519240066955,0.04,0.05966758519606872
8,0.06,0.06,0.05832599341251212,0.045000000000000005,0.05907999730980484
9,0.06,0.06,0.05788721760293971,0.049999999999999996,0.05820667151542444
10,0.06,0.06,0.0573997238962045,0.05499999999999999,0.05705717615308593
11,0.06,0.06,0.05686446658413014,0.06,0.05564410533452645
12,0.06,0.06,0.05628249345804075,0.05996299743837349,0.05398294095933821
13,0.06,0.06,0.055654943757660114,0.059852091174943375,0.05209188309203678
14,0.06,0.06,0.054983045940996504,0.05966758519606872,0.04999165055834561
15,0.06,0.06,0.054268115279578394,0.05940998521981275,0.04770525394540573
16,0.06,0.06,0.05351155128374869,0.05907999730980484,0.04525774349296776
17,0.06,0.06,0.052714834963057525,0.058678525939969146,0.0426759346377231
18,0.06,0.06,0.05187952592711648,0.05820667151542444,0.03998811421776806
19,0.06,0.06,0.051007259332589566,0.05766572735635022,0.037223730556086236
20,0.06,0.06,0.05009974268229727,0.05705717615308593,0.03441307081855949
21,0.06,0.06,0.049158752482699554,0.05638268590217985,0.031586929181440515
22,0.06,0.06,0.04818613076630108,0.05564410533452645,0.02877626944391376
23,0.06,0.06,0.047183781485786065,0.054843458848123576,0.026011885782231937
24,0.06,0.06,0.0461536667869415,0.05398294095933821,0.023324065362276894
25,0.06,0.06,0.04509780316766462,0.05306491028788964,0.020742256507032236
26,0.06,0.06,0.04401825753057355,0.05209188309203678,0.018294746054594267
27,0.06,0.06,0.04291714313694844,0.05106652637168917,0.01600834944165439
28,0.06,0.06,0.04179661546992317,0.04999165055834561,0.013908116907963218
29,0.06,0.06,0.04065886801502601,0.048870201811896774,0.012017059040661787
30,0.06,0.06,0.03950612796632859,0.04770525394540573,0.010355894665473554
31,0.06,0.06,0.03834065186660897,0.0465,0.00894282384691407
32,0.06,0.06,0.037164721190063164,0.04525774349296776,0.007793328484575556
33,0.06,0.06,0.035980637876212286,0.04398188936304661,0.006920002690195159
34,0.06,0.06,0.03479071982374781,0.0426759346377231,0.006332414803931283
35,0.06,0.06,0.03359729635313605,0.04134345884812358,0.006037002561626506
36,0.06,0.06,0.032402703646863956,0.03998811421776806,0.006
37,0.06,0.06,0.0312092801762522,0.0386136156520795,0.006
38,0.06,0.06,0.030019362123787717,0.037223730556086236,0.006
39,0.06,0.06,0.028835278809936832,0.035822268508226646,0.006
40,0.06,0.06,0.027659348133391035,0.03441307081855949,0.006
41,0.06,0.06,0.026493872033671415,0.033,0.006
42,0.06,0.06,0.025341131984973987,0.031586929181440515,0.006
43,0.06,0.06,0.02420338453007683,0.030177731491773357,0.006
44,0.06,0.06,0.023082856863051573,0.02877626944391376,0.006
45,0.06,0.06,0.021981742469426448,0.027386384347920505,0.006
46,0.06,0.06,0.02090219683233538,0.026011885782231937,0.006
47,0.06,0.06,0.019846333213058502,0.024656541151876418,0.006
48,0.06,0.06,0.018816218514213938,0.023324065362276894,0.006
49,0.06,0.06,0.017813869233698924,0.0220181106369534,0.006
50,0.06,0.06,0.016841247517300453,0.020742256507032236,0.006
51,0.06,0.06,0.015900257317702726,0.019500000000000003,0.006
52,0.06,0.06,0.014992740667410428,0.018294746054594267,0.006
53,0.06,0.06,0.014120474072883521,0.01712979818810323,0.006
54,0.06,0.06,0.013285165036942478,0.01600834944165439,0.006
55,0.06,0.06,0.012488448716251313,0.014933473628310837,0.006
56,0.06,0.06,0.011731884720421613,0.013908116907963218,0.006
57,0.06,0.06,0.011016954059003499,0.012935089712110354,0.006
58,0.06,0.06,0.01034505624233989,0.012017059040661787,0.006
59,0.06,0.06,0.009717506541959249,0.011156541151876422,0.006
60,0.06,0.06,0.00913553341586985,0.010355894665473554,0.006
61,0.06,0.06,0.008600276103795499,0.009617314097820155,0.006
62,0.06,0.06,0.008112782397060286,0.00894282384691407,0.006
63,0.06,0.06,0.007674006587487878,0.008334272643649774,0.006
64,0.06,0.06,0.007284807599330455,0.007793328484575556,0.006
65,0.06,0.06,0.006945947307884134,0.007321474060030855,0.006
66,0.06,0.06,0.0066580890480823175,0.006920002690195159,0.006
67,0.06,0.06,0.006421796315986409,0.006590014780187246,0.006
68,0.06,0.06,0.006237531665715806,0.006332414803931283,0.006
69,0.06,0.06,0.00610565580397649,0.006147908825056622,0.006
70,0.06,0.06,0.0060264268839607124,0.006037002561626506,0.006
71,0.06,0.06,0.006,0.006,0.006
