step,loss
1.000000000000000000e+00,6.268147211452798473e+01
2.000000000000000000e+02,4.097849210298206479e+00
4.000000000000000000e+02,1.415636675099113950e-01
6.000000000000000000e+02,8.568645391742533979e-02
8.000000000000000000e+02,6.287784369512429417e-02
1.000000000000000000e+03,4.669793594239114026e-02
1.200000000000000000e+03,3.351051474118543066e-02
1.400000000000000000e+03,2.259994261163800894e-02
1.600000000000000000e+03,1.436175636728333378e-02
1.800000000000000000e+03,9.066633370186592475e-03
2.000000000000000000e+03,6.226296786356578031e-03
2.200000000000000000e+03,4.896695163028713313e-03
2.400000000000000000e+03,4.283641848095292269e-03
2.600000000000000000e+03,3.945136172388711074e-03
2.800000000000000000e+03,3.696318213200698068e-03
3.000000000000000000e+03,3.475995951822806723e-03
3.200000000000000000e+03,3.267260300328437596e-03
3.400000000000000000e+03,3.065445182955195240e-03
3.600000000000000000e+03,2.868654741176422315e-03
3.800000000000000000e+03,2.675754440042065960e-03
4.000000000000000000e+03,2.486112165900197617e-03
4.200000000000000000e+03,2.299575787373053792e-03
4.400000000000000000e+03,2.116419454735175756e-03
4.600000000000000000e+03,1.937249533282134860e-03
4.800000000000000000e+03,1.762894250662311963e-03
5.000000000000000000e+03,1.594297635761656373e-03
5.200000000000000000e+03,1.432430559767275879e-03
5.400000000000000000e+03,1.278224356508915601e-03
5.600000000000000000e+03,1.132526727844790316e-03
5.800000000000000000e+03,9.960757384735680151e-04
6.000000000000000000e+03,8.694855646659597429e-04
6.200000000000000000e+03,7.532370937574085464e-04
6.400000000000000000e+03,6.476673898773206315e-04
6.600000000000000000e+03,5.529544211191006692e-04
6.800000000000000000e+03,4.690970924899150575e-04
7.000000000000000000e+03,3.958948790499797676e-04
7.200000000000000000e+03,9.690581258059310660e-04
7.400000000000000000e+03,2.883478398333403454e-04
7.600000000000000000e+03,2.498037524386998278e-04
7.800000000000000000e+03,2.209003756009738555e-04
8.000000000000000000e+03,1.968664630727217106e-04
8.200000000000000000e+03,1.784604413253779848e-04
8.400000000000000000e+03,1.627312898177803949e-04
8.600000000000000000e+03,1.506766620760818711e-04
8.800000000000000000e+03,1.972561171779068192e-04
9.000000000000000000e+03,1.315373260703647849e-04
9.200000000000000000e+03,1.301199851791164195e-04
9.400000000000000000e+03,1.285958387406572882e-04
9.600000000000000000e+03,1.269602567095364854e-04
9.800000000000000000e+03,1.252092049983194943e-04
1.000000000000000000e+04,1.233391286254811761e-04
1.020000000000000000e+04,1.213470196801484636e-04
1.040000000000000000e+04,1.192304662630611691e-04
1.060000000000000000e+04,1.169876752501747958e-04
1.080000000000000000e+04,1.146174625084528728e-04
1.100000000000000000e+04,1.121192062624938894e-04
1.120000000000000000e+04,1.094927630820605402e-04
1.140000000000000000e+04,1.067383518274628138e-04
1.160000000000000000e+04,1.038564191016592368e-04
1.180000000000000000e+04,1.008475102154414346e-04
1.200000000000000000e+04,9.771218167198609150e-05
