id,x1,x2,group,y,role
train-0000,0.27784224636336174,0.61542820770692219,0,0,train
train-0001,-0.70092484524437804,0.4528623723171169,1,0,train
train-0002,-0.41205380498510363,1.3362958061527246,0,0,train
train-0003,-0.91029710373131845,0.26961352330040217,0,0,train
train-0004,-1.303857050762798,0.98695517351430273,0,0,train
train-0005,-0.74315547913450519,-0.56830174465493899,0,0,train
train-0006,-0.017532310361804995,-0.72420556891378518,0,0,train
train-0007,-0.52964636513591468,-1.2814549515040705,1,0,train
train-0008,1.245927738915908,-0.46400183746490559,0,0,train
train-0009,0.44723479844548841,1.6927967343461841,1,1,train
train-0010,3.1521381806239641,0.88303271331129141,0,1,train
train-0011,1.0684105551158194,0.020232659247854147,0,1,train
train-0012,-0.15750991079834067,-0.18325008903081647,0,0,train
train-0013,-1.6783649811119874,0.39073255315938848,0,0,train
train-0014,-0.70073761388687805,0.40580213028765338,0,0,train
train-0015,0.65985795218312104,-1.4603759370647422,0,0,train
train-0016,-0.40979383362783939,-0.56325767833193296,1,0,train
train-0017,1.7661464808749556,-0.357810236284057,0,1,train
train-0018,1.4954605063076023,0.19606772697749417,0,0,train
train-0019,0.12365911601727653,-0.56194194017719112,0,0,train
train-0020,-0.37256790353273223,-0.91423707638922913,0,0,train
train-0021,0.80838561899396055,-0.92686597211426902,1,1,train
train-0022,1.5405701166950168,-0.66227073776734813,0,1,train
train-0023,0.11415587235284137,-0.18364820237077509,0,0,train
train-0024,2.9150031974756128,-1.4271717765504586,0,0,train
train-0025,0.21628467903522111,1.2000778677765818,1,0,train
train-0026,-1.6747514617746899,0.34071493805420111,0,1,train
train-0027,-0.82104416734617469,-1.1118745526173135,0,0,train
train-0028,0.053276059885142411,0.13377110790851041,0,0,train
train-0029,-0.58612837877927793,0.33038638428632194,0,0,train
train-0030,-0.42173727888059143,-0.89195339523925388,1,1,train
train-0031,-2.0492869273575813,1.1770258514997389,0,0,train
train-0032,0.16491801132085265,1.6314291838874582,0,0,train
train-0033,-0.26253571588314029,-1.2786630465979962,0,1,train
train-0034,1.6804699215494601,-1.1288589048290842,0,0,train
train-0035,-0.80711373211093418,1.5286702033373096,1,0,train
train-0036,1.279853106279583,-0.91173384165885385,0,0,train
train-0037,-0.041546252830932051,-1.6595450090360611,1,1,train
train-0038,-1.3823482947721275,0.061048800279178805,0,0,train
train-0039,-0.66003710900283685,-2.0572202496213938,0,0,train
train-0040,0.5427342298596487,-0.038116938469029048,1,1,train
train-0041,-2.8764622592832572,0.79649531572882748,0,0,train
train-0042,0.37599421907455421,1.1884045457653174,0,0,train
train-0043,-0.16553800742518801,-1.9128718044091744,0,0,train
train-0044,-1.73783907082336,0.4855749405986643,0,0,train
train-0045,1.0503201941851212,-0.31549553379890621,0,0,train
train-0046,-0.42831833092122251,-1.6133961427769326,0,1,train
train-0047,0.21337385636141062,1.5414306403576554,0,0,train
train-0048,0.91229397043791582,-0.85104984599071343,0,0,train
train-0049,-1.2166723875198429,-0.84865947129894914,0,0,train
train-0050,0.29421306611018638,1.0759411834245109,0,0,train
train-0051,-1.0335231308326804,1.4744048152655314,1,0,train
train-0052,0.28580030116800764,1.0109589205349458,1,1,train
train-0053,0.37244951499292389,0.56281460844984788,0,0,train
train-0054,-0.34098019459762252,1.3235996100218947,0,0,train
train-0055,-1.8012440647757013,-0.027047326434539404,0,0,train
train-0056,0.34507995202748348,1.2278768832232987,1,0,train
train-0057,0.84724932270041065,-2.4007334224915469,0,0,train
train-0058,1.1845834679056977,0.61088282940773431,1,0,train
train-0059,0.6866867789999096,0.029071417802561526,0,0,train
train-0060,0.59510208812114851,0.55323407691577275,0,0,train
train-0061,-0.39001959955568888,0.45551294433530015,0,0,train
train-0062,1.3916607758823085,0.38478633510713317,1,1,train
train-0063,1.4490691899712764,1.1474572028206784,0,0,train
train-0064,0.63016519553543426,-0.26483246698459129,0,0,train
train-0065,-0.96463800836819347,1.0313299042660384,1,0,train
train-0066,-0.8546769195407109,0.77175559653359904,0,0,train
train-0067,1.2416531654709404,-0.027959393999670602,0,0,train
train-0068,0.51535395261025152,0.30031201801820107,1,0,train
train-0069,0.40744869237234621,-1.3346594120830666,0,1,train
train-0070,-0.3905179744303704,-1.7354095303512946,0,1,train
train-0071,1.7175290915205816,1.3323314182623889,0,1,train
train-0072,-0.29841883839803263,0.85444237291516667,1,0,train
train-0073,-0.28580257638244183,-0.83452399471154071,0,0,train
train-0074,-0.60155739278631737,-1.4356450605339151,0,0,train
train-0075,-1.210134548051558,1.9879770618428423,0,0,train
train-0076,2.1957802098533246,0.048825426127460769,0,1,train
train-0077,1.0509348325563361,1.7908417400238399,0,0,train
train-0078,-0.097149003997833883,-0.48964519029216091,1,0,train
train-0079,0.84691072717904436,0.06157273640218941,0,1,train
train-0080,-1.5001228859763982,-0.87569891031889469,0,0,train
train-0081,0.57080806877839829,-0.1702252082578648,0,1,train
train-0082,1.4070707511185274,-1.6388936948379507,1,1,train
train-0083,1.5450199967011944,-0.94689089126284809,1,1,train
train-0084,-1.1763596919148984,1.373140020244122,0,0,train
train-0085,-0.035328982469338056,-0.96916605294957758,0,0,train
train-0086,0.29649383689770975,-0.33273987132738075,0,0,train
train-0087,0.30755821870567557,-0.011064951996379026,0,0,train
train-0088,0.7194535767300354,-2.1736312550602581,1,1,train
train-0089,-0.47153389853365613,-0.71484132518560339,1,0,train
train-0090,0.63105591963026852,-0.17361209234257369,1,1,train
train-0091,-0.023967395736730346,-0.13158741800476714,0,0,train
train-0092,1.0770894050023594,-0.7491313115906445,1,1,train
train-0093,0.64410361751729917,-1.0534378397413859,0,0,train
train-0094,0.79467640044711196,0.39080230844932806,0,0,train
train-0095,0.38038456906343227,-1.5083615188246378,1,1,train
train-0096,0.80434408979742666,-0.37980079237664927,1,1,train
train-0097,-0.49702130943890033,0.30491987718941677,1,0,train
train-0098,2.0273496720926198,-2.052842159545242,0,1,train
train-0099,0.065560522685915376,0.25930303271723287,0,0,train
train-0100,-0.97030448053952789,1.3254098194255921,1,0,train
train-0101,1.625425398512971,0.1193625513084187,1,1,train
train-0102,2.086219937357078,2.0075558887100429,1,1,train
train-0103,-0.22057914437037321,1.1874402395516379,0,0,train
train-0104,-0.081005902733724794,-0.10718640179242168,0,0,train
train-0105,-0.86305808241712012,0.22669786846084794,0,0,train
train-0106,0.74703232424435606,-0.61296680538038173,0,0,train
train-0107,-0.069532866600442167,0.086154391410380837,1,0,train
train-0108,1.552733302413368,1.5147999572109356,1,1,train
train-0109,1.2317508765724392,0.23892936153078925,0,1,train
train-0110,2.4361743755601353,-0.031575220777798819,1,1,train
train-0111,-1.1537577500027134,0.54293622884625381,0,0,train
train-0112,-0.16596025638804626,-1.0466562644969786,0,0,train
train-0113,-0.16456838376152907,-0.86501088254547465,0,0,train
train-0114,-1.615543943454645,-0.5195600767805687,0,0,train
train-0115,0.31502609183667357,0.23937642693555231,0,0,train
train-0116,0.98818144043619327,-0.67423077648918295,0,0,train
train-0117,1.1198710349321717,0.78153769509476323,0,0,train
train-0118,0.57799970070793449,0.20375163056805676,0,0,train
train-0119,0.52395237380703308,0.42370851623349581,0,0,train
train-0120,0.52374215328968665,0.94736954696096931,0,0,train
train-0121,1.5047370545565832,0.4989242268405199,0,0,train
train-0122,-0.14744173041700243,-0.92115713059990545,0,1,train
train-0123,-1.0776320714088055,-0.8857365970675094,1,1,train
train-0124,0.46341214517141599,0.67346977715182421,0,0,train
train-0125,0.99909014206787838,1.9838250291914579,0,1,train
train-0126,-1.1349671245523014,0.80897275316470152,0,0,train
train-0127,-0.59409043911582071,-1.0289809229768043,0,0,train
train-0128,2.360251444999284,-1.0712028030607625,1,1,train
train-0129,0.57710806378891732,0.63207759054549684,0,0,train
train-0130,-0.41233479290605446,0.44601848155522095,1,0,train
train-0131,-0.91664988451487373,-0.28250484544152138,1,0,train
train-0132,0.57403727759193601,-0.45884340756750097,0,0,train
train-0133,-0.0081622200145256563,1.1576643345528044,1,0,train
train-0134,0.08083142585463779,-0.35486642013097897,0,1,train
train-0135,-2.6009748949760159,-1.0254581012367796,0,0,train
train-0136,-1.1108452949941776,0.05859641407989067,0,0,train
train-0137,1.5113136590113665,-1.0803799037580115,0,1,train
train-0138,-0.083662141265224824,-0.099222292370998402,0,0,train
train-0139,-0.24172821364160244,-0.28919547071502344,0,1,train
train-0140,-0.7782911880396034,0.16547109632097562,0,0,train
train-0141,0.028537646389954204,2.744151409528699,0,0,train
train-0142,1.9266492592894151,0.78829364340922281,1,1,train
train-0143,-0.001674337505427061,-1.5202810695924702,0,1,train
train-0144,0.17779770873257905,0.090642145686437831,0,0,train
train-0145,0.6940401557749567,0.56163913752469363,0,1,train
train-0146,-0.079738624343640443,0.31786029282545031,0,1,train
train-0147,-0.34710815231012415,0.33899670919617975,0,0,train
train-0148,-1.3478012211124946,0.032939809116965077,1,0,train
train-0149,-0.76741806547146396,0.12186507614624076,0,0,train
train-0150,0.007931304720191934,-0.16000038958581322,1,0,train
train-0151,-0.80057222166596098,0.81892253635330015,0,0,train
train-0152,0.14937721657036235,-0.26285934971317321,0,1,train
train-0153,0.8855566375466114,-0.99249809172085723,0,1,train
train-0154,-0.78932356140678128,-0.72353617342727428,0,1,train
train-0155,2.4253856899953159,0.46356584835086612,1,1,train
train-0156,-1.5362343378348839,-0.093307664982910835,0,0,train
train-0157,0.11612042956217497,-0.44936862327081001,1,0,train
train-0158,-0.42382528898566108,0.73276238718293074,0,0,train
train-0159,-0.33566983001030154,-0.37664734822034202,0,0,train
train-0160,2.9277784164647134,-0.87173126740884244,1,1,train
train-0161,0.28293402315226812,1.1332199475091849,0,0,train
train-0162,-0.38859802753135009,-1.1856948686453406,0,0,train
train-0163,1.4306627635379536,0.1240938611431857,1,1,train
train-0164,0.066992420783145615,-1.3359365717671146,0,0,train
train-0165,-1.6790585144910672,0.72171218630012512,0,0,train
train-0166,1.0798036262662902,2.3988472223704957,0,0,train
train-0167,0.0600643801833326,0.33556132117575987,0,0,train
train-0168,0.55512248760947058,0.69466106960426677,0,0,train
train-0169,0.50691181529179841,0.52680057336721109,0,1,train
train-0170,-0.26194872440261696,0.14015612313466611,1,0,train
train-0171,-0.60983562564580041,1.5103394602296913,0,0,train
train-0172,-1.0363820327781448,0.21544927934206462,1,0,train
train-0173,1.1894146012791145,0.83793834191792571,0,1,train
train-0174,-1.5867970619639185,2.0629881307656377,0,0,train
train-0175,-0.79463315103600518,-0.91862330221575117,0,1,train
train-0176,-0.12918341748022852,-0.088204092830246619,0,1,train
train-0177,-0.41581750834007913,0.74465187515903419,0,0,train
train-0178,0.40144230371310813,-0.7139524092797066,0,1,train
train-0179,2.1525408296408681,-0.62093995190347306,1,1,train
train-0180,1.4916609546673905,-0.81650842024060688,0,0,train
train-0181,0.66900067066040558,-0.22718447429998637,0,0,train
train-0182,2.5431235839847695,0.50876809382145283,0,1,train
train-0183,1.0842708306880502,1.2496386226249308,0,0,train
train-0184,-1.4784888023296319,0.77783531911243065,0,0,train
train-0185,-0.2789837241764857,0.45162374147122764,0,0,train
train-0186,2.2819963761042419,0.35655616481710217,0,1,train
train-0187,-0.69165136586424281,-1.1952543331078176,0,0,train
train-0188,-1.1877969747202277,-0.17953138828483681,0,0,train
train-0189,0.70102258768761938,-0.83386726401791089,0,1,train
train-0190,0.51804086804913807,-1.2306220718035785,1,1,train
train-0191,-0.39537011905033881,-0.36102048423447314,1,0,train
train-0192,1.3262359830922248,-1.0692997896911065,0,0,train
train-0193,1.3770584569130992,1.3611521397428741,0,0,train
train-0194,-2.2402548323964235,0.089068245755798608,0,0,train
train-0195,0.26589340556339797,0.96478323076743633,1,1,train
train-0196,0.67450949932934245,1.6896021337455531,0,0,train
train-0197,1.3723150766403731,-0.7830337559262287,1,1,train
train-0198,1.1448470143101481,-3.0819822865391582,0,0,train
train-0199,1.112329412243513,-0.14434354056764354,1,0,train
train-0200,-0.185683748462491,0.98313819400044056,0,0,train
train-0201,0.53332838779554004,-1.615153097287978,1,1,train
train-0202,-1.9765488546269849,-1.4398848580436088,0,1,train
train-0203,-0.2723119290092027,0.050284784794031992,0,0,train
train-0204,-0.13639808059436331,3.3569290420808979,1,0,train
train-0205,0.01182292574981997,0.66592364538797699,0,0,train
train-0206,0.34055202886258068,-0.32404327990295867,0,0,train
train-0207,1.0880946862122514,-1.0110900661839086,0,0,train
train-0208,0.15492668496186016,0.8741576304729598,0,1,train
train-0209,0.39721956346044934,-0.85794153723813649,0,1,train
train-0210,0.13602108031677523,2.3336113874606879,0,0,train
train-0211,-0.78289860754963214,0.87389593460410753,0,0,train
train-0212,-0.30662904467194924,-0.98361997316326,0,1,train
train-0213,-1.348800927653188,-0.10937914219560892,0,0,train
train-0214,0.024211931821570026,0.35940812147236656,0,1,train
train-0215,1.3157107587434071,0.28821972622507047,0,1,train
train-0216,0.52906908851008294,1.0424855183578126,0,0,train
train-0217,0.46317032283512227,0.85979336407870455,0,1,train
train-0218,1.2709810500137759,0.52468897026637062,0,1,train
train-0219,-0.4243110505229859,0.044279061572745103,0,0,train
train-0220,0.03644680827968913,1.6962562679607669,0,0,train
train-0221,1.4714796362002716,-0.67271508069433406,0,1,train
train-0222,0.6744330490908137,0.85648115192098762,1,1,train
train-0223,0.70788139694140439,0.41895078854880369,0,0,train
train-0224,-0.35443207918831798,-0.76090984432845488,1,0,train
train-0225,-1.6900452188040493,-0.015268440606864012,0,0,train
train-0226,-1.4174646866206944,0.30980540708605264,0,0,train
train-0227,-0.48870263795360297,1.0126266290332027,0,0,train
train-0228,-0.2086263503962191,0.24812188301173169,0,0,train
train-0229,0.085026852337405062,-0.54053361817616574,0,1,train
train-0230,-0.40341792371569141,0.11778574148715851,1,0,train
train-0231,-1.2296216467445225,-0.14696950158280817,0,0,train
train-0232,0.28482870765938334,0.54975406206321153,0,0,train
train-0233,0.59779494644807241,-0.81687729422855404,0,0,train
train-0234,-0.34467197689259393,1.7473970274759663,0,0,train
train-0235,-1.0324056156328543,0.82717161374863457,0,0,train
train-0236,-0.094363791795244831,-0.65252133434516435,0,0,train
train-0237,-0.1738035346600659,1.9488834005859115,0,0,train
train-0238,-0.78037353692055633,0.81289030388568218,0,0,train
train-0239,-0.43856580839155812,0.53452502865150042,0,0,train
