h,max_absolute_error,max_relative_error,failed_coordinates
0.01,1.7939141062628394e-06,0.00034110820937438,10
0.001,1.7939438934355678e-08,3.4101956312189855e-06,0
0.0001,1.7986734324182407e-10,3.371217077167379e-08,0
1e-05,1.7971457655363565e-11,1.8646326403589515e-09,0
1e-06,1.6622722642800625e-10,5.4354993848554464e-08,0
1e-07,1.8748345653740728e-09,2.7464725028712163e-07,0
1e-08,1.4790402347308884e-08,5.952910998501532e-06,0
1e-09,2.2181500758378363e-07,0.00011651106426701445,2
1e-10,1.5384235006465907e-06,0.00024186103162282863,12
