parameter,analytic,numeric,absolute_error,relative_error,pass
"W1[0,0]",0.0018010205648243596,0.0018010205660168308,1.1924712519512104e-12,3.310543129952352e-10,True
"W1[0,1]",-0.021431559785895175,-0.021431559782403294,3.4918803959449463e-12,8.146584828901577e-11,True
"W1[0,2]",-0.021456198789883172,-0.021456198795455347,5.572174666124141e-12,1.2984999626373555e-10,True
"W1[1,0]",-0.0864435782088725,-0.08644357821774305,8.87055706666473e-12,5.130836350142624e-11,True
"W1[1,1]",-0.05044969271561567,-0.05044969270118215,1.4433516881684483e-11,1.4304861047529806e-10,True
"W1[1,2]",0.091739548594243,0.09173954860219878,7.955774927737025e-12,4.3360660965206185e-11,True
b1[0],-0.0009517944286084878,-0.0009517944321579818,3.5494939236088707e-12,1.8646326403589515e-09,True
b1[1],0.025320428322149924,0.025320428309605344,1.254457995814029e-11,2.4771658286431875e-10,True
b1[2],-0.006357324929153096,-0.006357324933148333,3.9952373007134945e-12,3.1422314762746697e-10,True
"W2[0,0]",0.0740737558485193,0.07407375584023157,8.287731612099947e-12,5.5942428715994764e-11,True
"W2[0,1]",-0.07953018430504771,-0.07953018430484349,2.0422552537979755e-13,1.2839497806061147e-12,True
"W2[1,0]",-0.018571078166255462,-0.01857107817526682,9.011357632315864e-12,2.4261805236767607e-10,True
"W2[1,1]",0.02967939110210976,0.029679391100323468,1.7862933354706456e-12,3.009316008840596e-11,True
"W2[2,0]",-0.059732917502762016,-0.059732917490062924,1.2699091778145544e-11,1.062989412739487e-10,True
"W2[2,1]",0.006696353992563461,0.006696353993529413,9.659521446603314e-13,7.212523006276148e-11,True
b2[0],0.045801081239355584,0.04580108123874992,6.056613544025424e-13,6.611867427772852e-12,True
b2[1],0.038733312397662145,0.03873331237969069,1.7971457655363565e-11,2.319896820987801e-10,True
"W3[0,0]",0.03212954712261025,0.032129547122838886,2.286365541337432e-13,3.5580419677318333e-12,True
"W3[0,1]",-0.05985760580536891,-0.05985760579418908,1.1179834835672864e-11,9.338691955930304e-11,True
"W3[0,2]",0.027728058682758655,0.027728058682452424,3.0623073521418576e-13,5.522037058553462e-12,True
"W3[1,0]",-0.04704534890457779,-0.04704534889432565,1.0252139415189987e-11,1.0896018049628566e-10,True
"W3[1,1]",0.0768382326500537,0.07683823265436374,4.310038437260744e-12,2.8046184096719017e-11,True
"W3[1,2]",-0.029792883745475895,-0.029792883760038077,1.4562181321897683e-11,2.4439026182804676e-10,True
b3[0],-0.02144152713360764,-0.021441527131571544,2.0360969854582578e-12,4.7480223140532176e-11,True
b3[1],-0.0943138822367065,-0.09431388223735125,6.447481437632518e-13,3.4180977840721055e-12,True
b3[2],0.11575540937031414,0.1157554093689228,1.391345372248054e-12,6.0098503379887435e-12,True
