id,parameter,gradient
s1,"W1[0,0]",0.1286173378150282
s1,"W1[0,1]",0.022384932847482598
s1,"W1[0,2]",-0.17081387558968933
s1,"W1[1,0]",-0.0643086689075141
s1,"W1[1,1]",-0.011192466423741299
s1,"W1[1,2]",0.08540693779484466
s1,b1[0],-0.1286173378150282
s1,b1[1],-0.022384932847482598
s1,b1[2],0.17081387558968933
s1,"W2[0,0]",0.05980095697727574
s1,"W2[0,1]",-0.11501028664985677
s1,"W2[1,0]",-0.03056327501696422
s1,"W2[1,1]",0.05877984564687132
s1,"W2[2,0]",0.0644625431374369
s1,"W2[2,1]",-0.12397553382352439
s1,b2[0],-0.20528104318591153
s1,b2[1],0.3948002308652829
s1,"W3[0,0]",-0.06151507658106399
s1,"W3[0,1]",0.029306181581410275
s1,"W3[0,2]",0.03220889499965372
s1,"W3[1,0]",0.07884829151167512
s1,"W3[1,1]",-0.03756383762897616
s1,"W3[1,2]",-0.04128445388269897
s1,b3[0],-0.6131469929376117
s1,b3[1],0.29210720541729235
s1,b3[2],0.3210397875203193
s2,"W1[0,0]",0.030314573427966653
s2,"W1[0,1]",0.02982368330755712
s2,"W1[0,2]",-0.03756565477102905
s2,"W1[1,0]",-0.09094372028389996
s2,"W1[1,1]",-0.08947104992267135
s2,"W1[1,2]",0.11269696431308715
s2,b1[0],0.12125829371186661
s2,b1[1],0.11929473323022848
s2,b1[2],-0.1502626190841162
s2,"W2[0,0]",0.1654869188865268
s2,"W2[0,1]",-0.06295378823537377
s2,"W2[1,0]",-0.1319409425675503
s2,"W2[1,1]",0.05019237903431306
s2,"W2[2,0]",-0.004902781775248843
s2,"W2[2,1]",0.0018650941580156178
s2,b2[0],0.3922429700645132
s2,b2[1],-0.1492153037859588
s2,"W3[0,0]",0.017996071795765047
s2,"W3[0,1]",-0.0318640079547709
s2,"W3[0,2]",0.013867936159005854
s2,"W3[1,0]",-0.093643060210751
s2,"W3[1,1]",0.16580525179759717
s2,"W3[1,2]",-0.07216219158684618
s2,b3[0],0.3989050026658449
s2,b3[1],-0.7063048159839836
s2,b3[2],0.30739981331813876
s3,"W1[0,0]",0.026116138564805446
s3,"W1[0,1]",-0.07809984653511429
s3,"W1[0,2]",-0.06312043312495104
s3,"W1[1,0]",0.0
s3,"W1[1,1]",-0.0
s3,"W1[1,2]",-0.0
s3,b1[0],0.026116138564805446
s3,b1[1],-0.07809984653511429
s3,b1[2],-0.06312043312495104
s3,"W2[0,0]",-0.03631089897863375
s3,"W2[0,1]",-0.09603368139085866
s3,"W2[1,0]",0.057600971246481926
s3,"W2[1,1]",0.1523408529142616
s3,"W2[2,0]",-0.062387751331271994
s3,"W2[2,1]",-0.16500074640302737
s3,b2[0],-0.12464581836348655
s3,b2[1],-0.3296585087156744
s3,"W3[0,0]",-0.060396856590945715
s3,"W3[0,1]",-0.055962308412662955
s3,"W3[0,2]",0.11635916500360867
s3,"W3[1,0]",-0.018501876288320517
s3,"W3[1,1]",-0.01714340390382419
s3,"W3[1,2]",0.03564528019214471
s3,b3[0],0.3534256647693825
s3,b3[1],0.32747591793940595
s3,b3[2],-0.6809015827087884
s4,"W1[0,0]",-0.06336235881206552
s4,"W1[0,1]",-0.06484428374869593
s4,"W1[0,2]",0.06245282222241771
s4,"W1[1,0]",-0.12672471762413104
s4,"W1[1,1]",-0.12968856749739185
s4,"W1[1,2]",0.12490564444483541
s4,b1[0],0.12672471762413104
s4,b1[1],0.12968856749739185
s4,b1[2],-0.12490564444483541
s4,"W2[0,0]",0.1481542920628314
s4,"W2[0,1]",-0.05913101143832305
s4,"W2[1,0]",-0.05805505198457796
s4,"W2[1,1]",0.023170803188723447
s4,"W2[2,0]",-0.16451195990592063
s4,"W2[2,1]",0.06565964743574522
s4,b2[0],0.38993208767684706
s4,b2[1],-0.15562882732287264
s4,"W3[0,0]",0.08850118136786606
s4,"W3[0,1]",-0.1508484152535553
s4,"W3[0,2]",0.062347233885689246
s4,"W3[1,0]",-0.14237639077580858
s4,"W3[1,1]",0.24267758448080806
s4,"W3[1,2]",-0.10030119370499949
s4,b3[0],0.42779825509697095
s4,b3[1],-0.729173191049012
s4,b3[2],0.301374935952041
s5,"W1[0,0]",-0.11268058817161303
s5,"W1[0,1]",-0.016422284800705355
s5,"W1[0,2]",0.10176614731383586
s5,"W1[1,0]",-0.15024078422881737
s5,"W1[1,1]",-0.021896379734273805
s5,"W1[1,2]",0.13568819641844782
s5,b1[0],-0.15024078422881737
s5,b1[1],-0.021896379734273805
s5,b1[2],0.13568819641844782
s5,"W2[0,0]",0.03323751029459633
s5,"W2[0,1]",-0.06452215381082627
s5,"W2[1,0]",0.07010290749133322
s5,"W2[1,1]",-0.13608692527362062
s5,"W2[2,0]",-0.1313246376388055
s5,"W2[2,1]",0.2549333085956083
s5,b2[0],-0.2232427899951843
s5,b2[1],0.4333689709475337
s5,"W3[0,0]",0.17606241562142988
s5,"W3[0,1]",-0.08991947898726571
s5,"W3[0,2]",-0.08614293663416418
s5,"W3[1,0]",-0.05955370875968403
s5,"W3[1,1]",0.030415568504663565
s5,"W3[1,2]",0.02913814025502046
s5,b3[0],-0.674189565262625
s5,b3[1],0.34432547249276496
s5,b3[2],0.32986409276986
