candidate_id,prompt,answer,rule_correct_0_or_1,format_correct_0_or_1,comment
C001,BOS 黄 猫 看,红 书 。 EOS,,,
C002,BOS 黄 鱼 找,黄 书 。 EOS,,,
C003,BOS 蓝 狗 看,蓝 书 。 EOS,,,
C004,BOS 黄 猫 拿,绿 书 。 EOS,,,
C005,BOS 绿 鸟 找,蓝 球 。 EOS,,,
C006,BOS 黄 猫 看,蓝 书 。 EOS,,,
C007,BOS 红 鸟 推,绿 球 。 EOS,,,
C008,BOS 黄 鸟 看,蓝 盒 。 EOS,,,
C009,BOS 黄 鱼 找,蓝 盒 。 EOS,,,
C010,BOS 蓝 猫 看,蓝 书 。 EOS,,,
C011,BOS 黄 猫 拿,绿 盒 。 EOS,,,
C012,BOS 黄 猫 看,绿 书 。 EOS,,,
C013,BOS 蓝 狗 找,蓝 书 。 EOS,,,
C014,BOS 黄 鱼 找,黄 盒 。 EOS,,,
C015,BOS 黄 鸟 看,黄 盒 。 EOS,,,
C016,BOS 蓝 猫 找,蓝 书 。 EOS,,,
C017,BOS 蓝 狗 看,蓝 书 。 EOS,,,
C018,BOS 绿 鸟 找,蓝 杯 。 EOS,,,
C019,BOS 红 鸟 推,黄 球 。 EOS,,,
C020,BOS 蓝 猫 看,蓝 书 。 EOS,,,
C021,BOS 红 鱼 看,蓝 书 。 EOS,,,
C022,BOS 黄 鸟 看,蓝 球 。 EOS,,,
C023,BOS 蓝 狗 找,蓝 书 。 EOS,,,
C024,BOS 红 鱼 看,蓝 球 。 EOS,,,
C025,BOS 红 猫 拿,绿 球 。 EOS,,,
C026,BOS 红 猫 拿,绿 书 。 EOS,,,
C027,BOS 红 猫 拿,绿 球 。 EOS,,,
C028,BOS 蓝 猫 找,蓝 书 。 EOS,,,
C029,BOS 黄 猫 拿,绿 书 。 EOS,,,
C030,BOS 蓝 狗 看,蓝 杯 。 EOS,,,
C031,BOS 蓝 猫 看,红 书 。 EOS,,,
C032,BOS 红 鱼 看,蓝 球 。 EOS,,,
C033,BOS 蓝 猫 找,蓝 球 。 EOS,,,
C034,BOS 绿 鸟 找,蓝 书 。 EOS,,,
C035,BOS 蓝 狗 找,蓝 书 。 EOS,,,
C036,BOS 红 鸟 推,绿 书 。 EOS,,,
