epsilon,cross_entropy,forward,reverse
0.1,1.203972804325936,0.5108256237659905,0.36806420716849714
0.01,2.307610260920796,1.6144630803608508,0.637145646205098
0.001,3.4543778896578603,2.761230709097915,0.6852399254477132
0.0001,4.605220188488258,3.912073007928312,0.6921261515229143
1e-05,5.756467732510115,5.063320551950169,0.6930220513552958
1e-06,6.907755778982387,6.2146085984224415,0.6931323650498873
1e-07,8.059047875479163,7.365900694919217,0.6931454687503853
1e-08,9.210340376976184,8.517193196416239,0.6931469863531379
1e-09,10.361632918973205,9.66848573841326,0.6931471588366794
1e-10,11.51292546502023,10.819778284460284,0.6931471781573602
1e-11,12.664218011472252,11.971070830912307,0.6931471802966609
1e-12,13.815510557964773,13.12236337740483,0.6931471805313143
