n,class,repeats,mean_train_risk,mean_validation_risk,mean_test_risk,mean_population_risk,mcse_population_mean
8,constant,800,0.3678125,0.498984375,0.500576171875,0.5,0.0
8,threshold,800,0.0825,0.1866015625,0.18626953125,0.18675,0.003838810682923053
8,lookup,800,0.05671875,0.2911328125,0.292724609375,0.29225,0.0035711851785470805
8,validation_selected,800,0.0771875,0.1801171875,0.1845556640625,0.18475000000000003,0.0036879938310852216
32,constant,800,0.4291015625,0.4975,0.500546875,0.5,0.0
32,threshold,800,0.09515625,0.1080859375,0.1089013671875,0.109375,0.0011995041607011725
32,lookup,800,0.091796875,0.1298828125,0.1311572265625,0.13137500000000002,0.001796293421554619
32,validation_selected,800,0.0948828125,0.1073828125,0.10857421875,0.109,0.0010577800448482184
128,constant,800,0.464345703125,0.4984765625,0.4989990234375,0.5,0.0
128,threshold,800,0.099853515625,0.10015625,0.1007568359375,0.100125,0.000125
128,lookup,800,0.099853515625,0.10015625,0.1007568359375,0.100125,0.000125
128,validation_selected,800,0.099853515625,0.10015625,0.1007568359375,0.100125,0.000125
