replicate,mean_difference
0,3/4
1,7/2
2,7/4
3,11/4
4,3/2
5,3/2
6,5/2
7,7/4
8,1/2
9,2
10,2
11,5/2
12,7/4
13,5/4
14,3
15,1/2
16,7/4
17,11/4
18,2
19,5/2
20,7/4
21,7/4
22,9/4
23,2
24,1
25,9/4
26,7/4
27,9/4
28,7/4
29,7/4
30,5/4
31,3
32,1
33,5/2
34,5/2
35,2
36,2
37,3/2
38,2
39,9/4
40,7/4
41,1/2
42,3/2
43,9/4
44,1
45,3/4
46,3
47,3
48,0
49,7/4
50,5/2
51,5/2
52,5/2
53,2
54,7/4
55,2
56,11/4
57,5/2
58,2
59,7/4
60,3/2
61,5/2
62,5/2
63,5/2
64,2
65,3/4
66,1
67,11/4
68,2
69,3/4
70,9/4
71,5/2
72,13/4
73,2
74,2
75,5/2
76,3/2
77,3
78,1/2
79,9/4
80,5/4
81,7/4
82,1
83,3/2
84,3/2
85,9/4
86,11/4
87,3/4
88,1/2
89,5/2
90,2
91,3
92,2
93,7/4
94,11/4
95,13/4
96,2
97,1
98,9/4
99,2
100,11/4
101,9/4
102,7/4
103,7/2
104,3/2
105,5/2
106,5/2
107,5/4
108,15/4
109,0
110,2
111,-1/4
112,2
113,5/4
114,2
115,1/4
116,3
117,2
118,3
119,7/4
120,7/2
121,11/4
122,7/4
123,9/4
124,7/4
125,3
126,15/4
127,4
128,3/4
129,1
130,13/4
131,7/4
132,7/4
133,5/4
134,3
135,13/4
136,5/2
137,9/4
138,2
139,2
140,1
141,1/4
142,9/4
143,1
144,13/4
145,5/4
146,7/4
147,9/4
148,5/4
149,9/4
150,5/4
151,9/4
152,7/4
153,11/4
154,5/2
155,5/4
156,3
157,5/4
158,13/4
159,7/4
160,13/4
161,9/4
162,3
163,2
164,9/4
165,5/2
166,2
167,9/4
168,3/4
169,11/4
170,3/2
171,3/2
172,1
173,5/4
174,9/4
175,3/2
176,3/2
177,9/4
178,13/4
179,2
180,3/2
181,13/4
182,13/4
183,7/4
184,1
185,3
186,5/4
187,2
188,3/2
189,3
190,7/4
191,5/2
192,2
193,1
194,3
195,3/2
196,3/4
197,2
198,2
199,5/2
200,7/4
201,5/4
202,3/2
203,5/4
204,3
205,3/4
206,1/4
207,11/4
208,3/2
209,2
210,1
211,5/2
212,7/4
213,3/4
214,2
215,5/2
216,9/4
217,11/4
218,15/4
219,13/4
220,2
221,15/4
222,2
223,9/4
224,5/4
225,9/4
226,13/4
227,-3/4
228,3
229,3/2
230,9/4
231,3/2
232,9/2
233,2
234,13/4
235,2
236,2
237,5/4
238,1
239,7/2
240,3
241,5/2
242,13/4
243,7/4
244,7/4
245,11/4
246,5/2
247,5/2
248,15/4
249,9/4
250,1/4
251,9/4
252,3
253,7/2
254,9/4
255,5/2
256,3
257,3/2
258,7/4
259,1
260,1
261,1/4
262,7/4
263,3/2
264,9/4
265,7/2
266,11/4
267,1
268,11/4
269,3/2
270,3
271,1
272,3/4
273,9/4
274,1/2
275,7/2
276,11/4
277,2
278,5/2
279,11/4
280,11/4
281,5/2
282,5/2
283,5/2
284,3/2
285,5/2
286,3/4
287,3
288,5/4
289,3/2
290,13/4
291,13/4
292,5/2
293,1
294,5/4
295,2
296,2
297,1
298,3/4
299,3/2
300,5/4
301,7/4
302,7/2
303,7/4
304,11/4
305,3/2
306,11/4
307,3/4
308,5/2
309,3/4
310,5/2
311,7/4
312,5/2
313,7/4
314,7/2
315,9/4
316,2
317,1/2
318,1
319,15/4
320,3/2
321,13/4
322,5/4
323,1
324,7/4
325,5/2
326,9/4
327,2
328,3/4
329,3/2
330,2
331,3
332,5/4
333,13/4
334,2
335,1/4
336,9/4
337,3/2
338,2
339,9/4
340,7/4
341,13/4
342,1
343,3/4
344,11/4
345,3/2
346,9/4
347,5/4
348,7/4
349,15/4
350,3
351,4
352,2
353,3/2
354,3
355,3
356,2
357,3/4
358,9/4
359,3/2
360,3/4
361,7/4
362,3/4
363,11/4
364,3/4
365,1/2
366,7/4
367,11/4
368,5/2
369,5/2
370,1/4
371,2
372,2
373,7/4
374,7/4
375,2
376,3/4
377,5/4
378,9/4
379,5/2
380,11/4
381,2
382,11/4
383,11/4
384,5/2
385,2
386,3/2
387,15/4
388,13/4
389,7/4
390,13/4
391,2
392,3/2
393,9/4
394,2
395,2
396,7/4
397,7/4
398,13/4
399,11/4
400,9/4
401,2
402,9/4
403,9/4
404,-1/2
405,7/4
406,2
407,3
408,15/4
409,1
410,3/4
411,9/4
412,3/2
413,11/4
414,5/4
415,5/2
416,2
417,3/2
418,5/4
419,3/2
420,5/2
421,5/2
422,11/4
423,2
424,5/2
425,5/2
426,7/4
427,9/4
428,3/2
429,7/2
430,1
431,5/2
432,3/2
433,3/2
434,5/4
435,3/2
436,3
437,3
438,3/2
439,13/4
440,2
441,7/4
442,5/2
443,5/2
444,15/4
445,11/4
446,17/4
447,11/4
448,5/2
449,9/4
450,5/4
451,7/4
452,3
453,5/2
454,7/4
455,3
456,7/4
457,9/4
458,9/4
459,1/2
460,3/2
461,3/4
462,5/4
463,2
464,1/4
465,7/4
466,4
467,11/4
468,9/4
469,1
470,2
471,2
472,13/4
473,9/4
474,9/4
475,9/4
476,2
477,11/4
478,1
479,9/4
480,7/4
481,3
482,3
483,1/2
484,3
485,9/4
486,3
487,1
488,7/4
489,-1/4
490,5/2
491,9/4
492,3
493,2
494,7/4
495,3
496,5/2
497,9/4
498,1/2
499,3/2
500,7/4
501,11/4
502,2
503,3/2
504,2
505,1
506,11/4
507,11/4
508,17/4
509,7/4
510,5/2
511,3
512,5/2
513,2
514,1/2
515,5/2
516,3/2
517,1
518,7/2
519,13/4
520,3/2
521,5/4
522,7/2
523,3
524,7/4
525,9/4
526,5/2
527,4
528,2
529,2
530,11/4
531,1
532,11/4
533,2
534,13/4
535,13/4
536,2
537,11/4
538,9/4
539,3/2
540,5/2
541,9/4
542,5/2
543,5/4
544,11/4
545,11/4
546,15/4
547,7/4
548,5/2
549,7/4
550,7/4
551,11/4
552,7/4
553,7/4
554,13/4
555,5/4
556,1/2
557,7/2
558,3
559,9/4
560,9/4
561,1/4
562,5/4
563,11/4
564,3/2
565,2
566,3
567,1
568,7/4
569,2
570,1
571,5/2
572,5/4
573,9/4
574,0
575,1
576,7/4
577,7/4
578,5/4
579,2
580,3/2
581,2
582,5/2
583,7/4
584,7/4
585,-1/4
586,9/4
587,2
588,7/4
589,3
590,9/4
591,13/4
592,9/4
593,3/2
594,2
595,9/4
596,11/4
597,5/2
598,1
599,9/4
600,3
601,9/4
602,3
603,5/2
604,5/2
605,9/4
606,3/2
607,9/4
608,5/4
609,3/4
610,1/4
611,5/2
612,9/4
613,15/4
614,2
615,1/2
616,7/4
617,7/4
618,5/4
619,13/4
620,1
621,5/4
622,7/4
623,3/4
624,7/4
625,1/2
626,5/4
627,5/2
628,1
629,5/2
630,13/4
631,2
632,1/2
633,11/4
634,11/4
635,3
636,-3/4
637,5/4
638,7/4
639,1
640,3/4
641,9/4
642,3/4
643,2
644,13/4
645,3
646,3/2
647,3/2
648,0
649,5/4
650,11/4
651,2
652,13/4
653,7/4
654,7/4
655,1/2
656,9/4
657,5/2
658,4
659,11/4
660,5/2
661,2
662,3/2
663,15/4
664,5/2
665,5/4
666,7/4
667,5/2
668,3/2
669,7/4
670,11/4
671,1/2
672,3/2
673,3/2
674,3/4
675,11/4
676,7/4
677,5/2
678,5/2
679,3/4
680,4
681,2
682,1
683,13/4
684,3
685,5/4
686,7/4
687,5/2
688,5/4
689,9/4
690,2
691,9/4
692,5/4
693,4
694,4
695,11/4
696,2
697,3
698,7/4
699,0
700,3/2
701,2
702,5/2
703,5/2
704,9/4
705,13/4
706,3
707,2
708,5/2
709,3/4
710,9/4
711,9/4
712,7/4
713,15/4
714,9/4
715,3/2
716,3/2
717,5/2
718,3/2
719,9/4
720,3/4
721,2
722,5/2
723,2
724,9/4
725,5/2
726,2
727,5/2
728,7/4
729,7/2
730,7/4
731,3/2
732,3/2
733,1
734,4
735,5/4
736,1
737,11/4
738,11/4
739,11/4
740,9/4
741,2
742,5/4
743,2
744,9/4
745,9/4
746,11/4
747,7/2
748,7/2
749,3/2
750,5/2
751,3/2
752,3/2
753,2
754,4
755,3/2
756,3
757,5/2
758,3
759,5/4
760,3
761,15/4
762,1
763,11/4
764,2
765,9/4
766,5/4
767,13/4
768,2
769,7/2
770,9/4
771,3/4
772,9/4
773,1
774,5/2
775,2
776,11/4
777,3
778,9/4
779,9/4
780,3
781,5/4
782,11/4
783,3
784,9/4
785,3/2
786,5/4
787,11/4
788,17/4
789,5/4
790,7/4
791,3/2
792,2
793,9/4
794,5/4
795,3/2
796,5/4
797,5/2
798,3/2
799,7/4
800,3/4
801,3/4
802,7/4
803,5/2
804,3
805,15/4
806,9/4
807,5/2
808,5/4
809,13/4
810,2
811,9/4
812,5/2
813,3/4
814,2
815,2
816,7/4
817,11/4
818,5/2
819,11/4
820,9/4
821,7/2
822,5/2
823,9/4
824,5/2
825,1
826,5/4
827,1/2
828,9/4
829,5/4
830,5/4
831,5/4
832,1/2
833,5/2
834,9/4
835,1
836,7/2
837,5/4
838,2
839,7/4
840,3
841,5/2
842,7/4
843,11/4
844,13/4
845,5/4
846,3/4
847,1
848,7/4
849,2
850,3
851,15/4
852,5/4
853,5/2
854,7/4
855,7/4
856,11/4
857,5/4
858,3/4
859,13/4
860,1/2
861,13/4
862,5/4
863,9/4
864,11/4
865,1
866,9/4
867,11/4
868,5/2
869,13/4
870,9/4
871,11/4
872,1/4
873,7/4
874,1
875,1/2
876,5/2
877,9/4
878,11/4
879,11/4
880,2
881,3/2
882,13/4
883,9/4
884,1/4
885,3
886,9/4
887,5/2
888,2
889,3/2
890,3
891,11/4
892,9/4
893,3/4
894,5/2
895,9/4
896,2
897,15/4
898,9/4
899,5/4
900,11/4
901,5/2
902,9/4
903,9/4
904,7/4
905,3/2
906,2
907,7/4
908,9/4
909,11/4
910,3/2
911,2
912,11/4
913,7/4
914,5/4
915,9/4
916,2
917,5/2
918,1/2
919,1/2
920,3
921,7/4
922,5/4
923,1
924,11/4
925,4
926,3/4
927,5/2
928,13/4
929,5/2
930,5/4
931,5/2
932,3
933,5/2
934,2
935,5/4
936,1/4
937,13/4
938,5/2
939,3/4
940,3/2
941,1
942,2
943,2
944,1/2
945,2
946,1
947,3/4
948,5/4
949,2
950,5/4
951,-1/4
952,2
953,1/2
954,2
955,3
956,1
957,9/4
958,7/4
959,3
960,1
961,2
962,7/4
963,11/4
964,5/2
965,3/2
966,1
967,3/2
968,3/2
969,3/2
970,5/4
971,5/2
972,5/4
973,7/2
974,3/2
975,13/4
976,2
977,3/2
978,3/2
979,3/2
980,3
981,5/4
982,2
983,1
984,2
985,13/4
986,11/4
987,7/4
988,5/4
989,2
990,15/4
991,5/2
992,2
993,13/4
994,3/2
995,1/2
996,11/4
997,1
998,5/4
999,2
1000,7/4
1001,5/4
1002,11/4
1003,9/4
1004,3
1005,5/2
1006,3
1007,5/2
1008,1
1009,7/4
1010,3/2
1011,3
1012,11/4
1013,5/2
1014,5/4
1015,7/4
1016,5/4
1017,5/2
1018,5/2
1019,5/4
1020,1/2
1021,5/4
1022,3
1023,5/2
1024,1/2
1025,2
1026,5/4
1027,7/4
1028,3/2
1029,5/4
1030,5/4
1031,5/2
1032,2
1033,11/4
1034,3/4
1035,5/2
1036,7/4
1037,5/4
1038,5/2
1039,9/4
1040,3/2
1041,3/2
1042,2
1043,3/2
1044,7/4
1045,1
1046,2
1047,1
1048,11/4
1049,3/2
1050,7/4
1051,-1/4
1052,7/4
1053,3
1054,5/4
1055,7/4
1056,2
1057,2
1058,7/4
1059,5/4
1060,9/4
1061,7/4
1062,4
1063,3
1064,1
1065,15/4
1066,2
1067,5/4
1068,7/4
1069,5/2
1070,5/2
1071,11/4
1072,2
1073,3/2
1074,9/4
1075,3/2
1076,5/4
1077,3
1078,1/2
1079,3/2
1080,7/4
1081,1
1082,9/4
1083,13/4
1084,3/2
1085,1/2
1086,5/4
1087,1/4
1088,1/4
1089,5/2
1090,0
1091,2
1092,9/4
1093,5/4
1094,9/4
1095,3/4
1096,11/4
1097,5/4
1098,9/4
1099,2
1100,7/2
1101,5/4
1102,5/4
1103,5/2
1104,3
1105,11/4
1106,1/2
1107,9/4
1108,2
1109,7/2
1110,2
1111,3/2
1112,3/2
1113,3/2
1114,9/4
1115,2
1116,11/4
1117,9/4
1118,3
1119,-1/2
1120,7/2
1121,3
1122,5/2
1123,7/4
1124,13/4
1125,2
1126,17/4
1127,3/2
1128,5/2
1129,7/4
1130,9/4
1131,3/2
1132,11/4
1133,13/4
1134,9/4
1135,5/4
1136,7/4
1137,1/2
1138,3
1139,2
1140,9/4
1141,5/2
1142,2
1143,1
1144,5/4
1145,5/4
1146,7/2
1147,13/4
1148,13/4
1149,2
1150,7/4
1151,7/4
1152,3
1153,15/4
1154,9/4
1155,7/4
1156,7/4
1157,7/4
1158,5/4
1159,5/2
1160,2
1161,9/4
1162,5/4
1163,5/2
1164,13/4
1165,0
1166,3
1167,2
1168,5/2
1169,13/4
1170,2
1171,5/4
1172,3/4
1173,3/2
1174,2
1175,1
1176,5/4
1177,11/4
1178,7/4
1179,5/4
1180,13/4
1181,11/4
1182,7/2
1183,3
1184,1
1185,1
1186,1
1187,5/2
1188,9/4
1189,13/4
1190,5/2
1191,13/4
1192,11/4
1193,13/4
1194,3
1195,13/4
1196,5/2
1197,9/4
1198,5/4
1199,3/4
1200,3/2
1201,9/4
1202,11/4
1203,13/4
1204,5/2
1205,9/4
1206,3
1207,1/2
1208,9/4
1209,9/4
1210,1/2
1211,3/2
1212,1/4
1213,-1/4
1214,2
1215,2
1216,5/2
1217,3
1218,2
1219,5/2
1220,3/2
1221,3/2
1222,2
1223,1/2
1224,9/4
1225,9/4
1226,15/4
1227,2
1228,7/4
1229,7/4
1230,7/4
1231,5/2
1232,7/4
1233,13/4
1234,3/4
1235,15/4
1236,7/2
1237,3
1238,3/2
1239,9/4
1240,7/4
1241,7/4
1242,11/4
1243,5/4
1244,5/4
1245,2
1246,2
1247,1
1248,-1/4
1249,5/2
1250,5/2
1251,7/2
1252,3/2
1253,2
1254,5/2
1255,5/4
1256,3/4
1257,3
1258,7/4
1259,13/4
1260,3
1261,15/4
1262,11/4
1263,2
1264,13/4
1265,7/2
1266,5/4
1267,3/2
1268,3/2
1269,1
1270,13/4
1271,7/4
1272,3
1273,11/4
1274,9/4
1275,11/4
1276,11/4
1277,2
1278,15/4
1279,11/4
1280,7/4
1281,11/4
1282,5/2
1283,2
1284,5/2
1285,9/4
1286,11/4
1287,13/4
1288,9/4
1289,2
1290,5/4
1291,5/4
1292,3/2
1293,13/4
1294,1
1295,7/4
1296,3/2
1297,2
1298,7/4
1299,5/4
1300,1
1301,3
1302,1/2
1303,7/4
1304,3/4
1305,1
1306,7/4
1307,2
1308,5/2
1309,3
1310,5/2
1311,9/4
1312,4
1313,7/4
1314,1/4
1315,5/4
1316,7/4
1317,7/4
1318,5/4
1319,11/4
1320,7/4
1321,5/2
1322,15/4
1323,7/4
1324,3/2
1325,7/4
1326,-1/4
1327,2
1328,3/2
1329,7/4
1330,-1/4
1331,3/4
1332,5/4
1333,3
1334,9/4
1335,7/2
1336,2
1337,5/4
1338,9/4
1339,7/4
1340,3
1341,2
1342,9/4
1343,5/4
1344,7/2
1345,11/4
1346,7/4
1347,17/4
1348,9/4
1349,7/4
1350,5/2
1351,3
1352,5/4
1353,7/4
1354,5/4
1355,2
1356,5/4
1357,3/4
1358,9/4
1359,7/4
1360,5/2
1361,11/4
1362,5/4
1363,13/4
1364,3
1365,7/4
1366,1
1367,11/4
1368,5/2
1369,9/4
1370,5/2
1371,3/4
1372,2
1373,11/4
1374,4
1375,9/4
1376,5/2
1377,1/4
1378,4
1379,3/4
1380,3/4
1381,11/4
1382,2
1383,4
1384,4
1385,11/4
1386,2
1387,7/4
1388,7/4
1389,3/2
1390,9/4
1391,1
1392,5/4
1393,7/4
1394,2
1395,5/2
1396,7/4
1397,1
1398,7/4
1399,9/4
1400,7/4
1401,7/4
1402,3/4
1403,5/4
1404,5/2
1405,7/4
1406,11/4
1407,2
1408,5/2
1409,5/2
1410,1
1411,1
1412,9/4
1413,7/4
1414,9/4
1415,7/4
1416,7/4
1417,7/4
1418,3
1419,7/4
1420,3/4
1421,3/2
1422,1
1423,3/2
1424,11/4
1425,7/4
1426,11/4
1427,5/4
1428,5/4
1429,3
1430,3/4
1431,5/4
1432,2
1433,3
1434,3/2
1435,2
1436,1
1437,5/4
1438,17/4
1439,7/4
1440,7/4
1441,-1/4
1442,15/4
1443,5/2
1444,3
1445,5/4
1446,2
1447,9/4
1448,3/2
1449,2
1450,3/4
1451,13/4
1452,3
1453,7/4
1454,1/2
1455,3/4
1456,1
1457,7/2
1458,2
1459,11/4
1460,1
1461,7/4
1462,9/4
1463,2
1464,11/4
1465,9/4
1466,3
1467,1
1468,2
1469,13/4
1470,5/4
1471,11/4
1472,4
1473,5/4
1474,2
1475,3/4
1476,11/4
1477,7/4
1478,2
1479,3/2
1480,3/4
1481,1
1482,3
1483,11/4
1484,9/4
1485,5/2
1486,2
1487,3
1488,7/2
1489,5/2
1490,7/4
1491,5/2
1492,9/4
1493,11/4
1494,3/2
1495,1
1496,9/4
1497,3/4
1498,1/4
1499,3
1500,5/2
1501,3
1502,2
1503,9/4
1504,7/4
1505,13/4
1506,13/4
1507,3/2
1508,3/4
1509,5/4
1510,9/4
1511,5/2
1512,3/2
1513,1/2
1514,7/4
1515,5/2
1516,3/4
1517,3/4
1518,7/4
1519,5/4
1520,3/2
1521,2
1522,1
1523,11/4
1524,5/4
1525,3
1526,9/4
1527,7/4
1528,7/4
1529,7/2
1530,2
1531,1
1532,11/4
1533,3/2
1534,5/2
1535,2
1536,11/4
1537,1
1538,9/4
1539,5/2
1540,9/4
1541,1
1542,2
1543,5/2
1544,2
1545,2
1546,5/2
1547,3/2
1548,5/2
1549,7/4
1550,17/4
1551,5/2
1552,5/2
1553,2
1554,2
1555,2
1556,7/4
1557,1/2
1558,1
1559,15/4
1560,11/4
1561,3/2
1562,3
1563,9/4
1564,2
1565,3/4
1566,5/2
1567,7/4
1568,2
1569,2
1570,3
1571,5/4
1572,7/4
1573,2
1574,11/4
1575,11/4
1576,7/4
1577,5/2
1578,3/4
1579,3/2
1580,3/2
1581,1
1582,11/4
1583,5/2
1584,7/4
1585,7/4
1586,7/4
1587,7/2
1588,13/4
1589,1/2
1590,5/4
1591,7/4
1592,7/4
1593,13/4
1594,11/4
1595,9/4
1596,13/4
1597,5/4
1598,9/4
1599,3
1600,3/2
1601,9/4
1602,11/4
1603,5/2
1604,1
1605,11/4
1606,5/2
1607,0
1608,7/2
1609,7/2
1610,1/2
1611,11/4
1612,4
1613,3
1614,5/2
1615,5/2
1616,9/4
1617,7/4
1618,2
1619,9/4
1620,3
1621,2
1622,1/4
1623,11/4
1624,3/2
1625,3
1626,11/4
1627,5/2
1628,1
1629,3
1630,1/4
1631,3/2
1632,2
1633,2
1634,5/4
1635,2
1636,2
1637,4
1638,7/4
1639,3
1640,3/2
1641,1/2
1642,9/4
1643,5/2
1644,-1/4
1645,1/2
1646,2
1647,5/2
1648,2
1649,3/4
1650,7/4
1651,2
1652,3
1653,2
1654,5/2
1655,5/4
1656,3/4
1657,15/4
1658,3
1659,5/2
1660,7/4
1661,11/4
1662,13/4
1663,5/2
1664,5/4
1665,1
1666,7/4
1667,1
1668,5/2
1669,3/4
1670,11/4
1671,1/4
1672,15/4
1673,1/2
1674,7/2
1675,3
1676,9/4
1677,1
1678,5/2
1679,1
1680,1/4
1681,3
1682,4
1683,15/4
1684,13/4
1685,7/4
1686,7/4
1687,2
1688,5/2
1689,2
1690,5/2
1691,3/2
1692,3
1693,2
1694,5/2
1695,3/2
1696,1/2
1697,2
1698,5/2
1699,1/4
1700,5/2
1701,13/4
1702,9/4
1703,3/4
1704,3
1705,7/4
1706,5/4
1707,3/4
1708,7/2
1709,9/4
1710,1/2
1711,11/4
1712,1/4
1713,7/2
1714,4
1715,13/4
1716,9/2
1717,13/4
1718,3
1719,2
1720,3
1721,5/4
1722,5/4
1723,11/4
1724,3
1725,5/4
1726,3
1727,7/4
1728,7/4
1729,2
1730,7/4
1731,11/4
1732,11/4
1733,5/4
1734,3/2
1735,9/4
1736,5/2
1737,2
1738,5/2
1739,5/4
1740,7/4
1741,5/2
1742,4
1743,13/4
1744,3
1745,5/4
1746,9/4
1747,5/2
1748,1
1749,5/2
1750,5/4
1751,7/4
1752,2
1753,5/4
1754,7/4
1755,1
1756,1
1757,13/4
1758,1
1759,2
1760,9/4
1761,5/4
1762,7/4
1763,5/2
1764,2
1765,11/4
1766,2
1767,3
1768,5/4
1769,11/4
1770,2
1771,4
1772,2
1773,2
1774,3/4
1775,2
1776,3/2
1777,1/4
1778,2
1779,3/4
1780,7/4
1781,17/4
1782,1/2
1783,3/2
1784,13/4
1785,2
1786,3/2
1787,9/4
1788,11/4
1789,7/4
1790,3/2
1791,5/4
1792,3
1793,3
1794,5/2
1795,3
1796,13/4
1797,9/4
1798,3/2
1799,3/2
1800,5/4
1801,1/2
1802,3/4
1803,5/2
1804,9/4
1805,5/2
1806,9/4
1807,13/4
1808,5/2
1809,2
1810,5/4
1811,9/4
1812,3/4
1813,11/4
1814,3
1815,7/4
1816,3/2
1817,9/4
1818,7/4
1819,7/4
1820,2
1821,11/4
1822,9/4
1823,5/2
1824,9/4
1825,2
1826,3/2
1827,13/4
1828,3/4
1829,1
1830,3/2
1831,1
1832,5/4
1833,3/2
1834,13/4
1835,7/4
1836,9/4
1837,7/4
1838,1
1839,0
1840,5/2
1841,9/4
1842,11/4
1843,7/4
1844,7/4
1845,11/4
1846,7/2
1847,2
1848,5/2
1849,3/4
1850,3
1851,15/4
1852,3/2
1853,7/4
1854,7/4
1855,7/4
1856,7/2
1857,3
1858,5/4
1859,7/4
1860,3/2
1861,9/4
1862,9/4
1863,11/4
1864,13/4
1865,5/4
1866,11/4
1867,5/2
1868,13/4
1869,9/4
1870,1
1871,3/2
1872,2
1873,2
1874,9/4
1875,5/4
1876,3/2
1877,5/2
1878,7/4
1879,11/4
1880,17/4
1881,9/4
1882,1/4
1883,5/4
1884,5/2
1885,7/4
1886,9/4
1887,15/4
1888,5/2
1889,3/2
1890,2
1891,2
1892,7/4
1893,17/4
1894,1
1895,3
1896,5/4
1897,-1/4
1898,3/2
1899,11/4
1900,11/4
1901,4
1902,11/4
1903,11/4
1904,3/2
1905,7/2
1906,7/4
1907,11/4
1908,3
1909,3/2
1910,5/2
1911,11/4
1912,3/2
1913,5/4
1914,3/4
1915,11/4
1916,11/4
1917,5/4
1918,3/4
1919,9/4
1920,3/2
1921,5/4
1922,3
1923,2
1924,2
1925,3/2
1926,4
1927,2
1928,3
1929,1
1930,7/4
1931,1/2
1932,0
1933,7/4
1934,2
1935,15/4
1936,11/4
1937,5/4
1938,11/4
1939,5/2
1940,5/2
1941,3/4
1942,7/4
1943,3/2
1944,3/4
1945,13/4
1946,5/4
1947,9/4
1948,5/4
1949,3/2
1950,1/4
1951,7/4
1952,7/4
1953,9/4
1954,2
1955,1/4
1956,3/2
1957,13/4
1958,9/4
1959,2
1960,13/4
1961,11/4
1962,3/2
1963,9/4
1964,15/4
1965,11/4
1966,9/4
1967,0
1968,9/4
1969,11/4
1970,2
1971,2
1972,0
1973,3/2
1974,3
1975,3/2
1976,11/4
1977,5/2
1978,3
1979,13/4
1980,1
1981,5/4
1982,3/2
1983,5/2
1984,7/4
1985,4
1986,7/4
1987,2
1988,3/4
1989,3
1990,7/4
1991,2
1992,0
1993,3/4
1994,7/4
1995,1/2
1996,1
1997,1
1998,11/4
1999,5/2
2000,3
2001,7/2
2002,1
2003,3
2004,3/4
2005,9/4
2006,9/4
2007,3/2
2008,5/4
2009,3
2010,5/4
2011,3/2
2012,13/4
2013,1
2014,2
2015,1
2016,5/2
2017,3/2
2018,5/2
2019,2
2020,7/4
2021,5/4
2022,5/4
2023,2
2024,9/4
2025,-1
2026,9/4
2027,3/2
2028,7/4
2029,4
2030,1/2
2031,7/4
2032,3/4
2033,13/4
2034,3/2
2035,7/4
2036,-1/4
2037,7/4
2038,3/2
2039,11/4
2040,2
2041,9/4
2042,9/4
2043,7/4
2044,2
2045,7/4
2046,7/4
2047,5/2
2048,5/4
2049,2
2050,15/4
2051,5/4
2052,3/2
2053,3/4
2054,15/4
2055,13/4
2056,3
2057,3
2058,2
2059,7/2
2060,7/4
2061,9/4
2062,13/4
2063,7/4
2064,13/4
2065,9/4
2066,11/4
2067,11/4
2068,9/4
2069,5/2
2070,3
2071,4
2072,11/4
2073,13/4
2074,1/2
2075,1/2
2076,1
2077,11/4
2078,7/4
2079,11/4
2080,7/2
2081,3/2
2082,5/2
2083,9/4
2084,3
2085,13/4
2086,-1/4
2087,3/2
2088,3/4
2089,1
2090,11/4
2091,3
2092,7/2
2093,1
2094,5/2
2095,7/4
2096,3
2097,1
2098,5/4
2099,11/4
2100,2
2101,3/2
2102,3
2103,3/2
2104,3
2105,7/2
2106,5/4
2107,7/4
2108,11/4
2109,7/4
2110,9/4
2111,2
2112,3/4
2113,1
2114,13/4
2115,3/2
2116,11/4
2117,3/2
2118,15/4
2119,9/4
2120,9/2
2121,7/2
2122,3/2
2123,5/4
2124,7/4
2125,3
2126,5/4
2127,5/2
2128,9/4
2129,7/4
2130,2
2131,1
2132,3
2133,11/4
2134,7/4
2135,2
2136,5/4
2137,11/4
2138,5/4
2139,3/2
2140,11/4
2141,9/4
2142,3
2143,5/2
2144,9/2
2145,3/4
2146,3/2
2147,9/4
2148,7/2
2149,3
2150,1/2
2151,1
2152,1
2153,3/2
2154,2
2155,3/2
2156,3/4
2157,2
2158,5/2
2159,9/4
2160,5/4
2161,5/2
2162,13/4
2163,7/4
2164,3
2165,5/2
2166,3
2167,7/4
2168,3/4
2169,5/2
2170,7/4
2171,5/4
2172,7/4
2173,5/2
2174,3
2175,7/4
2176,1
2177,9/4
2178,3/2
2179,11/4
2180,1
2181,5/2
2182,3
2183,9/4
2184,7/2
2185,7/4
2186,9/4
2187,7/2
2188,5/4
2189,5/4
2190,3
2191,3/4
2192,5/2
2193,13/4
2194,9/4
2195,2
2196,11/4
2197,7/4
2198,7/4
2199,9/4
2200,2
2201,1
2202,0
2203,2
2204,5/4
2205,7/4
2206,7/4
2207,9/2
2208,7/2
2209,5/4
2210,3/2
2211,5/4
2212,7/4
2213,11/4
2214,15/4
2215,7/4
2216,3/2
2217,2
2218,0
2219,2
2220,3
2221,5/2
2222,3/2
2223,7/4
2224,3/2
2225,2
2226,2
2227,3/2
2228,3/2
2229,5/4
2230,9/4
2231,3/2
2232,7/2
2233,7/2
2234,5/2
2235,7/4
2236,3/4
2237,1/2
2238,7/2
2239,1
2240,11/4
2241,4
2242,5/2
2243,-1/4
2244,7/4
2245,5/2
2246,3/2
2247,3/4
2248,3/4
2249,7/4
2250,5/4
2251,5/4
2252,5/2
2253,3
2254,9/4
2255,2
2256,9/4
2257,1
2258,3/4
2259,3/2
2260,13/4
2261,7/4
2262,11/4
2263,2
2264,7/4
2265,5/2
2266,1
2267,5/4
2268,7/4
2269,2
2270,11/4
2271,5/4
2272,1/4
2273,7/4
2274,5/2
2275,5/2
2276,9/4
2277,3
2278,2
2279,5/4
2280,3/2
2281,2
2282,3/2
2283,5/4
2284,13/4
2285,7/4
2286,1
2287,-1/4
2288,5/4
2289,7/4
2290,3/2
2291,3/2
2292,9/4
2293,2
2294,5/4
2295,9/4
2296,9/4
2297,13/4
2298,9/4
2299,5/2
2300,2
2301,5/2
2302,2
2303,3/2
2304,3
2305,1/2
2306,7/4
2307,9/4
2308,15/4
2309,7/4
2310,5/2
2311,5/2
2312,3/2
2313,5/2
2314,3
2315,9/4
2316,1
2317,5/4
2318,1/2
2319,1
2320,5/2
2321,2
2322,13/4
2323,5/4
2324,7/4
2325,5/4
2326,9/4
2327,7/4
2328,9/4
2329,2
2330,2
2331,0
2332,3/4
2333,11/4
2334,11/4
2335,2
2336,5/2
2337,5/2
2338,9/4
2339,1
2340,5/2
2341,9/4
2342,3/2
2343,1/2
2344,3
2345,7/4
2346,5/2
2347,7/2
2348,9/4
2349,7/4
2350,9/4
2351,11/4
2352,7/4
2353,2
2354,15/4
2355,5/2
2356,15/4
2357,3/2
2358,3/2
2359,3
2360,3/2
2361,-1/4
2362,5/2
2363,3/2
2364,2
2365,7/4
2366,7/4
2367,11/4
2368,9/4
2369,15/4
2370,1
2371,11/4
2372,7/4
2373,2
2374,13/4
2375,1
2376,-1/4
2377,3
2378,2
2379,11/4
2380,3/2
2381,2
2382,11/4
2383,1
2384,2
2385,2
2386,3/4
2387,13/4
2388,7/2
2389,2
2390,3/2
2391,9/4
2392,1
2393,7/4
2394,15/4
2395,5/2
2396,2
2397,2
2398,2
2399,9/4
2400,11/4
2401,1/2
2402,1/2
2403,5/2
2404,5/4
2405,5/2
2406,9/4
2407,9/4
2408,5/4
2409,3/2
2410,7/4
2411,13/4
2412,3/2
2413,1/4
2414,11/4
2415,4
2416,3
2417,5/4
2418,9/4
2419,7/2
2420,3/2
2421,15/4
2422,19/4
2423,11/4
2424,11/4
2425,5/2
2426,3/2
2427,1
2428,2
2429,13/4
2430,9/4
2431,7/4
2432,3/2
2433,7/4
2434,13/4
2435,3/2
2436,9/4
2437,1/4
2438,5/2
2439,15/4
2440,7/4
2441,11/4
2442,5/2
2443,5/2
2444,7/4
2445,3/2
2446,5/2
2447,3/4
2448,7/2
2449,1
2450,9/4
2451,11/4
2452,1
2453,13/4
2454,2
2455,3
2456,7/4
2457,0
2458,13/4
2459,11/4
2460,0
2461,3/4
2462,5/2
2463,15/4
2464,9/4
2465,11/4
2466,3/2
2467,5/2
2468,3/4
2469,3/2
2470,3/2
2471,7/4
2472,11/4
2473,5/2
2474,13/4
2475,9/4
2476,9/4
2477,5/4
2478,3/2
2479,3/2
2480,9/4
2481,7/4
2482,5/2
2483,7/4
2484,3/4
2485,3/4
2486,9/4
2487,9/4
2488,11/4
2489,5/2
2490,7/4
2491,9/4
2492,5/2
2493,1
2494,7/4
2495,2
2496,7/2
2497,1
2498,3
2499,1/2
2500,1
2501,15/4
2502,3
2503,11/4
2504,3/2
2505,9/4
2506,9/4
2507,9/4
2508,11/4
2509,9/4
2510,5/4
2511,11/4
2512,7/4
2513,9/4
2514,3/2
2515,2
2516,3
2517,0
2518,7/4
2519,3/4
2520,7/4
2521,3
2522,3/4
2523,5/2
2524,13/4
2525,11/4
2526,5/2
2527,1/2
2528,1
2529,15/4
2530,5/2
2531,5/2
2532,1
2533,3/2
2534,9/4
2535,3/2
2536,7/2
2537,2
2538,2
2539,7/2
2540,3/4
2541,1/4
2542,3
2543,13/4
2544,1/2
2545,0
2546,9/4
2547,2
2548,17/4
2549,5/4
2550,11/4
2551,7/4
2552,5/4
2553,9/4
2554,1/4
2555,3/2
2556,4
2557,3/2
2558,9/4
2559,9/4
2560,5/2
2561,3
2562,9/4
2563,15/4
2564,3
2565,3/2
2566,3/4
2567,7/4
2568,2
2569,9/4
2570,2
2571,7/4
2572,9/4
2573,9/4
2574,2
2575,15/4
2576,7/4
2577,3/2
2578,9/4
2579,11/4
2580,13/4
2581,13/4
2582,7/4
2583,2
2584,7/4
2585,5/2
2586,1
2587,9/4
2588,5/2
2589,-1/4
2590,11/4
2591,1/2
2592,1
2593,7/4
2594,11/4
2595,7/4
2596,13/4
2597,4
2598,5/4
2599,2
2600,7/4
2601,11/4
2602,3
2603,2
2604,13/4
2605,11/4
2606,5/2
2607,9/4
2608,9/4
2609,9/4
2610,5/2
2611,5/2
2612,3/2
2613,13/4
2614,7/4
2615,5/4
2616,5/2
2617,3/4
2618,3/2
2619,3/2
2620,5/4
2621,3/4
2622,5/4
2623,5/2
2624,7/4
2625,5/2
2626,9/4
2627,13/4
2628,3
2629,9/4
2630,5/4
2631,1/2
2632,5/4
2633,5/2
2634,3/2
2635,5/2
2636,7/4
2637,5/2
2638,3/2
2639,11/4
2640,5/4
2641,5/4
2642,1
2643,2
2644,3/4
2645,11/4
2646,5/2
2647,9/4
2648,3/4
2649,7/4
2650,5/4
2651,5/4
2652,2
2653,1
2654,3/2
2655,9/4
2656,9/4
2657,2
2658,5/4
2659,1
2660,2
2661,2
2662,7/4
2663,3
2664,7/4
2665,3
2666,9/4
2667,2
2668,1/2
2669,5/4
2670,5/2
2671,11/4
2672,3/2
2673,11/4
2674,7/4
2675,7/4
2676,9/4
2677,5/2
2678,9/4
2679,2
2680,5/2
2681,7/4
2682,7/4
2683,1
2684,15/4
2685,3/2
2686,2
2687,3
2688,5/4
2689,13/4
2690,5/2
2691,7/2
2692,7/2
2693,5/2
2694,3
2695,7/4
2696,1
2697,1/4
2698,7/4
2699,7/4
2700,5/2
2701,9/2
2702,5/4
2703,3/4
2704,2
2705,9/4
2706,5/4
2707,9/4
2708,1/2
2709,3/2
2710,5/2
2711,2
2712,7/4
2713,7/4
2714,3
2715,2
2716,5/2
2717,1
2718,1
2719,2
2720,1
2721,5/2
2722,9/4
2723,2
2724,9/4
2725,5/4
2726,3/2
2727,9/4
2728,7/4
2729,15/4
2730,3
2731,3/2
2732,5/2
2733,3/2
2734,13/4
2735,3/4
2736,3/4
2737,2
2738,13/4
2739,9/4
2740,1/2
2741,9/4
2742,3
2743,1
2744,7/4
2745,5/4
2746,3/4
2747,11/4
2748,1/2
2749,7/4
2750,3/4
2751,3
2752,5/2
2753,11/4
2754,3/4
2755,2
2756,1
2757,9/4
2758,9/4
2759,1
2760,11/4
2761,3
2762,3/4
2763,3/2
2764,9/4
2765,7/4
2766,1/4
2767,5/2
2768,3/4
2769,7/4
2770,3/2
2771,5/4
2772,5/4
2773,5/2
2774,3/2
2775,3
2776,9/4
2777,7/4
2778,5/2
2779,3/2
2780,3/4
2781,9/4
2782,7/4
2783,7/4
2784,3
2785,3/4
2786,3/4
2787,3
2788,3
2789,5/4
2790,2
2791,9/4
2792,3/2
2793,2
2794,5/4
2795,2
2796,5/4
2797,1
2798,13/4
2799,3
2800,7/4
2801,3
2802,7/4
2803,5/2
2804,3/2
2805,7/4
2806,7/4
2807,3/4
2808,5/2
2809,7/4
2810,5/2
2811,5/4
2812,3/4
2813,3
2814,0
2815,1/4
2816,7/2
2817,2
2818,9/4
2819,9/4
2820,7/4
2821,1/4
2822,13/4
2823,2
2824,1/2
2825,11/4
2826,1/4
2827,17/4
2828,3/4
2829,7/4
2830,7/4
2831,1
2832,2
2833,0
2834,3
2835,11/4
2836,7/2
2837,1
2838,7/4
2839,9/4
2840,1
2841,13/4
2842,5/4
2843,1
2844,5/4
2845,3
2846,3
2847,9/4
2848,3/2
2849,2
2850,5/2
2851,5/4
2852,5/4
2853,1/2
2854,9/4
2855,13/4
2856,3/2
2857,5/4
2858,5/2
2859,1
2860,3/2
2861,2
2862,5/2
2863,9/4
2864,1
2865,9/4
2866,9/4
2867,3/2
2868,7/2
2869,7/4
2870,11/4
2871,2
2872,3/2
2873,9/4
2874,7/4
2875,11/4
2876,2
2877,9/4
2878,7/2
2879,7/4
2880,9/4
2881,9/4
2882,9/4
2883,1/2
2884,11/4
2885,15/4
2886,5/4
2887,13/4
2888,5/2
2889,1/2
2890,2
2891,7/4
2892,9/4
2893,7/4
2894,2
2895,1
2896,-1/4
2897,7/2
2898,1
2899,5/2
2900,2
2901,7/2
2902,3/2
2903,5/4
2904,7/2
2905,1
2906,1
2907,9/4
2908,7/4
2909,1/2
2910,2
2911,15/4
2912,9/4
2913,0
2914,1
2915,13/4
2916,11/4
2917,5/4
2918,9/4
2919,5/4
2920,3/2
2921,2
2922,5/2
2923,11/4
2924,13/4
2925,5/2
2926,1/2
2927,7/4
2928,3/4
2929,7/4
2930,3
2931,11/4
2932,9/4
2933,3
2934,3/2
2935,4
2936,7/4
2937,9/4
2938,3/4
2939,5/2
2940,3
2941,11/4
2942,1
2943,11/4
2944,4
2945,11/4
2946,5/2
2947,3/2
2948,5/4
2949,13/4
2950,13/4
2951,11/4
2952,2
2953,7/4
2954,7/4
2955,2
2956,9/4
2957,1
2958,11/4
2959,5/4
2960,9/4
2961,5/4
2962,3/2
2963,3/4
2964,9/4
2965,3
2966,17/4
2967,5/4
2968,2
2969,9/4
2970,9/4
2971,5/4
2972,9/4
2973,7/2
2974,3/2
2975,9/4
2976,11/4
2977,9/4
2978,5/4
2979,13/4
2980,9/4
2981,9/4
2982,2
2983,7/4
2984,9/4
2985,11/4
2986,2
2987,9/4
2988,1/2
2989,11/4
2990,11/4
2991,3/2
2992,5/2
2993,3
2994,2
2995,11/4
2996,2
2997,9/4
2998,5/4
2999,9/4
3000,3
3001,5/4
3002,7/4
3003,2
3004,3/4
3005,3/2
3006,3/2
3007,7/4
3008,3/4
3009,3/2
3010,9/4
3011,3/2
3012,1
3013,1
3014,9/4
3015,2
3016,3/4
3017,3
3018,7/4
3019,3/4
3020,3/2
3021,5/2
3022,3/2
3023,1/2
3024,3/2
3025,2
3026,5/2
3027,1
3028,7/2
3029,5/4
3030,2
3031,3
3032,3
3033,7/4
3034,3
3035,9/4
3036,3/2
3037,9/4
3038,2
3039,2
3040,3/2
3041,13/4
3042,1
3043,7/4
3044,2
3045,7/2
3046,11/4
3047,5/4
3048,2
3049,7/4
3050,2
3051,5/2
3052,5/2
3053,9/4
3054,1
3055,3/4
3056,7/4
3057,3
3058,3/4
3059,5/2
3060,5/2
3061,3
3062,3/2
3063,3/2
3064,3/4
3065,2
3066,5/4
3067,3/2
3068,1/4
3069,3/2
3070,7/4
3071,3/4
3072,7/4
3073,3/4
3074,5/4
3075,2
3076,5/4
3077,7/4
3078,7/4
3079,3/2
3080,1/4
3081,2
3082,5/2
3083,2
3084,2
3085,5/2
3086,9/4
3087,9/4
3088,3/2
3089,3
3090,5/4
3091,1
3092,5/2
3093,3
3094,7/4
3095,1/4
3096,7/4
3097,1
3098,5/4
3099,7/4
3100,5/2
3101,2
3102,7/4
3103,9/4
3104,2
3105,7/4
3106,9/4
3107,9/2
3108,2
3109,1
3110,9/4
3111,1
3112,3/2
3113,5/2
3114,3/2
3115,1
3116,1
3117,3/4
3118,3/4
3119,2
3120,3/2
3121,7/4
3122,1
3123,3
3124,2
3125,1
3126,7/4
3127,3/4
3128,3/2
3129,3
3130,5/2
3131,13/4
3132,3/2
3133,2
3134,7/4
3135,11/4
3136,2
3137,7/2
3138,1
3139,2
3140,0
3141,9/4
3142,11/4
3143,15/4
3144,5/4
3145,2
3146,7/4
3147,3/2
3148,7/4
3149,5/4
3150,2
3151,11/4
3152,7/2
3153,9/4
3154,7/4
3155,5/2
3156,1
3157,7/4
3158,5/4
3159,1
3160,15/4
3161,3/2
3162,7/4
3163,7/4
3164,1/2
3165,17/4
3166,11/4
3167,1
3168,5/2
3169,1
3170,9/4
3171,3/2
3172,7/2
3173,11/4
3174,1
3175,4
3176,7/4
3177,2
3178,9/4
3179,7/4
3180,2
3181,5/4
3182,3
3183,7/2
3184,9/4
3185,7/4
3186,5/4
3187,5/4
3188,5/4
3189,7/2
3190,13/4
3191,7/4
3192,9/4
3193,13/4
3194,0
3195,3/2
3196,3/2
3197,2
3198,5/2
3199,5/2
3200,7/4
3201,2
3202,11/4
3203,11/4
3204,2
3205,5/2
3206,7/4
3207,3
3208,9/4
3209,5/4
3210,7/4
3211,5/2
3212,3/2
3213,9/4
3214,5/2
3215,13/4
3216,5/4
3217,1
3218,7/4
3219,5/4
3220,3/2
3221,1/2
3222,3/4
3223,7/2
3224,7/4
3225,9/4
3226,1
3227,1
3228,5/4
3229,7/4
3230,3
3231,5/4
3232,7/4
3233,3
3234,2
3235,2
3236,9/4
3237,7/4
3238,17/4
3239,1/2
3240,9/4
3241,7/4
3242,9/4
3243,3/4
3244,9/4
3245,1/2
3246,7/4
3247,3
3248,1
3249,1/4
3250,5/4
3251,7/2
3252,9/4
3253,2
3254,11/4
3255,9/4
3256,3/2
3257,5/2
3258,5/2
3259,2
3260,0
3261,2
3262,2
3263,7/4
3264,5/2
3265,7/4
3266,11/4
3267,5/4
3268,2
3269,5/4
3270,11/4
3271,5/2
3272,3/2
3273,3/2
3274,7/2
3275,5/2
3276,3/2
3277,15/4
3278,13/4
3279,13/4
3280,5/2
3281,7/2
3282,3/2
3283,9/4
3284,7/2
3285,1
3286,7/4
3287,11/4
3288,7/4
3289,2
3290,7/4
3291,5/4
3292,3
3293,5/4
3294,13/4
3295,5/2
3296,1/2
3297,3/2
3298,17/4
3299,9/4
3300,5/4
3301,2
3302,2
3303,3
3304,7/2
3305,7/4
3306,2
3307,1/2
3308,17/4
3309,3/2
3310,11/4
3311,1
3312,2
3313,5/4
3314,1/2
3315,9/4
3316,2
3317,3/2
3318,3
3319,5/2
3320,9/4
3321,2
3322,5/2
3323,2
3324,5/2
3325,7/4
3326,5/2
3327,11/4
3328,3/2
3329,9/4
3330,7/4
3331,3/2
3332,2
3333,2
3334,3/4
3335,3/4
3336,7/2
3337,11/4
3338,3
3339,7/4
3340,7/4
3341,1
3342,9/4
3343,3/2
3344,2
3345,5/4
3346,5/2
3347,5/2
3348,3/2
3349,11/4
3350,5/2
3351,1/4
3352,11/4
3353,5/2
3354,7/4
3355,2
3356,3/2
3357,9/4
3358,7/4
3359,5/4
3360,5/4
3361,7/4
3362,9/4
3363,1/4
3364,3/2
3365,1/2
3366,5/4
3367,7/4
3368,9/4
3369,3/2
3370,5/4
3371,5/2
3372,7/2
3373,5/4
3374,5/2
3375,5/2
3376,3/2
3377,3
3378,17/4
3379,9/4
3380,7/2
3381,9/4
3382,11/4
3383,2
3384,15/4
3385,3/2
3386,3/2
3387,7/4
3388,9/4
3389,3/2
3390,2
3391,5/4
3392,11/4
3393,9/4
3394,2
3395,3/2
3396,1
3397,3
3398,1/2
3399,3/2
3400,5/2
3401,3/2
3402,9/4
3403,2
3404,5/4
3405,7/4
3406,5/4
3407,11/4
3408,1
3409,9/4
3410,1
3411,3/2
3412,11/4
3413,7/4
3414,5/2
3415,3/2
3416,9/4
3417,2
3418,5/2
3419,5/4
3420,9/4
3421,13/4
3422,15/4
3423,7/4
3424,7/4
3425,9/4
3426,9/4
3427,15/4
3428,7/4
3429,7/4
3430,2
3431,4
3432,1
3433,2
3434,3/2
3435,1/2
3436,3/2
3437,11/4
3438,9/4
3439,3
3440,7/4
3441,1
3442,1/2
3443,13/4
3444,5/4
3445,11/4
3446,3
3447,3/2
3448,3
3449,3
3450,2
3451,5/4
3452,5/4
3453,7/2
3454,7/4
3455,5/4
3456,5/2
3457,1
3458,3/4
3459,2
3460,2
3461,5/4
3462,2
3463,1/4
3464,11/4
3465,9/4
3466,2
3467,7/4
3468,1/2
3469,5/2
3470,3/2
3471,1/2
3472,3/2
3473,11/4
3474,7/4
3475,3
3476,1
3477,2
3478,7/2
3479,9/4
3480,9/4
3481,1
3482,2
3483,3
3484,9/4
3485,5/4
3486,3/4
3487,3
3488,2
3489,2
3490,13/4
3491,1
3492,1/2
3493,3
3494,11/4
3495,11/4
3496,5/4
3497,3/4
3498,7/4
3499,5/2
3500,5/2
3501,9/4
3502,5/2
3503,5/2
3504,1
3505,2
3506,3/2
3507,3/4
3508,9/4
3509,5/2
3510,1
3511,11/4
3512,9/4
3513,3/2
3514,13/4
3515,5/2
3516,9/4
3517,15/4
3518,3/4
3519,13/4
3520,5/4
3521,7/2
3522,7/2
3523,5/4
3524,7/4
3525,9/4
3526,7/4
3527,9/4
3528,9/4
3529,1
3530,7/4
3531,3
3532,9/4
3533,9/4
3534,3/2
3535,3
3536,5/2
3537,2
3538,1/2
3539,3/2
3540,3
3541,7/2
3542,7/4
3543,2
3544,9/4
3545,5/2
3546,9/4
3547,3/2
3548,3
3549,13/4
3550,7/4
3551,13/4
3552,2
3553,2
3554,3/2
3555,11/4
3556,5/4
3557,0
3558,4
3559,5/2
3560,7/4
3561,7/4
3562,5/2
3563,11/4
3564,7/4
3565,1/2
3566,7/2
3567,11/4
3568,11/4
3569,7/4
3570,5/2
3571,5/4
3572,3
3573,3
3574,3/2
3575,7/4
3576,1/2
3577,1/4
3578,2
3579,5/4
3580,2
3581,5/2
3582,5/2
3583,7/4
3584,3/2
3585,2
3586,3/2
3587,2
3588,2
3589,11/4
3590,5/4
3591,13/4
3592,3/2
3593,3/4
3594,3/2
3595,1/2
3596,3/4
3597,9/4
3598,3/4
3599,5/2
3600,1/2
3601,1/4
3602,9/4
3603,3
3604,2
3605,1/4
3606,3
3607,2
3608,3/2
3609,7/4
3610,2
3611,3/2
3612,1
3613,1
3614,5/2
3615,3/2
3616,5/2
3617,5/4
3618,15/4
3619,1/4
3620,3/2
3621,1/2
3622,17/4
3623,5/4
3624,3/2
3625,3/2
3626,7/2
3627,5/2
3628,5/2
3629,2
3630,7/4
3631,2
3632,1/2
3633,2
3634,7/4
3635,2
3636,2
3637,3
3638,9/4
3639,7/4
3640,5/4
3641,13/4
3642,7/4
3643,1
3644,11/4
3645,5/4
3646,5/2
3647,5/4
3648,1/2
3649,9/4
3650,5/4
3651,13/4
3652,1
3653,3/2
3654,11/4
3655,4
3656,5/4
3657,3/4
3658,7/2
3659,13/4
3660,1/2
3661,3
3662,3
3663,1
3664,5/2
3665,11/4
3666,11/4
3667,11/4
3668,7/4
3669,5/2
3670,9/4
3671,3/4
3672,3
3673,9/4
3674,5/2
3675,5/2
3676,2
3677,5/2
3678,0
3679,1
3680,5/2
3681,7/4
3682,2
3683,5/2
3684,0
3685,3/2
3686,9/4
3687,3/2
3688,2
3689,5/4
3690,7/4
3691,3
3692,3
3693,-1/2
3694,1
3695,9/4
3696,2
3697,9/4
3698,2
3699,3/2
3700,11/4
3701,15/4
3702,9/4
3703,2
3704,3
3705,1/2
3706,3
3707,3/2
3708,7/4
3709,7/4
3710,2
3711,13/4
3712,-1/4
3713,4
3714,1
3715,2
3716,2
3717,7/4
3718,3/2
3719,7/4
3720,15/4
3721,2
3722,5/4
3723,11/4
3724,5/4
3725,9/4
3726,11/4
3727,5/4
3728,13/4
3729,9/4
3730,7/4
3731,7/2
3732,7/4
3733,7/4
3734,9/4
3735,5/4
3736,1/4
3737,13/4
3738,2
3739,11/4
3740,5/2
3741,9/4
3742,5/2
3743,5/4
3744,5/4
3745,2
3746,2
3747,9/4
3748,3/2
3749,11/4
3750,1
3751,9/4
3752,5/2
3753,5/4
3754,9/4
3755,11/4
3756,3/2
3757,1
3758,7/4
3759,3/4
3760,5/2
3761,7/4
3762,2
3763,3
3764,3
3765,9/4
3766,3/4
3767,7/4
3768,5/4
3769,3/4
3770,3/2
3771,3/4
3772,9/2
3773,3/2
3774,3
3775,1
3776,9/4
3777,5/4
3778,3
3779,3
3780,7/2
3781,2
3782,11/4
3783,7/4
3784,9/4
3785,5/2
3786,1/2
3787,2
3788,2
3789,1
3790,9/4
3791,3
3792,5/2
3793,9/4
3794,1
3795,13/4
3796,3
3797,2
3798,1
3799,7/4
3800,7/2
3801,3/2
3802,5/4
3803,5/4
3804,2
3805,7/4
3806,5/2
3807,2
3808,2
3809,0
3810,0
3811,2
3812,9/4
3813,1
3814,11/4
3815,9/4
3816,3/2
3817,3/4
3818,9/4
3819,3/2
3820,3
3821,7/4
3822,11/4
3823,11/4
3824,1
3825,7/4
3826,9/4
3827,3/4
3828,7/4
3829,0
3830,9/4
3831,9/4
3832,-1/2
3833,1/4
3834,2
3835,9/4
3836,7/4
3837,3/2
3838,13/4
3839,1
3840,2
3841,9/4
3842,9/4
3843,9/4
3844,3/2
3845,2
3846,2
3847,3/4
3848,5/4
3849,7/4
3850,2
3851,5/2
3852,11/4
3853,0
3854,3
3855,2
3856,3/2
3857,2
3858,5/2
3859,9/4
3860,9/4
3861,7/4
3862,1/4
3863,9/4
3864,9/4
3865,9/4
3866,9/4
3867,5/4
3868,7/4
3869,15/4
3870,3/2
3871,2
3872,-1/4
3873,9/4
3874,11/4
3875,3
3876,5/2
3877,5/4
3878,1/4
3879,13/4
3880,9/4
3881,1/2
3882,5/2
3883,5/4
3884,7/2
3885,3/2
3886,1/4
3887,5/2
3888,5/2
3889,7/2
3890,3
3891,13/4
3892,5/4
3893,1
3894,5/4
3895,2
3896,3
3897,5/2
3898,5/4
3899,7/2
3900,1
3901,5/2
3902,2
3903,11/4
3904,15/4
3905,2
3906,5/2
3907,0
3908,15/4
3909,13/4
3910,2
3911,7/4
3912,3
3913,5/4
3914,2
3915,7/4
3916,5/4
3917,1
3918,5/4
3919,3/2
3920,2
3921,5/4
3922,5/2
3923,0
3924,11/4
3925,2
3926,2
3927,1
3928,1
3929,7/4
3930,2
3931,1/4
3932,9/4
3933,3
3934,3
3935,3/2
3936,1/4
3937,9/4
3938,11/4
3939,11/4
3940,3/2
3941,1
3942,11/4
3943,7/4
3944,3/2
3945,9/4
3946,2
3947,3/2
3948,2
3949,7/2
3950,9/4
3951,3/4
3952,15/4
3953,7/4
3954,3/2
3955,11/4
3956,9/4
3957,3/2
3958,3/4
3959,3
3960,7/4
3961,2
3962,2
3963,3/2
3964,7/4
3965,5
3966,9/4
3967,3/2
3968,9/4
3969,5/2
3970,7/4
3971,3/2
3972,4
3973,11/4
3974,3/2
3975,5/2
3976,5/4
3977,3/4
3978,1/4
3979,15/4
3980,3/2
3981,0
3982,13/4
3983,3/4
3984,5/2
3985,15/4
3986,11/4
3987,9/4
3988,7/2
3989,2
3990,1
3991,5/4
3992,13/4
3993,1/4
3994,2
3995,9/4
3996,3/2
3997,3
3998,13/4
3999,5/4
