candidates,trial,winner,selected_validation_noise,independent_test_noise
1,0,0,1,1
1,1,0,1,-1
1,2,0,-1,-1
1,3,0,-1,-1
1,4,0,1,1
1,5,0,1,1
1,6,0,1,-1
1,7,0,-1,-1
1,8,0,1,1
1,9,0,1,1
1,10,0,1,1
1,11,0,1,-1
1,12,0,-1,-1
1,13,0,-1,1
1,14,0,1,1
1,15,0,-1,-1
1,16,0,-1,1
1,17,0,-1,1
1,18,0,1,1
1,19,0,-1,1
1,20,0,-1,-1
1,21,0,-1,1
1,22,0,-1,-1
1,23,0,1,-1
1,24,0,-1,1
1,25,0,-1,-1
1,26,0,-1,1
1,27,0,1,1
1,28,0,1,1
1,29,0,-1,-1
1,30,0,-1,1
1,31,0,1,-1
1,32,0,1,-1
1,33,0,1,-1
1,34,0,-1,1
1,35,0,-1,-1
1,36,0,1,1
1,37,0,1,1
1,38,0,-1,-1
1,39,0,1,-1
1,40,0,1,1
1,41,0,1,-1
1,42,0,-1,1
1,43,0,1,-1
1,44,0,1,1
1,45,0,-1,-1
1,46,0,1,-1
1,47,0,1,1
1,48,0,1,1
1,49,0,1,1
1,50,0,-1,-1
1,51,0,1,-1
1,52,0,-1,1
1,53,0,-1,1
1,54,0,1,1
1,55,0,-1,1
1,56,0,1,1
1,57,0,1,-1
1,58,0,-1,-1
1,59,0,1,-1
1,60,0,1,1
1,61,0,-1,1
1,62,0,-1,-1
1,63,0,1,1
1,64,0,1,1
1,65,0,1,-1
1,66,0,1,-1
1,67,0,1,1
1,68,0,1,1
1,69,0,-1,1
1,70,0,1,1
1,71,0,-1,-1
1,72,0,-1,-1
1,73,0,1,-1
1,74,0,-1,1
1,75,0,1,1
1,76,0,1,-1
1,77,0,1,1
1,78,0,1,-1
1,79,0,-1,1
1,80,0,-1,-1
1,81,0,1,1
1,82,0,-1,1
1,83,0,-1,1
1,84,0,-1,-1
1,85,0,1,1
1,86,0,-1,1
1,87,0,-1,-1
1,88,0,1,-1
1,89,0,-1,-1
1,90,0,-1,1
1,91,0,-1,1
1,92,0,-1,-1
1,93,0,1,1
1,94,0,1,-1
1,95,0,1,-1
1,96,0,-1,-1
1,97,0,-1,1
1,98,0,-1,-1
1,99,0,1,1
1,100,0,1,1
1,101,0,-1,-1
1,102,0,-1,-1
1,103,0,-1,1
1,104,0,1,1
1,105,0,-1,1
1,106,0,-1,1
1,107,0,1,1
1,108,0,1,-1
1,109,0,1,1
1,110,0,1,-1
1,111,0,-1,-1
1,112,0,-1,-1
1,113,0,-1,1
1,114,0,1,1
1,115,0,1,1
1,116,0,1,1
1,117,0,1,1
1,118,0,-1,1
1,119,0,-1,1
1,120,0,-1,1
1,121,0,1,1
1,122,0,-1,-1
1,123,0,1,-1
1,124,0,1,1
1,125,0,-1,-1
1,126,0,-1,-1
1,127,0,-1,-1
1,128,0,1,-1
1,129,0,-1,1
1,130,0,1,1
1,131,0,-1,-1
1,132,0,-1,1
1,133,0,1,-1
1,134,0,-1,-1
1,135,0,-1,-1
1,136,0,1,1
1,137,0,-1,1
1,138,0,-1,1
1,139,0,-1,-1
1,140,0,-1,-1
1,141,0,1,-1
1,142,0,-1,1
1,143,0,-1,1
1,144,0,-1,1
1,145,0,1,-1
1,146,0,1,1
1,147,0,-1,-1
1,148,0,-1,1
1,149,0,1,1
1,150,0,-1,1
1,151,0,1,1
1,152,0,-1,1
1,153,0,-1,-1
1,154,0,-1,-1
1,155,0,1,1
1,156,0,-1,-1
1,157,0,-1,-1
1,158,0,-1,1
1,159,0,-1,1
1,160,0,1,1
1,161,0,1,-1
1,162,0,-1,1
1,163,0,-1,-1
1,164,0,-1,1
1,165,0,-1,-1
1,166,0,-1,-1
1,167,0,-1,1
1,168,0,-1,-1
1,169,0,1,-1
1,170,0,1,1
1,171,0,-1,-1
1,172,0,1,1
1,173,0,-1,-1
1,174,0,-1,1
1,175,0,1,1
1,176,0,-1,1
1,177,0,-1,1
1,178,0,-1,1
1,179,0,-1,1
1,180,0,-1,1
1,181,0,1,1
1,182,0,1,1
1,183,0,-1,1
1,184,0,-1,1
1,185,0,1,-1
1,186,0,1,-1
1,187,0,-1,1
1,188,0,1,-1
1,189,0,1,1
1,190,0,1,1
1,191,0,-1,-1
1,192,0,1,1
1,193,0,1,-1
1,194,0,-1,1
1,195,0,-1,1
1,196,0,1,1
1,197,0,1,-1
1,198,0,-1,-1
1,199,0,-1,1
1,200,0,1,-1
1,201,0,-1,-1
1,202,0,1,1
1,203,0,-1,-1
1,204,0,-1,-1
1,205,0,1,-1
1,206,0,-1,1
1,207,0,-1,1
1,208,0,1,1
1,209,0,1,1
1,210,0,-1,1
1,211,0,-1,-1
1,212,0,-1,-1
1,213,0,-1,1
1,214,0,-1,-1
1,215,0,-1,-1
1,216,0,1,-1
1,217,0,1,1
1,218,0,-1,1
1,219,0,1,-1
1,220,0,1,-1
1,221,0,1,-1
1,222,0,-1,1
1,223,0,1,-1
1,224,0,1,1
1,225,0,-1,1
1,226,0,-1,1
1,227,0,-1,1
1,228,0,-1,1
1,229,0,1,-1
1,230,0,-1,-1
1,231,0,-1,-1
1,232,0,1,1
1,233,0,1,1
1,234,0,-1,-1
1,235,0,1,1
1,236,0,-1,1
1,237,0,-1,-1
1,238,0,-1,1
1,239,0,-1,-1
1,240,0,1,1
1,241,0,-1,1
1,242,0,1,-1
1,243,0,-1,-1
1,244,0,-1,-1
1,245,0,1,1
1,246,0,1,1
1,247,0,-1,1
1,248,0,-1,-1
1,249,0,-1,1
1,250,0,-1,-1
1,251,0,-1,-1
1,252,0,-1,-1
1,253,0,-1,1
1,254,0,-1,1
1,255,0,-1,-1
1,256,0,-1,-1
1,257,0,-1,-1
1,258,0,-1,-1
1,259,0,-1,-1
1,260,0,-1,1
1,261,0,-1,-1
1,262,0,1,1
1,263,0,-1,1
1,264,0,-1,-1
1,265,0,-1,1
1,266,0,-1,1
1,267,0,-1,1
1,268,0,1,-1
1,269,0,-1,1
1,270,0,1,1
1,271,0,-1,1
1,272,0,1,1
1,273,0,1,1
1,274,0,1,-1
1,275,0,-1,-1
1,276,0,1,1
1,277,0,-1,-1
1,278,0,-1,-1
1,279,0,-1,-1
1,280,0,1,-1
1,281,0,1,1
1,282,0,-1,-1
1,283,0,-1,-1
1,284,0,-1,1
1,285,0,-1,-1
1,286,0,1,-1
1,287,0,-1,1
1,288,0,-1,-1
1,289,0,1,1
1,290,0,1,-1
1,291,0,-1,1
1,292,0,1,1
1,293,0,1,1
1,294,0,-1,-1
1,295,0,1,1
1,296,0,-1,-1
1,297,0,-1,1
1,298,0,-1,-1
1,299,0,-1,-1
1,300,0,1,1
1,301,0,-1,1
1,302,0,1,1
1,303,0,1,1
1,304,0,1,1
1,305,0,1,1
1,306,0,-1,1
1,307,0,-1,1
1,308,0,-1,-1
1,309,0,-1,-1
1,310,0,-1,-1
1,311,0,-1,1
1,312,0,1,-1
1,313,0,1,1
1,314,0,1,1
1,315,0,-1,-1
1,316,0,-1,1
1,317,0,-1,-1
1,318,0,1,1
1,319,0,1,-1
1,320,0,-1,-1
1,321,0,-1,-1
1,322,0,1,-1
1,323,0,-1,-1
1,324,0,1,-1
1,325,0,-1,1
1,326,0,1,-1
1,327,0,1,-1
1,328,0,-1,1
1,329,0,1,1
1,330,0,-1,-1
1,331,0,1,-1
1,332,0,-1,-1
1,333,0,1,-1
1,334,0,-1,1
1,335,0,-1,1
1,336,0,-1,-1
1,337,0,-1,1
1,338,0,1,-1
1,339,0,-1,1
1,340,0,-1,-1
1,341,0,1,-1
1,342,0,-1,1
1,343,0,-1,1
1,344,0,-1,1
1,345,0,-1,-1
1,346,0,-1,1
1,347,0,1,-1
1,348,0,-1,-1
1,349,0,-1,1
1,350,0,1,-1
1,351,0,-1,-1
1,352,0,1,-1
1,353,0,1,1
1,354,0,-1,-1
1,355,0,-1,1
1,356,0,-1,1
1,357,0,1,1
1,358,0,1,-1
1,359,0,-1,1
1,360,0,1,-1
1,361,0,1,-1
1,362,0,-1,1
1,363,0,1,1
1,364,0,-1,1
1,365,0,1,1
1,366,0,1,-1
1,367,0,-1,-1
1,368,0,1,-1
1,369,0,-1,-1
1,370,0,-1,1
1,371,0,1,-1
1,372,0,-1,-1
1,373,0,-1,-1
1,374,0,-1,-1
1,375,0,1,-1
1,376,0,1,-1
1,377,0,1,-1
1,378,0,1,-1
1,379,0,-1,-1
1,380,0,-1,-1
1,381,0,1,1
1,382,0,1,1
1,383,0,-1,-1
1,384,0,1,-1
1,385,0,-1,-1
1,386,0,1,-1
1,387,0,-1,-1
1,388,0,1,-1
1,389,0,-1,-1
1,390,0,1,-1
1,391,0,-1,-1
1,392,0,-1,1
1,393,0,-1,1
1,394,0,1,-1
1,395,0,1,-1
1,396,0,-1,1
1,397,0,1,-1
1,398,0,-1,-1
1,399,0,1,1
1,400,0,-1,-1
1,401,0,-1,-1
1,402,0,1,-1
1,403,0,-1,1
1,404,0,-1,1
1,405,0,1,1
1,406,0,-1,1
1,407,0,1,-1
1,408,0,-1,-1
1,409,0,-1,-1
1,410,0,1,1
1,411,0,1,-1
1,412,0,1,-1
1,413,0,1,1
1,414,0,1,1
1,415,0,1,-1
1,416,0,-1,1
1,417,0,-1,-1
1,418,0,-1,-1
1,419,0,1,-1
1,420,0,-1,-1
1,421,0,1,1
1,422,0,1,-1
1,423,0,1,-1
1,424,0,1,1
1,425,0,-1,-1
1,426,0,-1,-1
1,427,0,1,-1
1,428,0,1,-1
1,429,0,1,-1
1,430,0,1,1
1,431,0,-1,1
1,432,0,-1,1
1,433,0,-1,-1
1,434,0,1,-1
1,435,0,-1,-1
1,436,0,1,-1
1,437,0,-1,1
1,438,0,-1,-1
1,439,0,1,1
1,440,0,-1,1
1,441,0,1,-1
1,442,0,-1,-1
1,443,0,-1,-1
1,444,0,-1,1
1,445,0,1,-1
1,446,0,-1,1
1,447,0,-1,-1
1,448,0,1,-1
1,449,0,-1,-1
1,450,0,-1,-1
1,451,0,1,1
1,452,0,1,-1
1,453,0,1,1
1,454,0,1,-1
1,455,0,-1,-1
1,456,0,-1,1
1,457,0,1,-1
1,458,0,-1,-1
1,459,0,1,-1
1,460,0,-1,1
1,461,0,1,-1
1,462,0,1,1
1,463,0,-1,1
1,464,0,1,1
1,465,0,-1,1
1,466,0,-1,1
1,467,0,-1,-1
1,468,0,1,1
1,469,0,-1,-1
1,470,0,1,-1
1,471,0,1,1
1,472,0,-1,-1
1,473,0,1,-1
1,474,0,-1,1
1,475,0,1,1
1,476,0,-1,1
1,477,0,1,1
1,478,0,1,-1
1,479,0,1,1
1,480,0,-1,1
1,481,0,1,-1
1,482,0,1,-1
1,483,0,-1,-1
1,484,0,1,1
1,485,0,-1,1
1,486,0,-1,-1
1,487,0,-1,1
1,488,0,1,1
1,489,0,-1,1
1,490,0,1,1
1,491,0,-1,1
1,492,0,1,-1
1,493,0,-1,1
1,494,0,-1,1
1,495,0,1,1
1,496,0,1,1
1,497,0,1,-1
1,498,0,1,-1
1,499,0,1,1
1,500,0,1,-1
1,501,0,1,-1
1,502,0,-1,1
1,503,0,-1,1
1,504,0,1,-1
1,505,0,1,1
1,506,0,1,1
1,507,0,-1,1
1,508,0,-1,1
1,509,0,-1,-1
1,510,0,1,1
1,511,0,1,-1
1,512,0,-1,-1
1,513,0,-1,-1
1,514,0,-1,1
1,515,0,-1,1
1,516,0,-1,1
1,517,0,-1,1
1,518,0,1,-1
1,519,0,1,-1
1,520,0,1,-1
1,521,0,-1,-1
1,522,0,1,1
1,523,0,-1,-1
1,524,0,1,1
1,525,0,1,1
1,526,0,-1,-1
1,527,0,-1,-1
1,528,0,-1,1
1,529,0,1,1
1,530,0,1,1
1,531,0,1,1
1,532,0,1,1
1,533,0,-1,1
1,534,0,1,-1
1,535,0,-1,-1
1,536,0,-1,1
1,537,0,-1,1
1,538,0,-1,1
1,539,0,-1,-1
1,540,0,1,1
1,541,0,1,-1
1,542,0,-1,-1
1,543,0,-1,1
1,544,0,-1,1
1,545,0,-1,-1
1,546,0,1,1
1,547,0,-1,-1
1,548,0,-1,1
1,549,0,1,-1
1,550,0,-1,1
1,551,0,-1,-1
1,552,0,-1,-1
1,553,0,-1,1
1,554,0,1,-1
1,555,0,1,-1
1,556,0,-1,1
1,557,0,1,1
1,558,0,-1,1
1,559,0,-1,-1
1,560,0,-1,-1
1,561,0,-1,-1
1,562,0,-1,1
1,563,0,1,1
1,564,0,1,1
1,565,0,1,-1
1,566,0,-1,-1
1,567,0,1,-1
1,568,0,-1,-1
1,569,0,-1,-1
1,570,0,-1,-1
1,571,0,1,-1
1,572,0,1,-1
1,573,0,-1,1
1,574,0,-1,1
1,575,0,1,1
1,576,0,-1,-1
1,577,0,-1,-1
1,578,0,1,-1
1,579,0,1,1
1,580,0,1,1
1,581,0,1,-1
1,582,0,1,-1
1,583,0,-1,-1
1,584,0,1,-1
1,585,0,-1,1
1,586,0,-1,1
1,587,0,-1,1
1,588,0,-1,-1
1,589,0,-1,1
1,590,0,-1,1
1,591,0,-1,1
1,592,0,-1,-1
1,593,0,1,1
1,594,0,1,1
1,595,0,-1,-1
1,596,0,1,1
1,597,0,1,1
1,598,0,1,-1
1,599,0,1,-1
1,600,0,-1,1
1,601,0,-1,-1
1,602,0,1,-1
1,603,0,-1,1
1,604,0,-1,1
1,605,0,1,-1
1,606,0,1,-1
1,607,0,1,1
1,608,0,-1,1
1,609,0,1,-1
1,610,0,-1,1
1,611,0,1,1
1,612,0,1,-1
1,613,0,1,-1
1,614,0,-1,1
1,615,0,-1,-1
1,616,0,-1,1
1,617,0,-1,-1
1,618,0,-1,1
1,619,0,-1,1
1,620,0,1,-1
1,621,0,1,-1
1,622,0,1,-1
1,623,0,-1,1
1,624,0,-1,-1
1,625,0,-1,-1
1,626,0,-1,1
1,627,0,-1,1
1,628,0,1,1
1,629,0,1,-1
1,630,0,1,1
1,631,0,-1,-1
1,632,0,1,1
1,633,0,1,-1
1,634,0,-1,-1
1,635,0,1,-1
1,636,0,-1,1
1,637,0,-1,-1
1,638,0,1,1
1,639,0,-1,1
1,640,0,-1,1
1,641,0,-1,-1
1,642,0,-1,1
1,643,0,1,1
1,644,0,-1,1
1,645,0,-1,-1
1,646,0,-1,-1
1,647,0,1,-1
1,648,0,1,1
1,649,0,-1,-1
1,650,0,-1,-1
1,651,0,-1,1
1,652,0,1,-1
1,653,0,-1,-1
1,654,0,-1,-1
1,655,0,1,1
1,656,0,-1,-1
1,657,0,-1,1
1,658,0,-1,-1
1,659,0,-1,1
1,660,0,-1,1
1,661,0,1,-1
1,662,0,1,-1
1,663,0,1,1
1,664,0,-1,1
1,665,0,-1,1
1,666,0,1,1
1,667,0,1,1
1,668,0,-1,1
1,669,0,-1,1
1,670,0,-1,-1
1,671,0,-1,-1
1,672,0,1,1
1,673,0,1,-1
1,674,0,-1,1
1,675,0,-1,-1
1,676,0,1,-1
1,677,0,-1,1
1,678,0,-1,-1
1,679,0,-1,1
1,680,0,1,-1
1,681,0,1,1
1,682,0,1,-1
1,683,0,1,-1
1,684,0,-1,1
1,685,0,-1,1
1,686,0,-1,-1
1,687,0,-1,1
1,688,0,1,-1
1,689,0,1,-1
1,690,0,1,1
1,691,0,-1,1
1,692,0,-1,1
1,693,0,-1,-1
1,694,0,-1,-1
1,695,0,1,-1
1,696,0,1,-1
1,697,0,-1,1
1,698,0,-1,1
1,699,0,1,1
1,700,0,-1,1
1,701,0,-1,1
1,702,0,1,1
1,703,0,-1,1
1,704,0,-1,1
1,705,0,1,-1
1,706,0,1,-1
1,707,0,-1,1
1,708,0,1,-1
1,709,0,1,-1
1,710,0,-1,-1
1,711,0,1,-1
1,712,0,-1,1
1,713,0,1,-1
1,714,0,-1,1
1,715,0,1,-1
1,716,0,1,1
1,717,0,-1,-1
1,718,0,1,-1
1,719,0,1,1
1,720,0,-1,1
1,721,0,-1,-1
1,722,0,1,1
1,723,0,-1,-1
1,724,0,1,-1
1,725,0,-1,-1
1,726,0,1,-1
1,727,0,1,-1
1,728,0,1,-1
1,729,0,-1,1
1,730,0,-1,-1
1,731,0,-1,1
1,732,0,-1,-1
1,733,0,-1,-1
1,734,0,-1,1
1,735,0,1,1
1,736,0,1,-1
1,737,0,-1,1
1,738,0,1,1
1,739,0,-1,-1
1,740,0,1,-1
1,741,0,1,-1
1,742,0,1,-1
1,743,0,1,1
1,744,0,-1,-1
1,745,0,-1,-1
1,746,0,-1,-1
1,747,0,-1,1
1,748,0,-1,1
1,749,0,1,1
1,750,0,-1,1
1,751,0,-1,1
1,752,0,-1,-1
1,753,0,-1,1
1,754,0,-1,1
1,755,0,1,1
1,756,0,-1,1
1,757,0,-1,1
1,758,0,1,-1
1,759,0,1,1
1,760,0,1,1
1,761,0,1,-1
1,762,0,1,1
1,763,0,-1,1
1,764,0,1,1
1,765,0,1,1
1,766,0,1,1
1,767,0,-1,-1
1,768,0,-1,1
1,769,0,-1,-1
1,770,0,-1,1
1,771,0,-1,1
1,772,0,-1,-1
1,773,0,-1,-1
1,774,0,-1,1
1,775,0,1,-1
1,776,0,1,1
1,777,0,-1,-1
1,778,0,-1,1
1,779,0,-1,1
1,780,0,1,-1
1,781,0,-1,1
1,782,0,-1,1
1,783,0,1,-1
1,784,0,1,-1
1,785,0,-1,1
1,786,0,-1,1
1,787,0,-1,1
1,788,0,-1,1
1,789,0,-1,-1
1,790,0,-1,-1
1,791,0,1,-1
1,792,0,1,-1
1,793,0,-1,-1
1,794,0,-1,1
1,795,0,1,1
1,796,0,1,1
1,797,0,-1,-1
1,798,0,1,1
1,799,0,1,-1
1,800,0,1,1
1,801,0,1,-1
1,802,0,-1,1
1,803,0,-1,-1
1,804,0,1,1
1,805,0,-1,1
1,806,0,1,1
1,807,0,-1,-1
1,808,0,-1,-1
1,809,0,1,-1
1,810,0,1,1
1,811,0,1,-1
1,812,0,-1,-1
1,813,0,1,-1
1,814,0,1,-1
1,815,0,1,-1
1,816,0,-1,1
1,817,0,-1,-1
1,818,0,1,-1
1,819,0,1,1
1,820,0,-1,1
1,821,0,1,1
1,822,0,-1,1
1,823,0,-1,-1
1,824,0,1,-1
1,825,0,-1,-1
1,826,0,1,1
1,827,0,1,1
1,828,0,-1,1
1,829,0,-1,1
1,830,0,-1,1
1,831,0,-1,-1
1,832,0,1,-1
1,833,0,-1,-1
1,834,0,1,1
1,835,0,1,1
1,836,0,-1,-1
1,837,0,-1,1
1,838,0,-1,1
1,839,0,1,-1
1,840,0,1,1
1,841,0,1,1
1,842,0,1,1
1,843,0,-1,-1
1,844,0,1,-1
1,845,0,-1,1
1,846,0,-1,-1
1,847,0,-1,-1
1,848,0,1,1
1,849,0,1,1
1,850,0,-1,-1
1,851,0,-1,1
1,852,0,1,-1
1,853,0,-1,1
1,854,0,1,-1
1,855,0,-1,1
1,856,0,-1,-1
1,857,0,-1,1
1,858,0,1,-1
1,859,0,1,-1
1,860,0,-1,-1
1,861,0,1,-1
1,862,0,1,-1
1,863,0,-1,1
1,864,0,-1,1
1,865,0,1,-1
1,866,0,-1,1
1,867,0,1,1
1,868,0,1,1
1,869,0,1,1
1,870,0,-1,-1
1,871,0,-1,-1
1,872,0,1,-1
1,873,0,-1,1
1,874,0,1,1
1,875,0,1,-1
1,876,0,1,1
1,877,0,1,1
1,878,0,1,1
1,879,0,-1,-1
1,880,0,1,-1
1,881,0,1,-1
1,882,0,-1,-1
1,883,0,1,-1
1,884,0,1,-1
1,885,0,1,-1
1,886,0,1,1
1,887,0,1,-1
1,888,0,-1,-1
1,889,0,1,-1
1,890,0,1,1
1,891,0,1,1
1,892,0,-1,1
1,893,0,-1,1
1,894,0,1,-1
1,895,0,1,-1
1,896,0,-1,-1
1,897,0,-1,-1
1,898,0,1,-1
1,899,0,1,-1
1,900,0,1,-1
1,901,0,-1,1
1,902,0,-1,1
1,903,0,1,1
1,904,0,1,-1
1,905,0,1,1
1,906,0,-1,1
1,907,0,-1,-1
1,908,0,1,1
1,909,0,1,-1
1,910,0,1,-1
1,911,0,-1,1
1,912,0,1,1
1,913,0,-1,-1
1,914,0,-1,1
1,915,0,1,-1
1,916,0,-1,-1
1,917,0,1,-1
1,918,0,1,1
1,919,0,-1,1
1,920,0,-1,-1
1,921,0,-1,-1
1,922,0,-1,-1
1,923,0,1,-1
1,924,0,1,1
1,925,0,1,1
1,926,0,-1,1
1,927,0,-1,-1
1,928,0,-1,-1
1,929,0,1,1
1,930,0,-1,-1
1,931,0,-1,-1
1,932,0,1,-1
1,933,0,1,-1
1,934,0,1,1
1,935,0,-1,-1
1,936,0,-1,1
1,937,0,-1,-1
1,938,0,1,-1
1,939,0,1,1
1,940,0,1,1
1,941,0,-1,1
1,942,0,-1,-1
1,943,0,1,1
1,944,0,1,-1
1,945,0,1,1
1,946,0,1,1
1,947,0,1,-1
1,948,0,-1,1
1,949,0,-1,-1
1,950,0,1,-1
1,951,0,-1,-1
1,952,0,-1,-1
1,953,0,1,-1
1,954,0,1,-1
1,955,0,1,-1
1,956,0,1,-1
1,957,0,1,-1
1,958,0,1,-1
1,959,0,1,-1
1,960,0,-1,1
1,961,0,1,-1
1,962,0,-1,-1
1,963,0,1,-1
1,964,0,-1,-1
1,965,0,1,-1
1,966,0,1,-1
1,967,0,1,1
1,968,0,1,-1
1,969,0,1,-1
1,970,0,1,-1
1,971,0,1,-1
1,972,0,-1,1
1,973,0,-1,1
1,974,0,1,-1
1,975,0,1,-1
1,976,0,1,1
1,977,0,-1,-1
1,978,0,-1,1
1,979,0,-1,-1
1,980,0,-1,1
1,981,0,1,1
1,982,0,-1,1
1,983,0,-1,-1
1,984,0,-1,-1
1,985,0,-1,1
1,986,0,-1,1
1,987,0,-1,1
1,988,0,1,-1
1,989,0,1,-1
1,990,0,1,-1
1,991,0,-1,1
1,992,0,1,1
1,993,0,-1,1
1,994,0,1,1
1,995,0,1,-1
1,996,0,1,-1
1,997,0,-1,-1
1,998,0,-1,-1
1,999,0,1,-1
1,1000,0,-1,1
1,1001,0,-1,-1
1,1002,0,-1,-1
1,1003,0,-1,-1
1,1004,0,-1,-1
1,1005,0,-1,-1
1,1006,0,1,-1
1,1007,0,-1,-1
1,1008,0,1,1
1,1009,0,1,1
1,1010,0,-1,-1
1,1011,0,1,-1
1,1012,0,1,1
1,1013,0,-1,-1
1,1014,0,1,1
1,1015,0,-1,1
1,1016,0,1,-1
1,1017,0,1,-1
1,1018,0,-1,-1
1,1019,0,1,-1
1,1020,0,1,1
1,1021,0,1,1
1,1022,0,-1,1
1,1023,0,1,-1
1,1024,0,-1,1
1,1025,0,-1,1
1,1026,0,1,-1
1,1027,0,1,-1
1,1028,0,1,-1
1,1029,0,1,1
1,1030,0,1,1
1,1031,0,1,-1
1,1032,0,-1,-1
1,1033,0,-1,1
1,1034,0,1,1
1,1035,0,-1,1
1,1036,0,-1,-1
1,1037,0,1,-1
1,1038,0,-1,1
1,1039,0,-1,-1
1,1040,0,1,1
1,1041,0,-1,1
1,1042,0,1,1
1,1043,0,-1,1
1,1044,0,1,1
1,1045,0,1,1
1,1046,0,-1,-1
1,1047,0,-1,1
1,1048,0,1,-1
1,1049,0,1,1
1,1050,0,-1,1
1,1051,0,1,1
1,1052,0,-1,-1
1,1053,0,-1,-1
1,1054,0,1,-1
1,1055,0,-1,1
1,1056,0,1,-1
1,1057,0,-1,-1
1,1058,0,1,-1
1,1059,0,-1,1
1,1060,0,-1,1
1,1061,0,1,1
1,1062,0,-1,1
1,1063,0,-1,1
1,1064,0,-1,1
1,1065,0,1,1
1,1066,0,1,-1
1,1067,0,1,1
1,1068,0,1,-1
1,1069,0,1,-1
1,1070,0,-1,-1
1,1071,0,1,-1
1,1072,0,-1,-1
1,1073,0,-1,-1
1,1074,0,1,-1
1,1075,0,1,1
1,1076,0,1,1
1,1077,0,1,-1
1,1078,0,-1,1
1,1079,0,-1,1
1,1080,0,-1,1
1,1081,0,1,1
1,1082,0,-1,1
1,1083,0,1,-1
1,1084,0,-1,1
1,1085,0,1,-1
1,1086,0,-1,1
1,1087,0,1,1
1,1088,0,1,-1
1,1089,0,-1,1
1,1090,0,1,1
1,1091,0,1,1
1,1092,0,1,1
1,1093,0,-1,-1
1,1094,0,1,-1
1,1095,0,1,1
1,1096,0,1,-1
1,1097,0,-1,1
1,1098,0,1,1
1,1099,0,-1,-1
1,1100,0,-1,-1
1,1101,0,1,1
1,1102,0,1,-1
1,1103,0,1,-1
1,1104,0,-1,1
1,1105,0,-1,-1
1,1106,0,1,-1
1,1107,0,1,-1
1,1108,0,1,1
1,1109,0,-1,1
1,1110,0,-1,1
1,1111,0,1,1
1,1112,0,1,-1
1,1113,0,1,1
1,1114,0,-1,-1
1,1115,0,1,-1
1,1116,0,-1,-1
1,1117,0,-1,-1
1,1118,0,1,1
1,1119,0,-1,-1
1,1120,0,-1,1
1,1121,0,1,-1
1,1122,0,1,-1
1,1123,0,1,1
1,1124,0,1,-1
1,1125,0,-1,-1
1,1126,0,1,-1
1,1127,0,-1,1
1,1128,0,-1,1
1,1129,0,-1,1
1,1130,0,-1,1
1,1131,0,1,1
1,1132,0,-1,-1
1,1133,0,1,-1
1,1134,0,1,1
1,1135,0,-1,1
1,1136,0,1,1
1,1137,0,1,1
1,1138,0,1,1
1,1139,0,1,-1
1,1140,0,-1,1
1,1141,0,1,1
1,1142,0,1,-1
1,1143,0,1,1
1,1144,0,1,-1
1,1145,0,1,-1
1,1146,0,-1,1
1,1147,0,-1,-1
1,1148,0,1,-1
1,1149,0,1,-1
1,1150,0,1,1
1,1151,0,-1,1
1,1152,0,1,-1
1,1153,0,-1,1
1,1154,0,-1,1
1,1155,0,1,-1
1,1156,0,-1,1
1,1157,0,1,1
1,1158,0,1,1
1,1159,0,-1,1
1,1160,0,-1,1
1,1161,0,-1,1
1,1162,0,1,-1
1,1163,0,1,1
1,1164,0,1,1
1,1165,0,-1,-1
1,1166,0,1,-1
1,1167,0,1,1
1,1168,0,1,1
1,1169,0,-1,1
1,1170,0,-1,-1
1,1171,0,-1,1
1,1172,0,-1,1
1,1173,0,-1,-1
1,1174,0,1,-1
1,1175,0,1,-1
1,1176,0,-1,-1
1,1177,0,1,-1
1,1178,0,-1,1
1,1179,0,1,-1
1,1180,0,-1,-1
1,1181,0,1,1
1,1182,0,1,-1
1,1183,0,-1,-1
1,1184,0,1,-1
1,1185,0,1,1
1,1186,0,-1,1
1,1187,0,-1,-1
1,1188,0,1,1
1,1189,0,-1,-1
1,1190,0,1,-1
1,1191,0,-1,1
1,1192,0,1,-1
1,1193,0,1,-1
1,1194,0,-1,-1
1,1195,0,-1,1
1,1196,0,1,1
1,1197,0,-1,1
1,1198,0,1,-1
1,1199,0,1,1
1,1200,0,1,1
1,1201,0,-1,1
1,1202,0,-1,1
1,1203,0,-1,1
1,1204,0,1,-1
1,1205,0,-1,-1
1,1206,0,1,1
1,1207,0,1,-1
1,1208,0,1,-1
1,1209,0,-1,1
1,1210,0,1,-1
1,1211,0,1,1
1,1212,0,1,-1
1,1213,0,1,1
1,1214,0,1,1
1,1215,0,-1,1
1,1216,0,-1,1
1,1217,0,1,-1
1,1218,0,1,-1
1,1219,0,-1,-1
1,1220,0,-1,-1
1,1221,0,-1,1
1,1222,0,1,1
1,1223,0,-1,1
1,1224,0,1,-1
1,1225,0,1,-1
1,1226,0,1,-1
1,1227,0,1,1
1,1228,0,1,-1
1,1229,0,-1,-1
1,1230,0,-1,-1
1,1231,0,-1,-1
1,1232,0,-1,-1
1,1233,0,-1,-1
1,1234,0,-1,1
1,1235,0,-1,-1
1,1236,0,-1,-1
1,1237,0,-1,-1
1,1238,0,1,1
1,1239,0,1,-1
1,1240,0,1,-1
1,1241,0,1,1
1,1242,0,-1,1
1,1243,0,1,1
1,1244,0,1,-1
1,1245,0,1,1
1,1246,0,1,1
1,1247,0,1,-1
1,1248,0,1,-1
1,1249,0,1,-1
1,1250,0,1,-1
1,1251,0,1,1
1,1252,0,-1,1
1,1253,0,-1,-1
1,1254,0,1,-1
1,1255,0,-1,1
1,1256,0,-1,-1
1,1257,0,1,1
1,1258,0,-1,1
1,1259,0,1,-1
1,1260,0,1,1
1,1261,0,-1,1
1,1262,0,1,1
1,1263,0,1,-1
1,1264,0,1,1
1,1265,0,-1,1
1,1266,0,-1,-1
1,1267,0,-1,-1
1,1268,0,1,-1
1,1269,0,-1,-1
1,1270,0,-1,-1
1,1271,0,-1,1
1,1272,0,-1,1
1,1273,0,1,-1
1,1274,0,1,-1
1,1275,0,-1,-1
1,1276,0,1,-1
1,1277,0,1,-1
1,1278,0,1,1
1,1279,0,-1,1
1,1280,0,1,-1
1,1281,0,1,-1
1,1282,0,-1,-1
1,1283,0,1,1
1,1284,0,-1,1
1,1285,0,-1,1
1,1286,0,-1,1
1,1287,0,-1,1
1,1288,0,-1,1
1,1289,0,1,-1
1,1290,0,1,-1
1,1291,0,-1,1
1,1292,0,-1,-1
1,1293,0,1,1
1,1294,0,-1,-1
1,1295,0,1,-1
1,1296,0,1,-1
1,1297,0,1,1
1,1298,0,1,1
1,1299,0,1,-1
1,1300,0,-1,1
1,1301,0,1,-1
1,1302,0,1,-1
1,1303,0,1,-1
1,1304,0,-1,-1
1,1305,0,-1,-1
1,1306,0,-1,-1
1,1307,0,1,-1
1,1308,0,1,1
1,1309,0,1,-1
1,1310,0,1,1
1,1311,0,1,-1
1,1312,0,-1,1
1,1313,0,1,1
1,1314,0,1,-1
1,1315,0,1,1
1,1316,0,1,1
1,1317,0,-1,-1
1,1318,0,-1,1
1,1319,0,1,1
1,1320,0,1,-1
1,1321,0,1,-1
1,1322,0,-1,-1
1,1323,0,-1,-1
1,1324,0,1,-1
1,1325,0,1,1
1,1326,0,-1,-1
1,1327,0,-1,-1
1,1328,0,1,1
1,1329,0,-1,-1
1,1330,0,1,1
1,1331,0,1,-1
1,1332,0,-1,1
1,1333,0,-1,1
1,1334,0,1,1
1,1335,0,-1,1
1,1336,0,-1,-1
1,1337,0,1,-1
1,1338,0,1,1
1,1339,0,-1,-1
1,1340,0,-1,1
1,1341,0,1,-1
1,1342,0,-1,-1
1,1343,0,-1,1
1,1344,0,1,1
1,1345,0,1,-1
1,1346,0,-1,-1
1,1347,0,1,1
1,1348,0,1,-1
1,1349,0,1,1
1,1350,0,1,1
1,1351,0,1,1
1,1352,0,1,-1
1,1353,0,1,1
1,1354,0,1,1
1,1355,0,1,-1
1,1356,0,1,-1
1,1357,0,1,-1
1,1358,0,1,1
1,1359,0,-1,1
1,1360,0,-1,1
1,1361,0,1,-1
1,1362,0,1,-1
1,1363,0,1,1
1,1364,0,-1,1
1,1365,0,1,-1
1,1366,0,1,-1
1,1367,0,1,-1
1,1368,0,-1,-1
1,1369,0,-1,-1
1,1370,0,1,-1
1,1371,0,-1,-1
1,1372,0,-1,1
1,1373,0,1,-1
1,1374,0,-1,-1
1,1375,0,-1,1
1,1376,0,1,1
1,1377,0,1,-1
1,1378,0,-1,-1
1,1379,0,-1,1
1,1380,0,-1,-1
1,1381,0,1,1
1,1382,0,-1,1
1,1383,0,1,1
1,1384,0,-1,-1
1,1385,0,-1,-1
1,1386,0,-1,1
1,1387,0,-1,-1
1,1388,0,-1,-1
1,1389,0,-1,1
1,1390,0,-1,1
1,1391,0,1,1
1,1392,0,1,-1
1,1393,0,1,1
1,1394,0,1,1
1,1395,0,-1,1
1,1396,0,1,1
1,1397,0,1,1
1,1398,0,1,-1
1,1399,0,1,1
1,1400,0,-1,1
1,1401,0,1,1
1,1402,0,-1,1
1,1403,0,1,1
1,1404,0,-1,1
1,1405,0,-1,1
1,1406,0,1,1
1,1407,0,1,-1
1,1408,0,1,1
1,1409,0,1,-1
1,1410,0,-1,1
1,1411,0,-1,1
1,1412,0,1,1
1,1413,0,1,-1
1,1414,0,-1,1
1,1415,0,1,1
1,1416,0,1,-1
1,1417,0,-1,1
1,1418,0,1,-1
1,1419,0,1,-1
1,1420,0,1,-1
1,1421,0,1,1
1,1422,0,-1,-1
1,1423,0,1,1
1,1424,0,1,1
1,1425,0,1,1
1,1426,0,1,1
1,1427,0,-1,-1
1,1428,0,-1,-1
1,1429,0,1,-1
1,1430,0,1,1
1,1431,0,-1,1
1,1432,0,1,-1
1,1433,0,-1,-1
1,1434,0,-1,-1
1,1435,0,-1,1
1,1436,0,-1,-1
1,1437,0,-1,-1
1,1438,0,-1,1
1,1439,0,-1,1
1,1440,0,1,1
1,1441,0,1,1
1,1442,0,1,-1
1,1443,0,1,1
1,1444,0,-1,1
1,1445,0,-1,1
1,1446,0,-1,1
1,1447,0,1,1
1,1448,0,1,-1
1,1449,0,1,1
1,1450,0,-1,1
1,1451,0,-1,1
1,1452,0,-1,-1
1,1453,0,1,1
1,1454,0,-1,-1
1,1455,0,1,1
1,1456,0,-1,-1
1,1457,0,1,1
1,1458,0,-1,1
1,1459,0,-1,1
1,1460,0,1,1
1,1461,0,-1,1
1,1462,0,-1,1
1,1463,0,1,1
1,1464,0,-1,-1
1,1465,0,-1,-1
1,1466,0,-1,-1
1,1467,0,1,-1
1,1468,0,-1,1
1,1469,0,1,-1
1,1470,0,-1,1
1,1471,0,-1,-1
1,1472,0,1,1
1,1473,0,-1,1
1,1474,0,-1,1
1,1475,0,1,-1
1,1476,0,-1,-1
1,1477,0,-1,-1
1,1478,0,-1,1
1,1479,0,-1,1
1,1480,0,-1,1
1,1481,0,-1,1
1,1482,0,1,-1
1,1483,0,-1,1
1,1484,0,1,-1
1,1485,0,1,1
1,1486,0,1,-1
1,1487,0,1,-1
1,1488,0,1,1
1,1489,0,1,1
1,1490,0,-1,1
1,1491,0,-1,-1
1,1492,0,-1,-1
1,1493,0,-1,1
1,1494,0,-1,1
1,1495,0,-1,-1
1,1496,0,1,-1
1,1497,0,1,1
1,1498,0,-1,1
1,1499,0,1,1
1,1500,0,-1,-1
1,1501,0,1,-1
1,1502,0,-1,-1
1,1503,0,-1,-1
1,1504,0,-1,-1
1,1505,0,1,1
1,1506,0,1,-1
1,1507,0,1,-1
1,1508,0,-1,-1
1,1509,0,1,1
1,1510,0,1,1
1,1511,0,1,-1
1,1512,0,1,1
1,1513,0,-1,1
1,1514,0,1,1
1,1515,0,-1,-1
1,1516,0,1,-1
1,1517,0,1,1
1,1518,0,-1,1
1,1519,0,1,-1
1,1520,0,-1,1
1,1521,0,-1,-1
1,1522,0,1,-1
1,1523,0,-1,-1
1,1524,0,1,1
1,1525,0,1,1
1,1526,0,-1,-1
1,1527,0,-1,1
1,1528,0,-1,1
1,1529,0,-1,-1
1,1530,0,-1,-1
1,1531,0,-1,1
1,1532,0,-1,1
1,1533,0,-1,-1
1,1534,0,-1,-1
1,1535,0,-1,-1
1,1536,0,1,-1
1,1537,0,-1,1
1,1538,0,-1,-1
1,1539,0,1,-1
1,1540,0,1,1
1,1541,0,1,-1
1,1542,0,1,1
1,1543,0,-1,1
1,1544,0,1,1
1,1545,0,-1,-1
1,1546,0,-1,1
1,1547,0,1,-1
1,1548,0,1,-1
1,1549,0,-1,-1
1,1550,0,-1,-1
1,1551,0,1,-1
1,1552,0,1,-1
1,1553,0,-1,-1
1,1554,0,1,-1
1,1555,0,-1,1
1,1556,0,1,1
1,1557,0,1,-1
1,1558,0,-1,-1
1,1559,0,-1,1
1,1560,0,-1,-1
1,1561,0,1,1
1,1562,0,1,1
1,1563,0,1,-1
1,1564,0,1,1
1,1565,0,-1,1
1,1566,0,-1,-1
1,1567,0,1,-1
1,1568,0,-1,-1
1,1569,0,1,1
1,1570,0,-1,1
1,1571,0,1,1
1,1572,0,1,1
1,1573,0,1,-1
1,1574,0,1,1
1,1575,0,1,-1
1,1576,0,-1,-1
1,1577,0,-1,1
1,1578,0,1,1
1,1579,0,-1,-1
1,1580,0,-1,1
1,1581,0,1,-1
1,1582,0,1,-1
1,1583,0,1,1
1,1584,0,-1,1
1,1585,0,-1,1
1,1586,0,1,-1
1,1587,0,-1,-1
1,1588,0,1,-1
1,1589,0,-1,-1
1,1590,0,1,-1
1,1591,0,-1,1
1,1592,0,-1,-1
1,1593,0,1,-1
1,1594,0,-1,-1
1,1595,0,-1,-1
1,1596,0,1,1
1,1597,0,1,1
1,1598,0,-1,-1
1,1599,0,1,-1
1,1600,0,1,1
1,1601,0,1,-1
1,1602,0,-1,-1
1,1603,0,1,1
1,1604,0,-1,-1
1,1605,0,-1,-1
1,1606,0,1,1
1,1607,0,1,1
1,1608,0,1,1
1,1609,0,1,1
1,1610,0,-1,-1
1,1611,0,-1,1
1,1612,0,1,1
1,1613,0,-1,1
1,1614,0,-1,1
1,1615,0,-1,1
1,1616,0,-1,1
1,1617,0,1,1
1,1618,0,-1,1
1,1619,0,-1,1
1,1620,0,1,-1
1,1621,0,1,1
1,1622,0,1,1
1,1623,0,1,-1
1,1624,0,-1,1
1,1625,0,1,-1
1,1626,0,-1,-1
1,1627,0,1,1
1,1628,0,-1,-1
1,1629,0,-1,1
1,1630,0,1,-1
1,1631,0,1,1
1,1632,0,1,1
1,1633,0,-1,-1
1,1634,0,1,1
1,1635,0,1,-1
1,1636,0,1,-1
1,1637,0,1,1
1,1638,0,-1,1
1,1639,0,-1,-1
1,1640,0,-1,-1
1,1641,0,1,-1
1,1642,0,1,-1
1,1643,0,-1,-1
1,1644,0,1,1
1,1645,0,-1,-1
1,1646,0,1,1
1,1647,0,1,1
1,1648,0,-1,-1
1,1649,0,-1,1
1,1650,0,1,-1
1,1651,0,-1,-1
1,1652,0,1,1
1,1653,0,-1,1
1,1654,0,1,-1
1,1655,0,1,-1
1,1656,0,-1,-1
1,1657,0,1,-1
1,1658,0,1,1
1,1659,0,1,1
1,1660,0,-1,-1
1,1661,0,-1,1
1,1662,0,1,-1
1,1663,0,-1,1
1,1664,0,-1,1
1,1665,0,1,-1
1,1666,0,-1,1
1,1667,0,-1,1
1,1668,0,1,-1
1,1669,0,-1,-1
1,1670,0,-1,-1
1,1671,0,-1,-1
1,1672,0,-1,-1
1,1673,0,1,1
1,1674,0,-1,-1
1,1675,0,-1,-1
1,1676,0,-1,-1
1,1677,0,-1,-1
1,1678,0,1,1
1,1679,0,1,-1
1,1680,0,1,-1
1,1681,0,-1,1
1,1682,0,1,-1
1,1683,0,-1,1
1,1684,0,-1,-1
1,1685,0,1,1
1,1686,0,-1,-1
1,1687,0,1,1
1,1688,0,-1,1
1,1689,0,1,-1
1,1690,0,1,-1
1,1691,0,-1,-1
1,1692,0,1,1
1,1693,0,1,-1
1,1694,0,1,1
1,1695,0,1,-1
1,1696,0,1,-1
1,1697,0,-1,-1
1,1698,0,1,-1
1,1699,0,1,1
1,1700,0,1,-1
1,1701,0,1,-1
1,1702,0,-1,1
1,1703,0,1,1
1,1704,0,-1,-1
1,1705,0,-1,-1
1,1706,0,1,-1
1,1707,0,-1,-1
1,1708,0,1,-1
1,1709,0,-1,1
1,1710,0,-1,1
1,1711,0,1,-1
1,1712,0,-1,1
1,1713,0,1,1
1,1714,0,1,-1
1,1715,0,-1,1
1,1716,0,-1,-1
1,1717,0,-1,1
1,1718,0,-1,-1
1,1719,0,-1,1
1,1720,0,-1,1
1,1721,0,-1,-1
1,1722,0,-1,-1
1,1723,0,-1,1
1,1724,0,1,1
1,1725,0,1,-1
1,1726,0,-1,-1
1,1727,0,-1,1
1,1728,0,1,1
1,1729,0,-1,1
1,1730,0,1,-1
1,1731,0,-1,-1
1,1732,0,1,1
1,1733,0,-1,-1
1,1734,0,1,1
1,1735,0,-1,-1
1,1736,0,1,-1
1,1737,0,1,-1
1,1738,0,-1,1
1,1739,0,-1,1
1,1740,0,-1,-1
1,1741,0,-1,1
1,1742,0,-1,1
1,1743,0,-1,1
1,1744,0,-1,1
1,1745,0,1,-1
1,1746,0,-1,-1
1,1747,0,-1,-1
1,1748,0,1,1
1,1749,0,1,-1
1,1750,0,-1,-1
1,1751,0,1,1
1,1752,0,-1,-1
1,1753,0,-1,1
1,1754,0,-1,1
1,1755,0,-1,-1
1,1756,0,-1,-1
1,1757,0,1,-1
1,1758,0,-1,1
1,1759,0,1,-1
1,1760,0,1,1
1,1761,0,-1,1
1,1762,0,-1,1
1,1763,0,1,-1
1,1764,0,-1,-1
1,1765,0,-1,-1
1,1766,0,-1,1
1,1767,0,1,-1
1,1768,0,1,-1
1,1769,0,1,-1
1,1770,0,-1,-1
1,1771,0,1,1
1,1772,0,1,1
1,1773,0,-1,1
1,1774,0,-1,1
1,1775,0,-1,-1
1,1776,0,1,1
1,1777,0,1,-1
1,1778,0,1,-1
1,1779,0,-1,1
1,1780,0,1,-1
1,1781,0,-1,-1
1,1782,0,-1,1
1,1783,0,1,1
1,1784,0,1,-1
1,1785,0,1,1
1,1786,0,-1,1
1,1787,0,-1,1
1,1788,0,1,-1
1,1789,0,1,1
1,1790,0,-1,-1
1,1791,0,-1,-1
1,1792,0,-1,-1
1,1793,0,-1,1
1,1794,0,1,-1
1,1795,0,-1,-1
1,1796,0,-1,1
1,1797,0,1,-1
1,1798,0,-1,1
1,1799,0,-1,1
1,1800,0,-1,1
1,1801,0,-1,1
1,1802,0,1,1
1,1803,0,1,1
1,1804,0,-1,-1
1,1805,0,1,-1
1,1806,0,-1,-1
1,1807,0,1,1
1,1808,0,1,-1
1,1809,0,1,-1
1,1810,0,1,-1
1,1811,0,1,1
1,1812,0,-1,-1
1,1813,0,-1,1
1,1814,0,-1,1
1,1815,0,-1,-1
1,1816,0,1,-1
1,1817,0,-1,-1
1,1818,0,1,-1
1,1819,0,-1,1
1,1820,0,-1,-1
1,1821,0,1,1
1,1822,0,1,-1
1,1823,0,1,-1
1,1824,0,1,-1
1,1825,0,-1,-1
1,1826,0,1,-1
1,1827,0,1,-1
1,1828,0,-1,1
1,1829,0,1,1
1,1830,0,1,-1
1,1831,0,-1,-1
1,1832,0,1,1
1,1833,0,1,-1
1,1834,0,1,-1
1,1835,0,1,-1
1,1836,0,-1,-1
1,1837,0,-1,1
1,1838,0,1,1
1,1839,0,1,-1
1,1840,0,-1,-1
1,1841,0,1,-1
1,1842,0,-1,-1
1,1843,0,-1,1
1,1844,0,1,1
1,1845,0,1,-1
1,1846,0,1,-1
1,1847,0,-1,-1
1,1848,0,1,1
1,1849,0,-1,-1
1,1850,0,-1,-1
1,1851,0,-1,-1
1,1852,0,1,-1
1,1853,0,1,1
1,1854,0,1,-1
1,1855,0,-1,-1
1,1856,0,-1,-1
1,1857,0,-1,-1
1,1858,0,-1,1
1,1859,0,1,-1
1,1860,0,1,-1
1,1861,0,-1,1
1,1862,0,1,1
1,1863,0,-1,1
1,1864,0,-1,-1
1,1865,0,-1,-1
1,1866,0,1,-1
1,1867,0,1,1
1,1868,0,1,1
1,1869,0,1,1
1,1870,0,1,-1
1,1871,0,-1,-1
1,1872,0,-1,-1
1,1873,0,-1,-1
1,1874,0,-1,1
1,1875,0,1,1
1,1876,0,1,-1
1,1877,0,1,1
1,1878,0,-1,1
1,1879,0,-1,1
1,1880,0,1,-1
1,1881,0,1,1
1,1882,0,-1,1
1,1883,0,-1,1
1,1884,0,-1,-1
1,1885,0,1,1
1,1886,0,1,1
1,1887,0,1,-1
1,1888,0,-1,-1
1,1889,0,1,1
1,1890,0,-1,-1
1,1891,0,-1,1
1,1892,0,-1,-1
1,1893,0,-1,-1
1,1894,0,-1,-1
1,1895,0,-1,-1
1,1896,0,-1,1
1,1897,0,-1,-1
1,1898,0,1,-1
1,1899,0,1,1
1,1900,0,-1,-1
1,1901,0,-1,1
1,1902,0,1,1
1,1903,0,-1,-1
1,1904,0,1,-1
1,1905,0,1,1
1,1906,0,-1,-1
1,1907,0,-1,1
1,1908,0,1,1
1,1909,0,1,1
1,1910,0,1,-1
1,1911,0,1,-1
1,1912,0,1,1
1,1913,0,-1,1
1,1914,0,-1,1
1,1915,0,1,-1
1,1916,0,-1,1
1,1917,0,1,-1
1,1918,0,1,-1
1,1919,0,1,1
1,1920,0,-1,-1
1,1921,0,1,-1
1,1922,0,1,1
1,1923,0,1,-1
1,1924,0,-1,-1
1,1925,0,1,1
1,1926,0,-1,-1
1,1927,0,1,1
1,1928,0,1,-1
1,1929,0,-1,1
1,1930,0,1,-1
1,1931,0,1,1
1,1932,0,1,-1
1,1933,0,-1,-1
1,1934,0,1,-1
1,1935,0,1,-1
1,1936,0,-1,1
1,1937,0,-1,1
1,1938,0,-1,1
1,1939,0,1,-1
1,1940,0,1,-1
1,1941,0,-1,1
1,1942,0,1,-1
1,1943,0,1,1
1,1944,0,-1,1
1,1945,0,-1,1
1,1946,0,-1,1
1,1947,0,-1,1
1,1948,0,1,1
1,1949,0,-1,-1
1,1950,0,-1,-1
1,1951,0,1,1
1,1952,0,-1,-1
1,1953,0,1,1
1,1954,0,-1,1
1,1955,0,-1,1
1,1956,0,1,-1
1,1957,0,-1,-1
1,1958,0,1,1
1,1959,0,1,1
1,1960,0,1,1
1,1961,0,1,-1
1,1962,0,1,1
1,1963,0,1,-1
1,1964,0,-1,1
1,1965,0,1,1
1,1966,0,-1,-1
1,1967,0,1,1
1,1968,0,-1,1
1,1969,0,-1,-1
1,1970,0,-1,-1
1,1971,0,1,1
1,1972,0,1,1
1,1973,0,1,1
1,1974,0,1,-1
1,1975,0,1,-1
1,1976,0,-1,1
1,1977,0,1,-1
1,1978,0,-1,-1
1,1979,0,-1,1
1,1980,0,-1,-1
1,1981,0,-1,1
1,1982,0,1,1
1,1983,0,1,-1
1,1984,0,1,1
1,1985,0,1,-1
1,1986,0,-1,-1
1,1987,0,-1,1
1,1988,0,1,-1
1,1989,0,-1,-1
1,1990,0,1,1
1,1991,0,-1,-1
1,1992,0,-1,-1
1,1993,0,-1,-1
1,1994,0,-1,1
1,1995,0,1,1
1,1996,0,-1,1
1,1997,0,1,-1
1,1998,0,-1,-1
1,1999,0,1,-1
5,0,1,1,1
5,1,0,1,1
5,2,2,1,1
5,3,2,1,1
5,4,0,1,-1
5,5,3,1,-1
5,6,1,1,-1
5,7,0,1,1
5,8,0,1,-1
5,9,0,1,1
5,10,1,1,1
5,11,0,1,1
5,12,0,1,-1
5,13,2,1,1
5,14,1,1,-1
5,15,0,1,1
5,16,0,1,-1
5,17,3,1,1
5,18,1,1,-1
5,19,1,1,-1
5,20,0,1,1
5,21,1,1,1
5,22,1,1,-1
5,23,0,-1,-1
5,24,1,1,1
5,25,0,1,1
5,26,1,1,1
5,27,0,1,-1
5,28,0,1,1
5,29,1,1,1
5,30,4,1,1
5,31,1,1,1
5,32,0,1,1
5,33,0,1,1
5,34,1,1,1
5,35,0,1,-1
5,36,1,1,1
5,37,1,1,1
5,38,1,1,1
5,39,1,1,1
5,40,1,1,-1
5,41,0,1,1
5,42,3,1,-1
5,43,0,1,1
5,44,0,1,-1
5,45,0,1,-1
5,46,4,1,-1
5,47,1,1,-1
5,48,3,1,1
5,49,0,1,-1
5,50,1,1,1
5,51,0,1,1
5,52,0,1,1
5,53,0,1,-1
5,54,0,1,1
5,55,0,1,-1
5,56,0,1,1
5,57,0,1,1
5,58,0,1,1
5,59,0,1,-1
5,60,0,1,-1
5,61,0,1,1
5,62,2,1,1
5,63,2,1,1
5,64,0,1,-1
5,65,2,1,1
5,66,2,1,1
5,67,1,1,-1
5,68,2,1,-1
5,69,2,1,1
5,70,2,1,-1
5,71,0,1,1
5,72,0,1,1
5,73,3,1,1
5,74,2,1,-1
5,75,2,1,-1
5,76,0,1,-1
5,77,1,1,-1
5,78,0,1,-1
5,79,0,1,1
5,80,0,1,1
5,81,1,1,-1
5,82,0,1,-1
5,83,3,1,-1
5,84,0,1,-1
5,85,0,1,-1
5,86,0,1,-1
5,87,0,1,-1
5,88,1,1,1
5,89,0,1,-1
5,90,0,1,-1
5,91,1,1,-1
5,92,0,1,-1
5,93,1,1,-1
5,94,0,1,1
5,95,0,1,-1
5,96,1,1,1
5,97,2,1,1
5,98,0,1,1
5,99,0,1,1
5,100,1,1,-1
5,101,0,1,-1
5,102,1,1,1
5,103,2,1,1
5,104,1,1,1
5,105,0,1,-1
5,106,0,1,-1
5,107,0,1,-1
5,108,0,1,1
5,109,0,-1,-1
5,110,0,1,-1
5,111,1,1,-1
5,112,3,1,1
5,113,0,1,1
5,114,0,1,-1
5,115,0,1,1
5,116,0,1,1
5,117,0,1,1
5,118,1,1,-1
5,119,0,1,-1
5,120,0,1,-1
5,121,0,1,-1
5,122,0,1,-1
5,123,0,1,1
5,124,1,1,1
5,125,0,1,1
5,126,0,1,-1
5,127,2,1,1
5,128,1,1,1
5,129,2,1,1
5,130,1,1,-1
5,131,0,1,1
5,132,1,1,-1
5,133,3,1,-1
5,134,3,1,-1
5,135,2,1,1
5,136,3,1,1
5,137,0,1,-1
5,138,2,1,-1
5,139,2,1,1
5,140,2,1,1
5,141,0,1,-1
5,142,1,1,1
5,143,2,1,-1
5,144,0,-1,1
5,145,0,1,1
5,146,0,1,-1
5,147,1,1,1
5,148,2,1,-1
5,149,4,1,-1
5,150,1,1,-1
5,151,0,1,1
5,152,4,1,1
5,153,0,1,-1
5,154,1,1,-1
5,155,0,1,-1
5,156,2,1,1
5,157,0,1,-1
5,158,2,1,-1
5,159,0,1,1
5,160,0,-1,1
5,161,0,1,-1
5,162,1,1,1
5,163,0,1,1
5,164,0,1,1
5,165,0,1,-1
5,166,4,1,1
5,167,1,1,1
5,168,4,1,-1
5,169,0,-1,1
5,170,0,1,-1
5,171,0,1,1
5,172,0,1,-1
5,173,0,-1,1
5,174,0,1,1
5,175,0,1,1
5,176,3,1,1
5,177,0,1,-1
5,178,0,-1,1
5,179,0,1,-1
5,180,0,1,-1
5,181,0,1,-1
5,182,1,1,1
5,183,0,1,1
5,184,2,1,-1
5,185,1,1,-1
5,186,1,1,1
5,187,0,1,-1
5,188,3,1,1
5,189,0,1,-1
5,190,0,1,1
5,191,0,1,1
5,192,0,1,1
5,193,1,1,1
5,194,1,1,1
5,195,0,1,1
5,196,1,1,1
5,197,1,1,1
5,198,1,1,1
5,199,3,1,-1
5,200,0,1,-1
5,201,0,1,-1
5,202,0,1,1
5,203,1,1,1
5,204,0,1,1
5,205,2,1,-1
5,206,1,1,-1
5,207,0,1,-1
5,208,2,1,1
5,209,0,1,-1
5,210,0,1,-1
5,211,0,1,1
5,212,4,1,1
5,213,2,1,-1
5,214,3,1,-1
5,215,0,1,1
5,216,0,1,1
5,217,1,1,1
5,218,0,-1,1
5,219,0,1,1
5,220,0,1,-1
5,221,0,1,1
5,222,0,1,1
5,223,0,1,-1
5,224,0,1,1
5,225,0,1,-1
5,226,3,1,1
5,227,0,1,1
5,228,3,1,1
5,229,1,1,1
5,230,1,1,1
5,231,1,1,1
5,232,1,1,-1
5,233,2,1,1
5,234,0,1,1
5,235,3,1,1
5,236,2,1,1
5,237,0,1,-1
5,238,0,-1,1
5,239,0,1,1
5,240,2,1,1
5,241,0,1,1
5,242,0,1,1
5,243,0,1,1
5,244,3,1,1
5,245,0,1,1
5,246,2,1,1
5,247,0,1,1
5,248,2,1,1
5,249,3,1,1
5,250,0,1,1
5,251,0,1,-1
5,252,1,1,-1
5,253,0,1,1
5,254,1,1,-1
5,255,1,1,1
5,256,0,1,1
5,257,1,1,-1
5,258,1,1,1
5,259,0,1,-1
5,260,2,1,1
5,261,2,1,1
5,262,4,1,1
5,263,2,1,1
5,264,0,1,1
5,265,0,1,1
5,266,1,1,-1
5,267,1,1,-1
5,268,3,1,-1
5,269,1,1,1
5,270,1,1,-1
5,271,0,1,1
5,272,0,1,-1
5,273,0,1,-1
5,274,0,1,-1
5,275,0,-1,1
5,276,0,1,-1
5,277,2,1,1
5,278,0,1,-1
5,279,0,1,1
5,280,0,1,1
5,281,0,1,-1
5,282,0,1,1
5,283,0,1,-1
5,284,0,1,1
5,285,1,1,-1
5,286,4,1,-1
5,287,0,1,-1
5,288,0,1,-1
5,289,0,1,1
5,290,3,1,1
5,291,2,1,1
5,292,3,1,1
5,293,3,1,-1
5,294,2,1,1
5,295,0,1,-1
5,296,0,1,-1
5,297,0,1,1
5,298,3,1,-1
5,299,0,1,-1
5,300,4,1,1
5,301,0,1,-1
5,302,0,1,1
5,303,0,1,1
5,304,0,-1,-1
5,305,0,1,1
5,306,4,1,1
5,307,2,1,-1
5,308,1,1,1
5,309,3,1,1
5,310,0,1,-1
5,311,1,1,-1
5,312,0,1,1
5,313,1,1,-1
5,314,0,1,1
5,315,0,1,-1
5,316,1,1,-1
5,317,0,1,-1
5,318,2,1,1
5,319,0,-1,-1
5,320,3,1,-1
5,321,0,1,-1
5,322,0,1,-1
5,323,0,1,1
5,324,1,1,1
5,325,0,1,-1
5,326,0,1,1
5,327,1,1,1
5,328,0,1,1
5,329,1,1,1
5,330,0,1,-1
5,331,2,1,-1
5,332,0,1,-1
5,333,0,1,1
5,334,0,1,1
5,335,3,1,-1
5,336,0,1,1
5,337,0,1,-1
5,338,0,1,1
5,339,0,1,1
5,340,0,1,-1
5,341,1,1,-1
5,342,1,1,1
5,343,4,1,-1
5,344,0,1,1
5,345,2,1,1
5,346,0,1,-1
5,347,2,1,1
5,348,0,1,-1
5,349,0,1,-1
5,350,0,-1,-1
5,351,2,1,1
5,352,0,1,1
5,353,0,1,-1
5,354,0,1,-1
5,355,1,1,1
5,356,1,1,-1
5,357,1,1,-1
5,358,1,1,1
5,359,1,1,1
5,360,0,1,-1
5,361,0,1,-1
5,362,0,1,1
5,363,3,1,-1
5,364,1,1,-1
5,365,2,1,1
5,366,0,1,1
5,367,0,1,1
5,368,2,1,1
5,369,3,1,1
5,370,0,1,1
5,371,1,1,-1
5,372,1,1,1
5,373,0,1,-1
5,374,0,1,-1
5,375,0,1,-1
5,376,4,1,-1
5,377,1,1,-1
5,378,2,1,1
5,379,0,1,-1
5,380,1,1,-1
5,381,0,1,1
5,382,1,1,1
5,383,0,1,1
5,384,0,-1,1
5,385,0,1,1
5,386,1,1,-1
5,387,0,1,-1
5,388,3,1,-1
5,389,1,1,-1
5,390,1,1,1
5,391,1,1,1
5,392,1,1,1
5,393,2,1,1
5,394,0,1,-1
5,395,1,1,1
5,396,1,1,1
5,397,1,1,1
5,398,1,1,1
5,399,1,1,1
5,400,0,1,-1
5,401,0,1,-1
5,402,0,-1,1
5,403,0,1,1
5,404,3,1,-1
5,405,1,1,-1
5,406,0,1,1
5,407,2,1,1
5,408,1,1,1
5,409,1,1,-1
5,410,0,1,-1
5,411,0,1,-1
5,412,2,1,1
5,413,3,1,1
5,414,0,1,1
5,415,0,1,1
5,416,0,1,-1
5,417,0,1,-1
5,418,0,1,1
5,419,1,1,-1
5,420,0,1,1
5,421,0,1,-1
5,422,0,1,1
5,423,0,1,1
5,424,0,1,-1
5,425,0,1,-1
5,426,1,1,-1
5,427,3,1,1
5,428,0,1,-1
5,429,0,1,-1
5,430,0,1,-1
5,431,2,1,-1
5,432,2,1,1
5,433,2,1,1
5,434,1,1,1
5,435,0,1,-1
5,436,0,1,1
5,437,0,1,1
5,438,0,1,1
5,439,0,1,1
5,440,2,1,-1
5,441,0,1,-1
5,442,1,1,-1
5,443,0,1,1
5,444,1,1,1
5,445,0,1,-1
5,446,0,1,1
5,447,0,1,1
5,448,0,1,1
5,449,0,1,-1
5,450,1,1,1
5,451,0,1,-1
5,452,0,1,-1
5,453,0,1,-1
5,454,1,1,-1
5,455,1,1,-1
5,456,0,1,1
5,457,1,1,-1
5,458,2,1,1
5,459,3,1,-1
5,460,1,1,1
5,461,0,1,1
5,462,1,1,-1
5,463,3,1,1
5,464,0,1,1
5,465,0,-1,1
5,466,3,1,-1
5,467,4,1,-1
5,468,1,1,-1
5,469,0,1,1
5,470,0,1,1
5,471,0,-1,1
5,472,0,1,-1
5,473,1,1,-1
5,474,0,1,1
5,475,1,1,1
5,476,0,1,1
5,477,4,1,-1
5,478,1,1,1
5,479,0,-1,1
5,480,1,1,-1
5,481,0,1,1
5,482,0,1,1
5,483,0,1,1
5,484,0,1,-1
5,485,3,1,1
5,486,0,1,1
5,487,0,1,-1
5,488,1,1,1
5,489,0,1,1
5,490,1,1,-1
5,491,0,1,1
5,492,1,1,1
5,493,0,1,-1
5,494,0,1,1
5,495,0,1,-1
5,496,0,1,-1
5,497,0,1,1
5,498,0,1,-1
5,499,2,1,-1
5,500,1,1,-1
5,501,0,1,-1
5,502,2,1,-1
5,503,3,1,1
5,504,2,1,-1
5,505,0,1,-1
5,506,0,1,1
5,507,3,1,1
5,508,1,1,-1
5,509,0,1,-1
5,510,0,1,1
5,511,2,1,-1
5,512,0,1,1
5,513,0,1,-1
5,514,0,1,-1
5,515,1,1,1
5,516,1,1,-1
5,517,2,1,-1
5,518,1,1,-1
5,519,0,1,-1
5,520,0,1,-1
5,521,2,1,-1
5,522,0,1,-1
5,523,3,1,1
5,524,0,1,1
5,525,0,1,-1
5,526,1,1,1
5,527,1,1,1
5,528,0,1,-1
5,529,1,1,1
5,530,0,-1,1
5,531,2,1,1
5,532,2,1,1
5,533,0,1,-1
5,534,0,1,1
5,535,0,1,1
5,536,0,1,-1
5,537,0,1,1
5,538,0,1,1
5,539,0,1,1
5,540,1,1,1
5,541,0,1,1
5,542,0,1,1
5,543,0,1,1
5,544,0,1,1
5,545,0,1,1
5,546,0,1,-1
5,547,0,1,-1
5,548,2,1,1
5,549,0,1,1
5,550,0,1,1
5,551,2,1,-1
5,552,0,1,1
5,553,1,1,-1
5,554,0,1,-1
5,555,1,1,-1
5,556,2,1,-1
5,557,0,1,1
5,558,2,1,1
5,559,0,1,1
5,560,2,1,-1
5,561,3,1,1
5,562,1,1,1
5,563,1,1,1
5,564,1,1,1
5,565,0,1,1
5,566,0,1,1
5,567,1,1,-1
5,568,1,1,1
5,569,2,1,-1
5,570,2,1,-1
5,571,0,1,1
5,572,0,1,-1
5,573,0,1,1
5,574,1,1,1
5,575,1,1,-1
5,576,0,1,-1
5,577,2,1,-1
5,578,0,1,1
5,579,0,1,-1
5,580,2,1,-1
5,581,1,1,-1
5,582,0,1,-1
5,583,3,1,1
5,584,4,1,1
5,585,1,1,1
5,586,0,1,1
5,587,0,1,1
5,588,0,1,1
5,589,0,1,-1
5,590,0,-1,-1
5,591,0,1,1
5,592,0,1,1
5,593,0,1,1
5,594,0,1,-1
5,595,0,1,1
5,596,0,1,1
5,597,0,1,-1
5,598,0,1,1
5,599,0,1,1
5,600,2,1,1
5,601,0,1,1
5,602,4,1,-1
5,603,0,1,1
5,604,1,1,-1
5,605,2,1,1
5,606,3,1,-1
5,607,0,1,-1
5,608,1,1,-1
5,609,2,1,1
5,610,0,1,1
5,611,0,1,1
5,612,0,1,1
5,613,0,1,-1
5,614,1,1,-1
5,615,0,1,1
5,616,0,1,1
5,617,0,1,1
5,618,0,1,-1
5,619,0,1,1
5,620,4,1,1
5,621,0,1,1
5,622,1,1,-1
5,623,1,1,1
5,624,0,1,-1
5,625,1,1,-1
5,626,0,-1,-1
5,627,1,1,1
5,628,1,1,1
5,629,1,1,-1
5,630,0,1,1
5,631,1,1,-1
5,632,1,1,-1
5,633,0,1,1
5,634,0,1,-1
5,635,1,1,1
5,636,0,1,-1
5,637,0,1,1
5,638,0,1,-1
5,639,0,1,1
5,640,0,1,-1
5,641,1,1,1
5,642,0,1,1
5,643,3,1,-1
5,644,3,1,1
5,645,0,1,1
5,646,0,1,1
5,647,4,1,1
5,648,2,1,1
5,649,1,1,1
5,650,0,1,-1
5,651,0,1,1
5,652,1,1,1
5,653,0,-1,1
5,654,0,1,1
5,655,1,1,-1
5,656,0,1,-1
5,657,0,-1,1
5,658,0,1,-1
5,659,1,1,1
5,660,3,1,-1
5,661,0,1,1
5,662,1,1,1
5,663,1,1,-1
5,664,3,1,-1
5,665,2,1,-1
5,666,1,1,-1
5,667,0,1,-1
5,668,0,1,1
5,669,3,1,-1
5,670,2,1,1
5,671,4,1,-1
5,672,0,1,-1
5,673,3,1,-1
5,674,0,1,-1
5,675,0,1,-1
5,676,2,1,1
5,677,0,1,1
5,678,1,1,1
5,679,0,1,-1
5,680,2,1,1
5,681,1,1,1
5,682,2,1,-1
5,683,0,1,-1
5,684,1,1,-1
5,685,0,1,1
5,686,0,1,1
5,687,1,1,1
5,688,0,1,-1
5,689,0,-1,1
5,690,3,1,-1
5,691,1,1,1
5,692,0,1,-1
5,693,1,1,1
5,694,1,1,-1
5,695,4,1,-1
5,696,0,1,1
5,697,2,1,-1
5,698,1,1,1
5,699,1,1,-1
5,700,3,1,-1
5,701,0,1,1
5,702,4,1,1
5,703,4,1,-1
5,704,0,1,1
5,705,1,1,-1
5,706,0,1,-1
5,707,1,1,-1
5,708,0,1,-1
5,709,0,-1,-1
5,710,0,1,-1
5,711,1,1,-1
5,712,0,1,-1
5,713,2,1,-1
5,714,0,1,1
5,715,0,1,-1
5,716,0,1,1
5,717,3,1,-1
5,718,1,1,1
5,719,0,1,-1
5,720,2,1,1
5,721,0,1,1
5,722,0,1,1
5,723,0,1,-1
5,724,0,1,-1
5,725,1,1,-1
5,726,0,1,-1
5,727,0,1,1
5,728,1,1,-1
5,729,0,1,-1
5,730,0,1,-1
5,731,0,1,-1
5,732,0,1,-1
5,733,0,1,1
5,734,3,1,-1
5,735,0,1,1
5,736,0,1,1
5,737,2,1,1
5,738,2,1,1
5,739,0,1,1
5,740,3,1,-1
5,741,0,1,1
5,742,0,1,-1
5,743,0,1,1
5,744,3,1,1
5,745,2,1,1
5,746,2,1,1
5,747,0,1,-1
5,748,1,1,-1
5,749,0,1,1
5,750,1,1,-1
5,751,0,1,1
5,752,0,1,1
5,753,0,1,1
5,754,1,1,1
5,755,1,1,1
5,756,1,1,-1
5,757,1,1,-1
5,758,0,-1,1
5,759,4,1,1
5,760,0,1,-1
5,761,0,1,1
5,762,1,1,-1
5,763,2,1,1
5,764,0,1,1
5,765,0,1,1
5,766,3,1,-1
5,767,1,1,1
5,768,1,1,1
5,769,0,1,-1
5,770,1,1,1
5,771,0,1,-1
5,772,0,-1,-1
5,773,4,1,1
5,774,0,1,1
5,775,1,1,1
5,776,1,1,-1
5,777,1,1,-1
5,778,0,1,1
5,779,2,1,-1
5,780,0,1,1
5,781,0,1,-1
5,782,0,1,-1
5,783,0,1,-1
5,784,0,1,-1
5,785,0,1,1
5,786,1,1,-1
5,787,3,1,1
5,788,1,1,-1
5,789,2,1,1
5,790,0,1,-1
5,791,0,1,-1
5,792,1,1,-1
5,793,1,1,-1
5,794,0,1,1
5,795,0,1,-1
5,796,0,1,1
5,797,0,1,1
5,798,0,1,1
5,799,1,1,1
5,800,0,-1,-1
5,801,0,1,-1
5,802,1,1,-1
5,803,3,1,1
5,804,0,1,-1
5,805,2,1,-1
5,806,2,1,-1
5,807,0,1,-1
5,808,2,1,-1
5,809,2,1,-1
5,810,2,1,1
5,811,2,1,1
5,812,4,1,-1
5,813,0,1,1
5,814,0,1,-1
5,815,1,1,-1
5,816,0,1,1
5,817,2,1,1
5,818,0,1,1
5,819,0,1,1
5,820,1,1,-1
5,821,0,1,-1
5,822,3,1,1
5,823,0,1,-1
5,824,4,1,1
5,825,1,1,1
5,826,0,1,1
5,827,0,1,1
5,828,0,1,-1
5,829,0,1,-1
5,830,0,1,1
5,831,0,1,1
5,832,1,1,1
5,833,2,1,-1
5,834,0,1,1
5,835,0,1,-1
5,836,0,1,-1
5,837,2,1,-1
5,838,1,1,-1
5,839,3,1,-1
5,840,3,1,-1
5,841,0,1,-1
5,842,1,1,1
5,843,0,1,1
5,844,0,1,1
5,845,1,1,1
5,846,0,1,1
5,847,1,1,1
5,848,0,1,-1
5,849,0,1,1
5,850,1,1,1
5,851,1,1,1
5,852,0,1,1
5,853,4,1,1
5,854,0,1,1
5,855,1,1,1
5,856,2,1,-1
5,857,1,1,-1
5,858,0,1,1
5,859,2,1,1
5,860,0,1,1
5,861,2,1,-1
5,862,0,1,-1
5,863,1,1,1
5,864,0,1,-1
5,865,0,1,-1
5,866,0,1,-1
5,867,2,1,1
5,868,0,1,1
5,869,0,1,-1
5,870,1,1,1
5,871,0,1,-1
5,872,0,1,1
5,873,1,1,-1
5,874,0,1,-1
5,875,0,1,-1
5,876,0,1,-1
5,877,0,1,1
5,878,0,1,1
5,879,0,-1,-1
5,880,1,1,-1
5,881,0,1,1
5,882,0,1,-1
5,883,2,1,1
5,884,1,1,-1
5,885,0,1,1
5,886,0,-1,-1
5,887,3,1,-1
5,888,1,1,-1
5,889,0,1,1
5,890,1,1,1
5,891,1,1,-1
5,892,2,1,-1
5,893,0,1,-1
5,894,0,1,-1
5,895,0,1,-1
5,896,0,1,-1
5,897,1,1,-1
5,898,2,1,1
5,899,0,1,1
5,900,0,1,-1
5,901,0,1,1
5,902,0,1,-1
5,903,0,1,-1
5,904,0,1,1
5,905,0,1,1
5,906,0,1,1
5,907,1,1,1
5,908,3,1,1
5,909,0,1,1
5,910,0,1,1
5,911,0,1,-1
5,912,2,1,-1
5,913,0,1,-1
5,914,1,1,1
5,915,0,1,1
5,916,1,1,-1
5,917,0,1,-1
5,918,4,1,-1
5,919,2,1,1
5,920,1,1,-1
5,921,0,1,1
5,922,0,1,-1
5,923,1,1,-1
5,924,0,1,1
5,925,2,1,-1
5,926,1,1,1
5,927,2,1,1
5,928,0,1,1
5,929,0,1,1
5,930,0,-1,-1
5,931,0,1,1
5,932,0,1,-1
5,933,4,1,1
5,934,0,1,1
5,935,0,1,-1
5,936,1,1,1
5,937,0,1,-1
5,938,0,1,1
5,939,2,1,-1
5,940,2,1,1
5,941,0,1,-1
5,942,1,1,-1
5,943,0,1,1
5,944,1,1,-1
5,945,0,1,1
5,946,1,1,1
5,947,0,1,1
5,948,0,1,-1
5,949,0,1,1
5,950,0,1,-1
5,951,0,1,1
5,952,0,1,-1
5,953,2,1,-1
5,954,0,1,1
5,955,0,1,1
5,956,0,1,1
5,957,0,1,-1
5,958,1,1,1
5,959,0,1,-1
5,960,0,1,1
5,961,0,1,1
5,962,1,1,1
5,963,0,1,-1
5,964,1,1,1
5,965,0,1,-1
5,966,3,1,-1
5,967,0,1,1
5,968,1,1,1
5,969,0,1,-1
5,970,1,1,1
5,971,3,1,-1
5,972,3,1,1
5,973,0,1,-1
5,974,1,1,-1
5,975,0,1,1
5,976,2,1,1
5,977,1,1,-1
5,978,2,1,1
5,979,2,1,-1
5,980,2,1,1
5,981,0,1,1
5,982,0,1,-1
5,983,3,1,-1
5,984,0,1,1
5,985,1,1,-1
5,986,0,1,-1
5,987,0,1,-1
5,988,0,1,-1
5,989,0,1,-1
5,990,1,1,-1
5,991,0,-1,1
5,992,1,1,1
5,993,1,1,1
5,994,1,1,-1
5,995,4,1,1
5,996,1,1,-1
5,997,2,1,1
5,998,0,1,-1
5,999,1,1,-1
5,1000,0,1,1
5,1001,0,1,1
5,1002,0,1,1
5,1003,3,1,1
5,1004,0,-1,1
5,1005,0,1,1
5,1006,1,1,-1
5,1007,0,1,1
5,1008,1,1,1
5,1009,0,1,-1
5,1010,2,1,1
5,1011,0,1,1
5,1012,0,1,1
5,1013,2,1,1
5,1014,1,1,1
5,1015,1,1,1
5,1016,0,1,1
5,1017,0,1,1
5,1018,4,1,-1
5,1019,0,1,-1
5,1020,0,1,1
5,1021,2,1,1
5,1022,0,1,-1
5,1023,0,1,1
5,1024,1,1,1
5,1025,0,1,1
5,1026,2,1,-1
5,1027,0,1,1
5,1028,0,1,1
5,1029,0,1,-1
5,1030,2,1,-1
5,1031,2,1,1
5,1032,0,1,1
5,1033,2,1,-1
5,1034,1,1,1
5,1035,4,1,1
5,1036,3,1,1
5,1037,0,1,1
5,1038,0,1,1
5,1039,3,1,1
5,1040,0,1,1
5,1041,1,1,1
5,1042,0,1,1
5,1043,1,1,-1
5,1044,3,1,-1
5,1045,1,1,-1
5,1046,0,1,1
5,1047,1,1,-1
5,1048,4,1,-1
5,1049,0,1,1
5,1050,1,1,-1
5,1051,0,1,-1
5,1052,4,1,-1
5,1053,0,1,-1
5,1054,0,1,1
5,1055,2,1,1
5,1056,1,1,-1
5,1057,0,1,1
5,1058,0,1,-1
5,1059,4,1,-1
5,1060,2,1,-1
5,1061,1,1,1
5,1062,0,1,-1
5,1063,1,1,1
5,1064,3,1,-1
5,1065,2,1,1
5,1066,0,1,1
5,1067,1,1,1
5,1068,2,1,1
5,1069,0,1,-1
5,1070,0,1,-1
5,1071,0,1,-1
5,1072,1,1,1
5,1073,0,1,-1
5,1074,2,1,-1
5,1075,0,1,1
5,1076,0,1,-1
5,1077,2,1,-1
5,1078,1,1,1
5,1079,0,1,1
5,1080,1,1,1
5,1081,0,1,-1
5,1082,0,1,-1
5,1083,1,1,-1
5,1084,0,1,1
5,1085,3,1,-1
5,1086,0,1,-1
5,1087,1,1,1
5,1088,0,1,1
5,1089,2,1,1
5,1090,2,1,-1
5,1091,4,1,1
5,1092,0,1,1
5,1093,0,1,-1
5,1094,0,1,1
5,1095,0,1,1
5,1096,1,1,1
5,1097,0,1,1
5,1098,0,1,1
5,1099,3,1,-1
5,1100,1,1,-1
5,1101,1,1,1
5,1102,0,1,-1
5,1103,0,1,-1
5,1104,1,1,-1
5,1105,1,1,-1
5,1106,1,1,1
5,1107,0,1,-1
5,1108,2,1,-1
5,1109,0,1,1
5,1110,1,1,1
5,1111,0,1,1
5,1112,2,1,1
5,1113,0,1,-1
5,1114,2,1,1
5,1115,0,1,-1
5,1116,0,1,1
5,1117,0,1,1
5,1118,0,1,1
5,1119,0,1,-1
5,1120,2,1,-1
5,1121,0,1,1
5,1122,1,1,-1
5,1123,0,1,1
5,1124,0,-1,-1
5,1125,0,-1,1
5,1126,0,1,-1
5,1127,0,-1,1
5,1128,0,1,1
5,1129,1,1,1
5,1130,2,1,1
5,1131,0,1,1
5,1132,4,1,1
5,1133,1,1,-1
5,1134,0,1,-1
5,1135,3,1,-1
5,1136,1,1,1
5,1137,0,1,-1
5,1138,1,1,-1
5,1139,0,-1,-1
5,1140,0,-1,1
5,1141,1,1,1
5,1142,0,1,1
5,1143,0,1,1
5,1144,0,1,-1
5,1145,0,1,-1
5,1146,1,1,-1
5,1147,0,1,-1
5,1148,1,1,-1
5,1149,0,1,1
5,1150,0,1,1
5,1151,0,1,-1
5,1152,0,1,1
5,1153,0,1,-1
5,1154,0,-1,1
5,1155,1,1,-1
5,1156,0,1,-1
5,1157,0,1,1
5,1158,1,1,1
5,1159,0,1,-1
5,1160,0,1,1
5,1161,1,1,-1
5,1162,0,1,-1
5,1163,1,1,-1
5,1164,0,1,-1
5,1165,0,-1,1
5,1166,4,1,1
5,1167,0,1,1
5,1168,0,1,-1
5,1169,1,1,1
5,1170,0,1,-1
5,1171,2,1,1
5,1172,0,1,-1
5,1173,2,1,-1
5,1174,0,1,1
5,1175,0,1,-1
5,1176,0,1,1
5,1177,0,1,-1
5,1178,1,1,-1
5,1179,0,1,-1
5,1180,0,1,1
5,1181,0,1,1
5,1182,1,1,-1
5,1183,1,1,-1
5,1184,3,1,-1
5,1185,0,1,-1
5,1186,0,1,-1
5,1187,1,1,1
5,1188,0,1,1
5,1189,1,1,-1
5,1190,1,1,1
5,1191,1,1,1
5,1192,3,1,-1
5,1193,0,1,-1
5,1194,1,1,1
5,1195,0,1,1
5,1196,4,1,-1
5,1197,4,1,1
5,1198,0,1,-1
5,1199,0,-1,-1
5,1200,2,1,1
5,1201,2,1,-1
5,1202,2,1,1
5,1203,2,1,1
5,1204,0,1,1
5,1205,1,1,-1
5,1206,0,1,-1
5,1207,1,1,1
5,1208,0,1,-1
5,1209,1,1,-1
5,1210,0,1,1
5,1211,1,1,1
5,1212,2,1,-1
5,1213,4,1,-1
5,1214,1,1,-1
5,1215,2,1,1
5,1216,1,1,1
5,1217,0,1,-1
5,1218,2,1,1
5,1219,1,1,1
5,1220,0,1,1
5,1221,0,1,-1
5,1222,0,1,-1
5,1223,0,1,-1
5,1224,3,1,-1
5,1225,2,1,-1
5,1226,0,1,-1
5,1227,2,1,-1
5,1228,2,1,-1
5,1229,1,1,1
5,1230,0,1,1
5,1231,1,1,-1
5,1232,1,1,-1
5,1233,1,1,-1
5,1234,1,1,1
5,1235,0,1,1
5,1236,2,1,1
5,1237,1,1,1
5,1238,0,1,-1
5,1239,0,1,-1
5,1240,0,1,-1
5,1241,0,1,1
5,1242,2,1,1
5,1243,0,1,-1
5,1244,0,1,1
5,1245,2,1,-1
5,1246,0,1,1
5,1247,1,1,1
5,1248,1,1,-1
5,1249,3,1,1
5,1250,2,1,-1
5,1251,0,-1,1
5,1252,1,1,-1
5,1253,1,1,1
5,1254,0,1,-1
5,1255,0,1,1
5,1256,4,1,1
5,1257,0,1,-1
5,1258,0,1,-1
5,1259,2,1,-1
5,1260,3,1,-1
5,1261,0,1,1
5,1262,1,1,1
5,1263,2,1,-1
5,1264,2,1,-1
5,1265,3,1,1
5,1266,1,1,1
5,1267,0,1,1
5,1268,0,-1,1
5,1269,1,1,1
5,1270,1,1,-1
5,1271,0,1,1
5,1272,1,1,-1
5,1273,4,1,1
5,1274,2,1,-1
5,1275,0,1,1
5,1276,0,1,-1
5,1277,1,1,1
5,1278,0,1,-1
5,1279,1,1,1
5,1280,2,1,-1
5,1281,0,1,1
5,1282,0,1,-1
5,1283,0,1,-1
5,1284,1,1,-1
5,1285,4,1,1
5,1286,1,1,-1
5,1287,0,1,-1
5,1288,0,1,-1
5,1289,0,1,1
5,1290,0,1,-1
5,1291,0,1,-1
5,1292,0,1,1
5,1293,1,1,1
5,1294,0,1,-1
5,1295,4,1,1
5,1296,4,1,1
5,1297,2,1,-1
5,1298,0,1,-1
5,1299,0,1,1
5,1300,2,1,1
5,1301,0,1,1
5,1302,1,1,1
5,1303,0,1,1
5,1304,1,1,-1
5,1305,0,1,1
5,1306,0,1,-1
5,1307,4,1,1
5,1308,0,1,-1
5,1309,0,1,1
5,1310,0,1,-1
5,1311,2,1,-1
5,1312,0,1,-1
5,1313,0,1,1
5,1314,0,1,-1
5,1315,0,1,-1
5,1316,0,1,-1
5,1317,1,1,-1
5,1318,1,1,-1
5,1319,0,1,1
5,1320,0,1,1
5,1321,1,1,1
5,1322,1,1,1
5,1323,3,1,1
5,1324,0,-1,-1
5,1325,3,1,1
5,1326,3,1,1
5,1327,1,1,-1
5,1328,2,1,-1
5,1329,2,1,-1
5,1330,2,1,1
5,1331,0,1,1
5,1332,0,1,1
5,1333,0,1,-1
5,1334,0,1,1
5,1335,2,1,1
5,1336,3,1,1
5,1337,1,1,1
5,1338,2,1,-1
5,1339,2,1,-1
5,1340,0,1,1
5,1341,1,1,1
5,1342,2,1,1
5,1343,0,1,-1
5,1344,0,1,-1
5,1345,0,1,-1
5,1346,0,1,-1
5,1347,1,1,1
5,1348,1,1,-1
5,1349,1,1,1
5,1350,0,1,-1
5,1351,1,1,-1
5,1352,1,1,-1
5,1353,0,1,-1
5,1354,0,1,-1
5,1355,0,1,1
5,1356,0,1,1
5,1357,0,1,1
5,1358,3,1,-1
5,1359,0,1,-1
5,1360,0,1,-1
5,1361,2,1,-1
5,1362,0,1,-1
5,1363,1,1,1
5,1364,1,1,1
5,1365,1,1,1
5,1366,1,1,1
5,1367,0,1,1
5,1368,3,1,-1
5,1369,0,1,1
5,1370,0,1,1
5,1371,1,1,1
5,1372,2,1,1
5,1373,0,1,-1
5,1374,2,1,-1
5,1375,0,1,-1
5,1376,0,1,-1
5,1377,0,-1,1
5,1378,0,1,-1
5,1379,0,1,1
5,1380,0,1,1
5,1381,2,1,1
5,1382,0,-1,1
5,1383,0,1,-1
5,1384,2,1,-1
5,1385,1,1,-1
5,1386,0,1,1
5,1387,0,1,-1
5,1388,2,1,1
5,1389,1,1,1
5,1390,1,1,1
5,1391,4,1,-1
5,1392,0,-1,1
5,1393,0,1,1
5,1394,0,1,1
5,1395,1,1,1
5,1396,1,1,1
5,1397,0,1,-1
5,1398,1,1,1
5,1399,1,1,1
5,1400,0,1,1
5,1401,0,1,-1
5,1402,0,1,-1
5,1403,0,1,1
5,1404,2,1,1
5,1405,1,1,-1
5,1406,0,1,1
5,1407,0,1,-1
5,1408,1,1,-1
5,1409,1,1,-1
5,1410,0,1,1
5,1411,2,1,1
5,1412,3,1,-1
5,1413,2,1,1
5,1414,1,1,1
5,1415,2,1,1
5,1416,1,1,-1
5,1417,1,1,-1
5,1418,0,1,-1
5,1419,2,1,-1
5,1420,0,1,1
5,1421,1,1,1
5,1422,0,1,1
5,1423,0,1,-1
5,1424,0,1,1
5,1425,0,1,-1
5,1426,1,1,-1
5,1427,2,1,1
5,1428,0,-1,-1
5,1429,4,1,-1
5,1430,0,1,1
5,1431,1,1,-1
5,1432,0,1,1
5,1433,0,1,1
5,1434,0,1,-1
5,1435,0,1,1
5,1436,0,1,1
5,1437,0,1,-1
5,1438,0,1,1
5,1439,0,1,-1
5,1440,1,1,1
5,1441,1,1,-1
5,1442,1,1,-1
5,1443,4,1,1
5,1444,0,1,1
5,1445,1,1,-1
5,1446,4,1,1
5,1447,0,1,1
5,1448,0,1,-1
5,1449,1,1,1
5,1450,0,1,1
5,1451,1,1,1
5,1452,0,1,-1
5,1453,0,1,-1
5,1454,4,1,-1
5,1455,1,1,-1
5,1456,3,1,1
5,1457,0,1,1
5,1458,0,1,-1
5,1459,3,1,-1
5,1460,4,1,1
5,1461,4,1,-1
5,1462,2,1,1
5,1463,3,1,-1
5,1464,1,1,1
5,1465,1,1,1
5,1466,1,1,-1
5,1467,2,1,-1
5,1468,2,1,-1
5,1469,0,1,-1
5,1470,0,1,1
5,1471,0,1,-1
5,1472,1,1,-1
5,1473,0,1,1
5,1474,2,1,-1
5,1475,0,1,1
5,1476,0,-1,1
5,1477,0,1,1
5,1478,0,1,1
5,1479,0,1,1
5,1480,0,1,-1
5,1481,1,1,1
5,1482,4,1,-1
5,1483,2,1,-1
5,1484,0,1,-1
5,1485,0,1,1
5,1486,0,1,1
5,1487,0,1,-1
5,1488,0,1,1
5,1489,0,1,1
5,1490,2,1,-1
5,1491,4,1,1
5,1492,3,1,1
5,1493,4,1,1
5,1494,0,1,1
5,1495,0,1,-1
5,1496,0,1,1
5,1497,0,1,-1
5,1498,0,1,1
5,1499,1,1,1
5,1500,1,1,-1
5,1501,2,1,1
5,1502,0,1,-1
5,1503,1,1,1
5,1504,2,1,-1
5,1505,0,1,1
5,1506,4,1,-1
5,1507,0,1,-1
5,1508,4,1,-1
5,1509,1,1,1
5,1510,2,1,-1
5,1511,0,1,1
5,1512,0,-1,-1
5,1513,0,1,-1
5,1514,4,1,-1
5,1515,1,1,-1
5,1516,0,1,-1
5,1517,0,1,1
5,1518,1,1,1
5,1519,0,1,-1
5,1520,0,1,1
5,1521,1,1,1
5,1522,1,1,1
5,1523,1,1,1
5,1524,0,1,-1
5,1525,0,1,1
5,1526,1,1,-1
5,1527,0,1,-1
5,1528,0,1,-1
5,1529,0,1,-1
5,1530,0,1,1
5,1531,3,1,-1
5,1532,0,1,1
5,1533,1,1,-1
5,1534,1,1,-1
5,1535,1,1,-1
5,1536,1,1,-1
5,1537,3,1,-1
5,1538,1,1,-1
5,1539,0,1,1
5,1540,0,1,-1
5,1541,3,1,1
5,1542,3,1,1
5,1543,0,1,-1
5,1544,0,1,-1
5,1545,0,1,-1
5,1546,0,1,1
5,1547,1,1,1
5,1548,0,1,1
5,1549,2,1,-1
5,1550,2,1,-1
5,1551,0,1,-1
5,1552,0,1,-1
5,1553,2,1,-1
5,1554,0,1,1
5,1555,0,1,-1
5,1556,0,1,-1
5,1557,2,1,-1
5,1558,2,1,-1
5,1559,3,1,1
5,1560,0,1,-1
5,1561,0,1,1
5,1562,1,1,1
5,1563,2,1,1
5,1564,1,1,-1
5,1565,2,1,-1
5,1566,3,1,-1
5,1567,0,1,1
5,1568,1,1,1
5,1569,0,1,1
5,1570,0,1,1
5,1571,0,1,1
5,1572,2,1,1
5,1573,1,1,1
5,1574,2,1,-1
5,1575,0,1,1
5,1576,3,1,1
5,1577,2,1,1
5,1578,0,1,-1
5,1579,0,1,-1
5,1580,1,1,-1
5,1581,2,1,1
5,1582,0,1,-1
5,1583,0,1,-1
5,1584,2,1,1
5,1585,0,1,-1
5,1586,0,1,-1
5,1587,0,-1,1
5,1588,1,1,-1
5,1589,0,1,1
5,1590,4,1,1
5,1591,0,1,-1
5,1592,1,1,1
5,1593,0,1,-1
5,1594,1,1,-1
5,1595,1,1,-1
5,1596,1,1,1
5,1597,0,1,-1
5,1598,1,1,1
5,1599,0,1,-1
5,1600,0,1,1
5,1601,0,1,-1
5,1602,0,1,1
5,1603,1,1,-1
5,1604,0,1,1
5,1605,0,1,1
5,1606,1,1,1
5,1607,1,1,1
5,1608,1,1,-1
5,1609,2,1,-1
5,1610,0,1,1
5,1611,1,1,1
5,1612,2,1,-1
5,1613,0,1,-1
5,1614,0,1,1
5,1615,4,1,1
5,1616,0,1,-1
5,1617,0,1,1
5,1618,0,1,1
5,1619,4,1,-1
5,1620,1,1,-1
5,1621,2,1,1
5,1622,1,1,1
5,1623,2,1,-1
5,1624,1,1,-1
5,1625,0,-1,-1
5,1626,0,1,1
5,1627,0,1,1
5,1628,3,1,1
5,1629,2,1,1
5,1630,2,1,-1
5,1631,0,1,-1
5,1632,1,1,-1
5,1633,2,1,1
5,1634,1,1,-1
5,1635,1,1,-1
5,1636,0,1,-1
5,1637,1,1,1
5,1638,2,1,1
5,1639,1,1,1
5,1640,0,1,-1
5,1641,1,1,-1
5,1642,0,1,1
5,1643,1,1,-1
5,1644,2,1,1
5,1645,0,1,1
5,1646,0,1,-1
5,1647,1,1,-1
5,1648,0,1,-1
5,1649,2,1,-1
5,1650,1,1,1
5,1651,0,1,1
5,1652,1,1,1
5,1653,0,1,1
5,1654,2,1,1
5,1655,0,1,1
5,1656,0,1,1
5,1657,0,1,-1
5,1658,1,1,-1
5,1659,0,1,-1
5,1660,0,1,1
5,1661,0,1,1
5,1662,1,1,1
5,1663,0,1,-1
5,1664,0,1,1
5,1665,1,1,-1
5,1666,1,1,-1
5,1667,0,1,-1
5,1668,3,1,1
5,1669,0,1,-1
5,1670,0,1,-1
5,1671,2,1,-1
5,1672,0,1,1
5,1673,0,1,-1
5,1674,0,1,1
5,1675,1,1,-1
5,1676,0,1,1
5,1677,1,1,-1
5,1678,0,1,-1
5,1679,1,1,-1
5,1680,0,1,1
5,1681,0,1,1
5,1682,0,1,-1
5,1683,3,1,-1
5,1684,4,1,1
5,1685,0,1,1
5,1686,0,1,1
5,1687,1,1,-1
5,1688,2,1,1
5,1689,0,1,1
5,1690,0,1,-1
5,1691,0,1,-1
5,1692,0,1,1
5,1693,2,1,1
5,1694,1,1,1
5,1695,0,1,-1
5,1696,2,1,-1
5,1697,1,1,-1
5,1698,0,1,1
5,1699,4,1,-1
5,1700,1,1,-1
5,1701,1,1,1
5,1702,0,1,-1
5,1703,0,1,1
5,1704,0,1,-1
5,1705,0,1,-1
5,1706,0,1,-1
5,1707,1,1,-1
5,1708,0,1,-1
5,1709,0,1,-1
5,1710,0,1,-1
5,1711,0,1,1
5,1712,0,1,1
5,1713,0,1,-1
5,1714,0,1,-1
5,1715,0,1,-1
5,1716,1,1,1
5,1717,1,1,1
5,1718,1,1,-1
5,1719,1,1,-1
5,1720,3,1,-1
5,1721,0,1,1
5,1722,1,1,1
5,1723,0,1,1
5,1724,1,1,-1
5,1725,1,1,1
5,1726,1,1,-1
5,1727,0,1,-1
5,1728,1,1,1
5,1729,1,1,1
5,1730,3,1,1
5,1731,2,1,-1
5,1732,0,1,1
5,1733,0,1,-1
5,1734,0,1,-1
5,1735,0,1,-1
5,1736,1,1,1
5,1737,0,1,-1
5,1738,0,1,1
5,1739,0,1,1
5,1740,0,1,-1
5,1741,0,1,-1
5,1742,1,1,-1
5,1743,0,1,-1
5,1744,2,1,-1
5,1745,0,1,1
5,1746,0,1,1
5,1747,3,1,-1
5,1748,0,1,-1
5,1749,0,1,1
5,1750,0,1,1
5,1751,3,1,1
5,1752,0,1,1
5,1753,1,1,-1
5,1754,2,1,-1
5,1755,0,1,1
5,1756,0,1,1
5,1757,4,1,1
5,1758,0,1,1
5,1759,0,1,-1
5,1760,0,1,1
5,1761,0,1,-1
5,1762,1,1,-1
5,1763,0,1,-1
5,1764,0,1,-1
5,1765,0,1,1
5,1766,1,1,-1
5,1767,1,1,-1
5,1768,1,1,1
5,1769,0,1,-1
5,1770,0,1,-1
5,1771,0,1,1
5,1772,2,1,-1
5,1773,0,-1,-1
5,1774,0,1,-1
5,1775,0,1,1
5,1776,0,1,-1
5,1777,1,1,-1
5,1778,0,1,1
5,1779,2,1,1
5,1780,2,1,-1
5,1781,0,1,1
5,1782,0,1,1
5,1783,0,1,-1
5,1784,2,1,1
5,1785,1,1,1
5,1786,0,1,1
5,1787,0,1,-1
5,1788,0,1,1
5,1789,4,1,1
5,1790,2,1,1
5,1791,0,1,1
5,1792,1,1,1
5,1793,0,1,1
5,1794,0,1,1
5,1795,0,1,1
5,1796,2,1,-1
5,1797,3,1,-1
5,1798,1,1,1
5,1799,1,1,1
5,1800,0,1,1
5,1801,0,1,-1
5,1802,0,1,1
5,1803,0,1,1
5,1804,3,1,1
5,1805,0,1,-1
5,1806,2,1,1
5,1807,1,1,1
5,1808,0,1,1
5,1809,1,1,-1
5,1810,0,1,-1
5,1811,0,1,1
5,1812,0,1,1
5,1813,3,1,-1
5,1814,0,1,-1
5,1815,0,1,1
5,1816,0,-1,1
5,1817,1,1,-1
5,1818,0,1,-1
5,1819,0,1,-1
5,1820,0,1,1
5,1821,0,1,1
5,1822,0,1,1
5,1823,1,1,-1
5,1824,0,1,1
5,1825,0,1,1
5,1826,1,1,1
5,1827,1,1,1
5,1828,0,1,-1
5,1829,1,1,-1
5,1830,0,1,-1
5,1831,4,1,1
5,1832,1,1,1
5,1833,0,1,-1
5,1834,2,1,-1
5,1835,0,1,-1
5,1836,0,1,1
5,1837,0,1,-1
5,1838,2,1,1
5,1839,3,1,-1
5,1840,0,1,1
5,1841,0,1,1
5,1842,0,1,1
5,1843,1,1,-1
5,1844,0,1,-1
5,1845,2,1,1
5,1846,0,1,1
5,1847,2,1,1
5,1848,3,1,-1
5,1849,1,1,1
5,1850,0,1,-1
5,1851,0,1,1
5,1852,0,1,-1
5,1853,0,1,1
5,1854,2,1,1
5,1855,1,1,1
5,1856,4,1,1
5,1857,1,1,-1
5,1858,0,1,1
5,1859,1,1,1
5,1860,1,1,1
5,1861,0,1,1
5,1862,2,1,-1
5,1863,1,1,1
5,1864,0,1,1
5,1865,0,1,-1
5,1866,3,1,-1
5,1867,0,1,1
5,1868,3,1,1
5,1869,1,1,1
5,1870,0,1,-1
5,1871,0,1,1
5,1872,0,1,1
5,1873,0,1,-1
5,1874,0,1,-1
5,1875,0,1,1
5,1876,2,1,1
5,1877,2,1,1
5,1878,1,1,-1
5,1879,0,1,-1
5,1880,0,1,1
5,1881,1,1,1
5,1882,0,1,-1
5,1883,0,1,1
5,1884,0,1,-1
5,1885,0,1,-1
5,1886,0,1,1
5,1887,1,1,-1
5,1888,2,1,-1
5,1889,1,1,1
5,1890,2,1,-1
5,1891,0,-1,1
5,1892,1,1,-1
5,1893,3,1,-1
5,1894,0,-1,-1
5,1895,0,1,-1
5,1896,0,1,1
5,1897,0,1,1
5,1898,0,1,-1
5,1899,0,1,1
5,1900,2,1,1
5,1901,0,1,1
5,1902,0,1,-1
5,1903,0,1,-1
5,1904,0,1,1
5,1905,0,1,-1
5,1906,0,1,-1
5,1907,2,1,-1
5,1908,1,1,-1
5,1909,3,1,1
5,1910,0,1,-1
5,1911,2,1,-1
5,1912,0,-1,-1
5,1913,1,1,-1
5,1914,3,1,-1
5,1915,0,1,1
5,1916,1,1,1
5,1917,0,1,1
5,1918,3,1,1
5,1919,0,1,-1
5,1920,0,1,1
5,1921,2,1,1
5,1922,2,1,1
5,1923,0,1,1
5,1924,1,1,1
5,1925,1,1,1
5,1926,2,1,-1
5,1927,2,1,1
5,1928,0,1,1
5,1929,0,1,1
5,1930,0,1,-1
5,1931,1,1,1
5,1932,0,1,1
5,1933,1,1,1
5,1934,0,1,-1
5,1935,1,1,1
5,1936,3,1,-1
5,1937,1,1,-1
5,1938,1,1,1
5,1939,0,1,1
5,1940,0,1,1
5,1941,1,1,1
5,1942,0,1,1
5,1943,0,1,1
5,1944,4,1,-1
5,1945,0,-1,1
5,1946,0,1,1
5,1947,0,1,1
5,1948,0,1,1
5,1949,1,1,1
5,1950,0,-1,1
5,1951,0,1,-1
5,1952,0,1,-1
5,1953,0,1,-1
5,1954,0,1,-1
5,1955,0,1,1
5,1956,1,1,-1
5,1957,1,1,1
5,1958,1,1,1
5,1959,1,1,1
5,1960,1,1,-1
5,1961,3,1,1
5,1962,0,1,1
5,1963,0,1,-1
5,1964,3,1,1
5,1965,1,1,-1
5,1966,1,1,1
5,1967,1,1,-1
5,1968,0,1,1
5,1969,4,1,1
5,1970,1,1,-1
5,1971,0,1,-1
5,1972,2,1,1
5,1973,0,1,-1
5,1974,4,1,-1
5,1975,0,1,-1
5,1976,1,1,1
5,1977,1,1,-1
5,1978,0,1,1
5,1979,4,1,-1
5,1980,2,1,-1
5,1981,3,1,1
5,1982,1,1,-1
5,1983,0,1,-1
5,1984,0,1,1
5,1985,0,1,-1
5,1986,0,1,1
5,1987,0,1,-1
5,1988,0,1,1
5,1989,1,1,-1
5,1990,0,1,-1
5,1991,2,1,1
5,1992,0,1,-1
5,1993,0,1,1
5,1994,2,1,-1
5,1995,0,1,1
5,1996,0,1,1
5,1997,1,1,1
5,1998,0,1,1
5,1999,0,1,1
20,0,1,1,-1
20,1,0,1,-1
20,2,0,1,1
20,3,1,1,-1
20,4,2,1,-1
20,5,0,1,-1
20,6,1,1,-1
20,7,2,1,1
20,8,1,1,1
20,9,1,1,1
20,10,0,1,1
20,11,4,1,-1
20,12,0,1,1
20,13,0,1,1
20,14,2,1,-1
20,15,0,1,-1
20,16,0,1,-1
20,17,0,1,-1
20,18,2,1,-1
20,19,2,1,1
20,20,0,1,1
20,21,0,1,-1
20,22,0,1,-1
20,23,2,1,1
20,24,3,1,1
20,25,2,1,-1
20,26,0,1,1
20,27,2,1,-1
20,28,0,1,1
20,29,7,1,-1
20,30,1,1,-1
20,31,5,1,-1
20,32,1,1,-1
20,33,0,1,1
20,34,1,1,-1
20,35,1,1,1
20,36,0,1,1
20,37,0,1,1
20,38,0,1,-1
20,39,3,1,-1
20,40,0,1,1
20,41,3,1,1
20,42,1,1,1
20,43,1,1,-1
20,44,3,1,1
20,45,1,1,1
20,46,3,1,1
20,47,0,1,-1
20,48,0,1,1
20,49,4,1,1
20,50,0,1,-1
20,51,0,1,1
20,52,4,1,-1
20,53,0,1,1
20,54,0,1,-1
20,55,0,1,-1
20,56,0,1,1
20,57,0,1,1
20,58,2,1,-1
20,59,2,1,1
20,60,1,1,1
20,61,1,1,-1
20,62,0,1,-1
20,63,3,1,-1
20,64,0,1,-1
20,65,5,1,-1
20,66,0,1,-1
20,67,1,1,-1
20,68,0,1,-1
20,69,2,1,-1
20,70,0,1,1
20,71,0,1,-1
20,72,4,1,-1
20,73,2,1,1
20,74,1,1,-1
20,75,5,1,-1
20,76,0,1,-1
20,77,0,1,-1
20,78,2,1,-1
20,79,0,1,-1
20,80,0,1,1
20,81,0,1,-1
20,82,1,1,1
20,83,2,1,-1
20,84,0,1,-1
20,85,0,1,1
20,86,1,1,1
20,87,0,1,1
20,88,1,1,-1
20,89,0,1,-1
20,90,3,1,-1
20,91,0,1,-1
20,92,1,1,-1
20,93,1,1,-1
20,94,1,1,1
20,95,0,1,-1
20,96,0,1,1
20,97,5,1,1
20,98,0,1,1
20,99,3,1,-1
20,100,0,1,-1
20,101,0,1,-1
20,102,0,1,-1
20,103,1,1,1
20,104,0,1,1
20,105,0,1,-1
20,106,1,1,1
20,107,1,1,1
20,108,0,1,1
20,109,0,1,-1
20,110,0,1,-1
20,111,1,1,1
20,112,1,1,-1
20,113,1,1,1
20,114,2,1,-1
20,115,0,1,-1
20,116,1,1,1
20,117,1,1,-1
20,118,0,1,1
20,119,0,1,-1
20,120,0,1,-1
20,121,1,1,-1
20,122,0,1,-1
20,123,2,1,1
20,124,0,1,-1
20,125,2,1,1
20,126,1,1,-1
20,127,0,1,-1
20,128,0,1,-1
20,129,0,1,1
20,130,0,1,-1
20,131,1,1,-1
20,132,1,1,1
20,133,0,1,1
20,134,4,1,1
20,135,0,1,1
20,136,3,1,-1
20,137,0,1,-1
20,138,0,1,1
20,139,1,1,1
20,140,0,1,1
20,141,1,1,1
20,142,0,1,-1
20,143,3,1,-1
20,144,5,1,1
20,145,1,1,-1
20,146,1,1,-1
20,147,4,1,-1
20,148,0,1,-1
20,149,2,1,1
20,150,0,1,-1
20,151,3,1,1
20,152,0,1,1
20,153,3,1,-1
20,154,0,1,1
20,155,1,1,1
20,156,0,1,-1
20,157,1,1,-1
20,158,0,1,-1
20,159,1,1,1
20,160,1,1,1
20,161,1,1,-1
20,162,0,1,1
20,163,0,1,-1
20,164,0,1,1
20,165,0,1,-1
20,166,1,1,-1
20,167,2,1,1
20,168,0,1,-1
20,169,0,1,1
20,170,1,1,-1
20,171,2,1,-1
20,172,1,1,1
20,173,0,1,-1
20,174,0,1,1
20,175,2,1,1
20,176,7,1,-1
20,177,0,1,-1
20,178,0,1,1
20,179,2,1,1
20,180,0,1,1
20,181,2,1,-1
20,182,0,1,-1
20,183,0,1,-1
20,184,0,1,1
20,185,0,1,1
20,186,0,1,-1
20,187,1,1,1
20,188,1,1,1
20,189,0,1,-1
20,190,0,1,1
20,191,0,1,1
20,192,4,1,1
20,193,2,1,1
20,194,0,1,-1
20,195,1,1,-1
20,196,1,1,1
20,197,1,1,-1
20,198,2,1,1
20,199,1,1,-1
20,200,4,1,1
20,201,1,1,1
20,202,0,1,1
20,203,0,1,1
20,204,0,1,1
20,205,2,1,-1
20,206,0,1,-1
20,207,2,1,1
20,208,4,1,1
20,209,0,1,-1
20,210,3,1,1
20,211,0,1,1
20,212,1,1,-1
20,213,1,1,-1
20,214,1,1,1
20,215,3,1,1
20,216,2,1,1
20,217,0,1,-1
20,218,2,1,-1
20,219,1,1,1
20,220,5,1,-1
20,221,2,1,-1
20,222,1,1,-1
20,223,1,1,-1
20,224,1,1,1
20,225,1,1,1
20,226,0,1,1
20,227,0,1,-1
20,228,0,1,-1
20,229,0,1,1
20,230,0,1,-1
20,231,0,1,1
20,232,1,1,1
20,233,0,1,1
20,234,5,1,1
20,235,1,1,-1
20,236,0,1,-1
20,237,0,1,1
20,238,1,1,1
20,239,0,1,1
20,240,1,1,1
20,241,3,1,-1
20,242,1,1,1
20,243,0,1,-1
20,244,0,1,1
20,245,0,1,1
20,246,0,1,-1
20,247,0,1,1
20,248,0,1,1
20,249,4,1,-1
20,250,0,1,1
20,251,0,1,1
20,252,0,1,1
20,253,0,1,-1
20,254,0,1,-1
20,255,0,1,-1
20,256,0,1,1
20,257,0,1,1
20,258,0,1,1
20,259,1,1,1
20,260,0,1,-1
20,261,2,1,-1
20,262,2,1,1
20,263,1,1,1
20,264,0,1,1
20,265,0,1,1
20,266,4,1,-1
20,267,1,1,1
20,268,4,1,1
20,269,1,1,1
20,270,0,1,1
20,271,0,1,1
20,272,5,1,1
20,273,2,1,-1
20,274,2,1,-1
20,275,1,1,1
20,276,0,1,1
20,277,0,1,-1
20,278,0,1,1
20,279,0,1,1
20,280,0,1,-1
20,281,1,1,1
20,282,0,1,1
20,283,1,1,1
20,284,1,1,1
20,285,1,1,-1
20,286,0,1,-1
20,287,1,1,-1
20,288,0,1,-1
20,289,0,1,1
20,290,0,1,1
20,291,0,1,-1
20,292,1,1,1
20,293,1,1,1
20,294,0,1,-1
20,295,0,1,-1
20,296,0,1,-1
20,297,3,1,-1
20,298,0,1,1
20,299,1,1,1
20,300,2,1,-1
20,301,1,1,-1
20,302,4,1,1
20,303,1,1,1
20,304,0,1,-1
20,305,1,1,-1
20,306,0,1,1
20,307,0,1,-1
20,308,0,1,-1
20,309,0,1,-1
20,310,1,1,-1
20,311,0,1,-1
20,312,3,1,-1
20,313,0,1,-1
20,314,0,1,-1
20,315,1,1,-1
20,316,4,1,1
20,317,0,1,1
20,318,0,1,-1
20,319,0,1,1
20,320,0,1,1
20,321,0,1,1
20,322,1,1,-1
20,323,0,1,1
20,324,1,1,-1
20,325,0,1,1
20,326,3,1,-1
20,327,1,1,-1
20,328,0,1,-1
20,329,0,1,1
20,330,2,1,1
20,331,1,1,1
20,332,0,1,-1
20,333,0,1,1
20,334,0,1,1
20,335,0,1,1
20,336,0,1,1
20,337,0,1,-1
20,338,1,1,1
20,339,0,1,-1
20,340,0,1,1
20,341,1,1,1
20,342,1,1,-1
20,343,3,1,1
20,344,0,1,-1
20,345,2,1,1
20,346,0,1,-1
20,347,0,1,-1
20,348,0,1,1
20,349,0,1,1
20,350,0,1,1
20,351,1,1,-1
20,352,5,1,1
20,353,0,1,-1
20,354,0,1,1
20,355,0,1,-1
20,356,3,1,1
20,357,1,1,1
20,358,0,1,-1
20,359,0,1,-1
20,360,0,1,1
20,361,0,1,1
20,362,1,1,-1
20,363,1,1,1
20,364,2,1,1
20,365,0,1,1
20,366,1,1,-1
20,367,1,1,-1
20,368,0,1,-1
20,369,3,1,-1
20,370,1,1,1
20,371,2,1,1
20,372,2,1,-1
20,373,1,1,1
20,374,4,1,1
20,375,0,1,-1
20,376,0,1,-1
20,377,0,1,-1
20,378,1,1,1
20,379,0,1,1
20,380,0,1,-1
20,381,8,1,-1
20,382,2,1,-1
20,383,4,1,1
20,384,0,1,1
20,385,3,1,-1
20,386,5,1,1
20,387,1,1,-1
20,388,0,1,-1
20,389,0,1,-1
20,390,0,1,-1
20,391,0,1,1
20,392,0,1,-1
20,393,2,1,1
20,394,0,1,1
20,395,0,1,-1
20,396,1,1,1
20,397,0,1,-1
20,398,0,1,-1
20,399,1,1,-1
20,400,0,1,1
20,401,0,1,1
20,402,1,1,-1
20,403,1,1,-1
20,404,0,1,-1
20,405,0,1,1
20,406,5,1,1
20,407,2,1,1
20,408,0,1,1
20,409,1,1,1
20,410,0,1,1
20,411,3,1,1
20,412,3,1,-1
20,413,2,1,1
20,414,0,1,-1
20,415,1,1,1
20,416,0,1,-1
20,417,0,1,1
20,418,2,1,1
20,419,5,1,-1
20,420,2,1,1
20,421,0,1,-1
20,422,1,1,1
20,423,0,1,1
20,424,0,1,-1
20,425,0,1,1
20,426,0,1,-1
20,427,0,1,-1
20,428,0,1,1
20,429,0,1,1
20,430,0,1,1
20,431,1,1,1
20,432,0,1,1
20,433,1,1,1
20,434,0,1,1
20,435,1,1,-1
20,436,1,1,-1
20,437,5,1,-1
20,438,1,1,-1
20,439,0,1,-1
20,440,2,1,-1
20,441,3,1,1
20,442,5,1,1
20,443,1,1,-1
20,444,0,1,1
20,445,0,1,1
20,446,3,1,1
20,447,4,1,1
20,448,0,1,1
20,449,1,1,-1
20,450,0,1,1
20,451,1,1,1
20,452,0,1,1
20,453,0,1,-1
20,454,1,1,1
20,455,0,1,1
20,456,0,1,-1
20,457,0,1,1
20,458,0,1,-1
20,459,0,1,1
20,460,0,1,-1
20,461,3,1,1
20,462,1,1,1
20,463,0,1,-1
20,464,1,1,1
20,465,0,1,-1
20,466,1,1,1
20,467,0,1,1
20,468,0,1,1
20,469,1,1,1
20,470,0,1,1
20,471,1,1,-1
20,472,0,1,-1
20,473,0,1,-1
20,474,7,1,-1
20,475,0,1,-1
20,476,5,1,1
20,477,2,1,-1
20,478,2,1,-1
20,479,1,1,-1
20,480,1,1,-1
20,481,0,1,-1
20,482,1,1,-1
20,483,2,1,-1
20,484,4,1,1
20,485,0,1,-1
20,486,1,1,-1
20,487,2,1,1
20,488,2,1,-1
20,489,0,1,-1
20,490,0,1,1
20,491,9,1,-1
20,492,1,1,1
20,493,1,1,1
20,494,0,1,1
20,495,0,1,1
20,496,1,1,1
20,497,2,1,1
20,498,0,1,-1
20,499,1,1,1
20,500,4,1,1
20,501,3,1,-1
20,502,0,1,1
20,503,0,1,-1
20,504,0,1,-1
20,505,2,1,-1
20,506,0,1,1
20,507,0,1,-1
20,508,4,1,-1
20,509,1,1,1
20,510,0,1,1
20,511,1,1,-1
20,512,2,1,1
20,513,2,1,-1
20,514,2,1,-1
20,515,7,1,-1
20,516,1,1,-1
20,517,0,1,1
20,518,2,1,-1
20,519,0,1,1
20,520,2,1,-1
20,521,1,1,-1
20,522,1,1,-1
20,523,2,1,1
20,524,0,1,-1
20,525,0,1,-1
20,526,0,1,-1
20,527,3,1,1
20,528,0,1,-1
20,529,1,1,-1
20,530,2,1,-1
20,531,0,1,-1
20,532,0,1,-1
20,533,2,1,1
20,534,1,1,1
20,535,0,1,-1
20,536,0,1,-1
20,537,0,1,-1
20,538,1,1,1
20,539,0,1,-1
20,540,2,1,-1
20,541,1,1,-1
20,542,0,1,-1
20,543,0,1,1
20,544,0,1,-1
20,545,0,1,-1
20,546,1,1,1
20,547,0,1,-1
20,548,2,1,-1
20,549,0,1,1
20,550,2,1,1
20,551,0,1,1
20,552,0,1,-1
20,553,0,1,1
20,554,0,1,-1
20,555,0,1,-1
20,556,1,1,1
20,557,0,1,1
20,558,0,1,1
20,559,0,1,1
20,560,3,1,-1
20,561,0,1,1
20,562,2,1,1
20,563,2,1,1
20,564,1,1,-1
20,565,2,1,1
20,566,4,1,1
20,567,3,1,1
20,568,0,1,-1
20,569,1,1,-1
20,570,0,1,-1
20,571,0,1,-1
20,572,0,1,-1
20,573,0,1,-1
20,574,0,1,1
20,575,2,1,1
20,576,0,1,-1
20,577,1,1,-1
20,578,2,1,-1
20,579,4,1,-1
20,580,1,1,1
20,581,4,1,1
20,582,0,1,-1
20,583,2,1,1
20,584,1,1,-1
20,585,0,1,1
20,586,4,1,-1
20,587,0,1,1
20,588,1,1,1
20,589,2,1,-1
20,590,0,1,1
20,591,0,1,1
20,592,1,1,-1
20,593,0,1,-1
20,594,3,1,-1
20,595,0,1,1
20,596,0,1,-1
20,597,1,1,1
20,598,3,1,1
20,599,0,1,1
20,600,1,1,-1
20,601,0,1,-1
20,602,1,1,-1
20,603,0,1,-1
20,604,0,1,-1
20,605,1,1,1
20,606,1,1,1
20,607,1,1,1
20,608,0,1,1
20,609,0,1,-1
20,610,0,1,1
20,611,1,1,-1
20,612,0,1,-1
20,613,0,1,1
20,614,0,1,-1
20,615,1,1,-1
20,616,2,1,-1
20,617,3,1,-1
20,618,3,1,-1
20,619,0,1,1
20,620,3,1,-1
20,621,0,1,1
20,622,0,1,-1
20,623,3,1,-1
20,624,0,1,1
20,625,0,1,1
20,626,3,1,1
20,627,1,1,1
20,628,2,1,1
20,629,1,1,1
20,630,1,1,1
20,631,1,1,-1
20,632,2,1,-1
20,633,0,1,1
20,634,4,1,1
20,635,4,1,1
20,636,0,1,1
20,637,0,1,1
20,638,3,1,-1
20,639,4,1,-1
20,640,4,1,1
20,641,0,1,-1
20,642,0,1,-1
20,643,0,1,-1
20,644,1,1,1
20,645,0,1,1
20,646,1,1,-1
20,647,5,1,1
20,648,1,1,-1
20,649,0,1,-1
20,650,0,1,-1
20,651,5,1,-1
20,652,2,1,-1
20,653,0,1,1
20,654,3,1,-1
20,655,1,1,-1
20,656,0,1,-1
20,657,0,1,1
20,658,2,1,-1
20,659,0,1,1
20,660,1,1,1
20,661,0,1,1
20,662,0,1,-1
20,663,1,1,-1
20,664,2,1,-1
20,665,0,1,1
20,666,2,1,1
20,667,0,1,-1
20,668,0,1,1
20,669,0,1,1
20,670,1,1,1
20,671,0,1,1
20,672,0,1,-1
20,673,3,1,1
20,674,0,1,1
20,675,0,1,1
20,676,0,1,1
20,677,0,1,1
20,678,2,1,-1
20,679,0,1,1
20,680,3,1,1
20,681,0,1,1
20,682,2,1,-1
20,683,0,1,-1
20,684,0,1,1
20,685,1,1,-1
20,686,0,1,1
20,687,1,1,1
20,688,0,1,-1
20,689,1,1,-1
20,690,0,1,1
20,691,0,1,1
20,692,0,1,1
20,693,0,1,-1
20,694,0,1,1
20,695,0,1,-1
20,696,0,1,1
20,697,0,1,-1
20,698,0,1,1
20,699,1,1,-1
20,700,2,1,1
20,701,3,1,-1
20,702,0,1,-1
20,703,0,1,-1
20,704,0,1,1
20,705,1,1,-1
20,706,1,1,1
20,707,0,1,-1
20,708,3,1,1
20,709,0,1,1
20,710,0,1,1
20,711,0,1,-1
20,712,0,1,1
20,713,1,1,-1
20,714,1,1,-1
20,715,0,1,1
20,716,1,1,-1
20,717,1,1,-1
20,718,1,1,-1
20,719,0,1,-1
20,720,0,1,-1
20,721,3,1,-1
20,722,2,1,1
20,723,0,1,-1
20,724,0,1,-1
20,725,0,1,1
20,726,0,1,1
20,727,0,1,-1
20,728,0,1,-1
20,729,2,1,1
20,730,1,1,1
20,731,1,1,-1
20,732,1,1,-1
20,733,2,1,1
20,734,0,1,-1
20,735,0,1,1
20,736,0,1,-1
20,737,2,1,1
20,738,0,1,-1
20,739,0,1,-1
20,740,0,1,1
20,741,1,1,1
20,742,0,1,-1
20,743,0,1,1
20,744,1,1,1
20,745,0,1,1
20,746,2,1,-1
20,747,0,1,1
20,748,7,1,1
20,749,1,1,-1
20,750,0,1,1
20,751,4,1,-1
20,752,5,1,1
20,753,2,1,1
20,754,0,1,-1
20,755,1,1,-1
20,756,5,1,1
20,757,2,1,-1
20,758,0,1,-1
20,759,0,1,1
20,760,0,1,1
20,761,0,1,-1
20,762,1,1,1
20,763,0,1,-1
20,764,0,1,-1
20,765,2,1,-1
20,766,0,1,1
20,767,0,1,-1
20,768,2,1,-1
20,769,2,1,1
20,770,0,1,1
20,771,0,1,1
20,772,3,1,1
20,773,0,1,1
20,774,3,1,-1
20,775,2,1,1
20,776,0,1,-1
20,777,5,1,-1
20,778,3,1,-1
20,779,0,1,-1
20,780,0,1,-1
20,781,0,1,1
20,782,3,1,1
20,783,4,1,-1
20,784,4,1,-1
20,785,0,1,1
20,786,0,1,1
20,787,0,1,-1
20,788,0,1,1
20,789,1,1,1
20,790,1,1,1
20,791,1,1,-1
20,792,1,1,1
20,793,2,1,-1
20,794,2,1,1
20,795,0,1,-1
20,796,3,1,1
20,797,3,1,1
20,798,3,1,-1
20,799,0,1,1
20,800,0,1,1
20,801,0,1,-1
20,802,1,1,1
20,803,0,1,1
20,804,1,1,-1
20,805,0,1,-1
20,806,0,1,-1
20,807,1,1,-1
20,808,2,1,-1
20,809,1,1,1
20,810,1,1,-1
20,811,0,1,1
20,812,0,1,1
20,813,5,1,-1
20,814,1,1,1
20,815,1,1,1
20,816,0,1,-1
20,817,3,1,-1
20,818,0,1,-1
20,819,2,1,-1
20,820,1,1,-1
20,821,0,1,-1
20,822,0,1,1
20,823,0,1,1
20,824,2,1,-1
20,825,0,1,1
20,826,0,1,1
20,827,1,1,1
20,828,5,1,1
20,829,3,1,1
20,830,0,1,-1
20,831,0,1,1
20,832,0,1,1
20,833,1,1,1
20,834,0,1,1
20,835,0,1,1
20,836,3,1,-1
20,837,6,1,1
20,838,0,1,1
20,839,2,1,1
20,840,1,1,1
20,841,0,1,1
20,842,1,1,1
20,843,0,1,1
20,844,1,1,-1
20,845,3,1,-1
20,846,4,1,1
20,847,3,1,-1
20,848,3,1,-1
20,849,1,1,-1
20,850,0,1,-1
20,851,0,1,1
20,852,0,1,-1
20,853,1,1,-1
20,854,2,1,1
20,855,1,1,-1
20,856,2,1,1
20,857,0,1,-1
20,858,2,1,-1
20,859,0,1,-1
20,860,1,1,-1
20,861,7,1,-1
20,862,1,1,1
20,863,0,1,1
20,864,2,1,1
20,865,0,1,-1
20,866,1,1,-1
20,867,0,1,1
20,868,5,1,1
20,869,0,1,1
20,870,1,1,-1
20,871,0,1,1
20,872,0,1,-1
20,873,0,1,-1
20,874,2,1,-1
20,875,5,1,1
20,876,0,1,-1
20,877,1,1,-1
20,878,1,1,-1
20,879,3,1,-1
20,880,0,1,-1
20,881,0,1,-1
20,882,0,1,-1
20,883,0,1,1
20,884,3,1,-1
20,885,0,1,-1
20,886,0,1,1
20,887,0,1,-1
20,888,1,1,-1
20,889,6,1,1
20,890,0,1,-1
20,891,0,1,-1
20,892,0,1,1
20,893,1,1,-1
20,894,1,1,-1
20,895,0,1,-1
20,896,2,1,1
20,897,0,1,-1
20,898,2,1,-1
20,899,1,1,-1
20,900,1,1,1
20,901,0,1,-1
20,902,0,1,1
20,903,1,1,-1
20,904,0,1,-1
20,905,0,1,-1
20,906,4,1,1
20,907,6,1,1
20,908,1,1,1
20,909,3,1,-1
20,910,4,1,-1
20,911,0,1,1
20,912,0,1,1
20,913,0,1,-1
20,914,0,1,-1
20,915,2,1,-1
20,916,0,1,-1
20,917,2,1,-1
20,918,0,1,1
20,919,1,1,1
20,920,0,1,1
20,921,0,1,1
20,922,0,1,1
20,923,0,1,1
20,924,1,1,-1
20,925,0,1,-1
20,926,0,1,-1
20,927,0,1,1
20,928,0,1,-1
20,929,0,1,1
20,930,0,1,-1
20,931,2,1,1
20,932,1,1,-1
20,933,0,1,-1
20,934,2,1,1
20,935,3,1,1
20,936,0,1,-1
20,937,0,1,-1
20,938,1,1,-1
20,939,1,1,-1
20,940,1,1,-1
20,941,1,1,-1
20,942,0,1,-1
20,943,1,1,1
20,944,1,1,1
20,945,0,1,1
20,946,0,1,-1
20,947,1,1,1
20,948,0,1,1
20,949,1,1,1
20,950,5,1,1
20,951,1,1,-1
20,952,0,1,1
20,953,0,1,-1
20,954,1,1,1
20,955,3,1,-1
20,956,0,1,1
20,957,0,1,-1
20,958,4,1,-1
20,959,1,1,1
20,960,4,1,1
20,961,3,1,-1
20,962,0,1,1
20,963,0,1,-1
20,964,0,1,-1
20,965,0,1,1
20,966,1,1,-1
20,967,1,1,1
20,968,0,1,-1
20,969,0,1,1
20,970,4,1,-1
20,971,7,1,1
20,972,1,1,1
20,973,0,1,1
20,974,0,1,1
20,975,0,1,-1
20,976,1,1,1
20,977,2,1,1
20,978,0,1,-1
20,979,1,1,-1
20,980,0,1,-1
20,981,5,1,-1
20,982,0,1,-1
20,983,0,1,1
20,984,0,1,-1
20,985,1,1,1
20,986,2,1,1
20,987,1,1,1
20,988,1,1,-1
20,989,0,1,1
20,990,0,1,-1
20,991,2,1,1
20,992,0,1,-1
20,993,1,1,-1
20,994,0,1,1
20,995,0,1,-1
20,996,1,1,-1
20,997,0,1,1
20,998,1,1,-1
20,999,0,1,1
20,1000,1,1,-1
20,1001,1,1,-1
20,1002,0,1,1
20,1003,3,1,-1
20,1004,0,1,1
20,1005,0,1,1
20,1006,0,1,1
20,1007,0,1,1
20,1008,2,1,1
20,1009,0,1,-1
20,1010,1,1,1
20,1011,1,1,1
20,1012,1,1,1
20,1013,1,1,1
20,1014,0,1,1
20,1015,0,1,1
20,1016,3,1,1
20,1017,0,1,1
20,1018,2,1,-1
20,1019,0,1,1
20,1020,0,1,-1
20,1021,1,1,-1
20,1022,0,1,-1
20,1023,0,1,-1
20,1024,0,1,1
20,1025,2,1,1
20,1026,1,1,1
20,1027,2,1,-1
20,1028,0,1,-1
20,1029,2,1,1
20,1030,3,1,-1
20,1031,0,1,1
20,1032,0,1,-1
20,1033,4,1,-1
20,1034,5,1,-1
20,1035,2,1,1
20,1036,1,1,1
20,1037,0,1,1
20,1038,1,1,-1
20,1039,0,1,1
20,1040,1,1,1
20,1041,0,1,1
20,1042,1,1,-1
20,1043,1,1,-1
20,1044,0,1,-1
20,1045,0,1,-1
20,1046,3,1,-1
20,1047,0,1,-1
20,1048,1,1,1
20,1049,0,1,-1
20,1050,0,1,1
20,1051,1,1,1
20,1052,0,1,-1
20,1053,0,1,-1
20,1054,0,1,1
20,1055,0,1,1
20,1056,0,1,1
20,1057,1,1,-1
20,1058,4,1,-1
20,1059,0,1,1
20,1060,0,1,1
20,1061,0,1,1
20,1062,0,1,-1
20,1063,2,1,-1
20,1064,2,1,-1
20,1065,0,1,1
20,1066,0,1,-1
20,1067,0,1,-1
20,1068,0,1,-1
20,1069,0,1,1
20,1070,1,1,1
20,1071,0,1,1
20,1072,1,1,-1
20,1073,5,1,-1
20,1074,2,1,1
20,1075,5,1,-1
20,1076,0,1,-1
20,1077,0,1,1
20,1078,1,1,-1
20,1079,1,1,1
20,1080,3,1,-1
20,1081,0,1,1
20,1082,0,1,1
20,1083,1,1,-1
20,1084,0,1,1
20,1085,0,1,-1
20,1086,1,1,1
20,1087,4,1,1
20,1088,0,1,1
20,1089,1,1,-1
20,1090,2,1,1
20,1091,2,1,1
20,1092,0,1,1
20,1093,0,1,1
20,1094,0,1,1
20,1095,2,1,-1
20,1096,0,1,-1
20,1097,0,1,-1
20,1098,0,1,-1
20,1099,3,1,-1
20,1100,0,1,-1
20,1101,1,1,1
20,1102,0,1,1
20,1103,1,1,-1
20,1104,2,1,1
20,1105,1,1,1
20,1106,0,1,1
20,1107,3,1,1
20,1108,0,1,-1
20,1109,3,1,1
20,1110,2,1,1
20,1111,0,1,1
20,1112,2,1,1
20,1113,0,1,1
20,1114,15,1,1
20,1115,0,1,-1
20,1116,0,1,-1
20,1117,0,1,1
20,1118,0,1,1
20,1119,0,1,-1
20,1120,2,1,-1
20,1121,0,1,-1
20,1122,1,1,1
20,1123,0,1,1
20,1124,3,1,1
20,1125,0,1,1
20,1126,0,1,1
20,1127,3,1,1
20,1128,0,1,1
20,1129,3,1,1
20,1130,0,1,1
20,1131,0,1,1
20,1132,2,1,-1
20,1133,0,1,1
20,1134,0,1,-1
20,1135,0,1,-1
20,1136,1,1,1
20,1137,2,1,-1
20,1138,2,1,1
20,1139,0,1,-1
20,1140,0,1,1
20,1141,0,1,-1
20,1142,1,1,1
20,1143,0,1,1
20,1144,2,1,1
20,1145,0,1,1
20,1146,0,1,-1
20,1147,0,1,1
20,1148,3,1,1
20,1149,0,1,1
20,1150,2,1,1
20,1151,1,1,1
20,1152,2,1,1
20,1153,3,1,1
20,1154,0,1,1
20,1155,1,1,-1
20,1156,4,1,-1
20,1157,1,1,1
20,1158,1,1,1
20,1159,1,1,1
20,1160,0,1,1
20,1161,6,1,-1
20,1162,0,1,1
20,1163,1,1,-1
20,1164,1,1,-1
20,1165,1,1,1
20,1166,0,1,1
20,1167,2,1,-1
20,1168,0,1,1
20,1169,2,1,-1
20,1170,0,1,1
20,1171,0,1,-1
20,1172,2,1,1
20,1173,0,1,1
20,1174,1,1,-1
20,1175,1,1,1
20,1176,1,1,1
20,1177,5,1,1
20,1178,0,1,-1
20,1179,1,1,1
20,1180,1,1,1
20,1181,1,1,1
20,1182,4,1,-1
20,1183,4,1,1
20,1184,0,1,-1
20,1185,1,1,-1
20,1186,1,1,1
20,1187,0,1,-1
20,1188,1,1,-1
20,1189,0,1,-1
20,1190,0,1,-1
20,1191,0,1,-1
20,1192,1,1,1
20,1193,0,1,1
20,1194,0,1,-1
20,1195,0,1,1
20,1196,0,1,1
20,1197,0,1,1
20,1198,1,1,1
20,1199,1,1,1
20,1200,0,1,-1
20,1201,1,1,1
20,1202,0,1,-1
20,1203,0,1,1
20,1204,1,1,1
20,1205,11,1,1
20,1206,0,1,-1
20,1207,0,1,1
20,1208,0,1,-1
20,1209,0,1,-1
20,1210,0,1,-1
20,1211,4,1,-1
20,1212,1,1,1
20,1213,3,1,1
20,1214,0,1,1
20,1215,0,1,1
20,1216,2,1,1
20,1217,2,1,1
20,1218,4,1,1
20,1219,0,1,1
20,1220,1,1,1
20,1221,0,1,1
20,1222,2,1,-1
20,1223,0,1,1
20,1224,0,1,1
20,1225,0,1,1
20,1226,1,1,-1
20,1227,0,1,1
20,1228,2,1,-1
20,1229,0,1,-1
20,1230,0,1,1
20,1231,0,1,-1
20,1232,0,1,1
20,1233,2,1,-1
20,1234,0,1,-1
20,1235,1,1,-1
20,1236,1,1,1
20,1237,0,1,-1
20,1238,0,1,-1
20,1239,0,1,-1
20,1240,1,1,-1
20,1241,3,1,-1
20,1242,2,1,-1
20,1243,0,1,-1
20,1244,3,1,-1
20,1245,1,1,-1
20,1246,0,1,1
20,1247,3,1,1
20,1248,3,1,1
20,1249,1,1,-1
20,1250,1,1,1
20,1251,0,1,1
20,1252,1,1,-1
20,1253,3,1,1
20,1254,0,1,1
20,1255,0,1,1
20,1256,0,1,-1
20,1257,0,1,-1
20,1258,1,1,1
20,1259,1,1,1
20,1260,0,1,-1
20,1261,2,1,-1
20,1262,0,1,1
20,1263,1,1,1
20,1264,1,1,1
20,1265,7,1,-1
20,1266,2,1,-1
20,1267,0,1,1
20,1268,0,1,1
20,1269,0,1,-1
20,1270,0,1,1
20,1271,0,1,1
20,1272,1,1,1
20,1273,0,1,-1
20,1274,1,1,-1
20,1275,0,1,-1
20,1276,0,1,1
20,1277,1,1,1
20,1278,0,1,1
20,1279,0,1,1
20,1280,1,1,1
20,1281,0,1,1
20,1282,1,1,1
20,1283,0,1,1
20,1284,1,1,1
20,1285,0,1,1
20,1286,2,1,-1
20,1287,5,1,-1
20,1288,1,1,-1
20,1289,0,1,1
20,1290,1,1,1
20,1291,0,1,-1
20,1292,4,1,-1
20,1293,0,1,-1
20,1294,0,1,1
20,1295,1,1,-1
20,1296,0,1,-1
20,1297,1,1,-1
20,1298,1,1,1
20,1299,0,1,1
20,1300,0,1,-1
20,1301,0,1,1
20,1302,3,1,-1
20,1303,0,1,-1
20,1304,0,1,-1
20,1305,2,1,-1
20,1306,1,1,1
20,1307,1,1,-1
20,1308,2,1,1
20,1309,1,1,-1
20,1310,0,1,1
20,1311,2,1,1
20,1312,3,1,-1
20,1313,1,1,1
20,1314,1,1,-1
20,1315,0,1,-1
20,1316,1,1,1
20,1317,3,1,-1
20,1318,0,1,1
20,1319,2,1,-1
20,1320,0,1,-1
20,1321,0,1,1
20,1322,2,1,-1
20,1323,0,1,1
20,1324,1,1,-1
20,1325,0,1,-1
20,1326,0,1,-1
20,1327,3,1,-1
20,1328,0,1,-1
20,1329,0,1,1
20,1330,2,1,1
20,1331,1,1,-1
20,1332,0,1,-1
20,1333,0,1,-1
20,1334,0,1,1
20,1335,0,1,-1
20,1336,1,1,-1
20,1337,1,1,-1
20,1338,2,1,-1
20,1339,0,1,1
20,1340,0,1,-1
20,1341,2,1,1
20,1342,0,1,-1
20,1343,1,1,1
20,1344,1,1,-1
20,1345,0,1,1
20,1346,0,1,-1
20,1347,2,1,-1
20,1348,0,1,-1
20,1349,0,1,1
20,1350,1,1,1
20,1351,1,1,1
20,1352,0,1,1
20,1353,1,1,-1
20,1354,0,1,-1
20,1355,1,1,-1
20,1356,0,1,-1
20,1357,0,1,-1
20,1358,4,1,1
20,1359,3,1,-1
20,1360,0,1,1
20,1361,0,1,-1
20,1362,0,1,-1
20,1363,0,1,1
20,1364,0,1,1
20,1365,0,1,1
20,1366,1,1,-1
20,1367,1,1,-1
20,1368,2,1,1
20,1369,0,1,1
20,1370,0,1,-1
20,1371,0,1,-1
20,1372,3,1,1
20,1373,0,1,-1
20,1374,2,1,-1
20,1375,2,1,-1
20,1376,1,1,-1
20,1377,0,1,-1
20,1378,0,1,-1
20,1379,0,1,-1
20,1380,4,1,1
20,1381,2,1,-1
20,1382,4,1,1
20,1383,0,1,-1
20,1384,0,1,1
20,1385,2,1,1
20,1386,1,1,1
20,1387,1,1,-1
20,1388,0,1,1
20,1389,0,1,-1
20,1390,2,1,-1
20,1391,0,1,1
20,1392,0,1,-1
20,1393,0,1,1
20,1394,1,1,1
20,1395,1,1,1
20,1396,0,1,1
20,1397,2,1,-1
20,1398,0,1,1
20,1399,5,1,-1
20,1400,1,1,-1
20,1401,0,1,1
20,1402,1,1,1
20,1403,0,1,-1
20,1404,0,1,-1
20,1405,3,1,1
20,1406,0,1,-1
20,1407,0,1,-1
20,1408,1,1,-1
20,1409,0,1,1
20,1410,1,1,1
20,1411,0,1,-1
20,1412,0,1,-1
20,1413,0,1,-1
20,1414,2,1,-1
20,1415,1,1,1
20,1416,3,1,-1
20,1417,0,1,1
20,1418,0,1,1
20,1419,1,1,1
20,1420,1,1,1
20,1421,3,1,-1
20,1422,1,1,-1
20,1423,2,1,-1
20,1424,0,1,1
20,1425,2,1,1
20,1426,1,1,-1
20,1427,1,1,-1
20,1428,0,1,1
20,1429,0,1,-1
20,1430,0,1,-1
20,1431,0,1,1
20,1432,5,1,1
20,1433,3,1,1
20,1434,0,1,-1
20,1435,0,1,1
20,1436,0,1,1
20,1437,0,1,-1
20,1438,0,1,-1
20,1439,1,1,-1
20,1440,3,1,1
20,1441,0,1,-1
20,1442,1,1,-1
20,1443,2,1,-1
20,1444,0,1,-1
20,1445,4,1,1
20,1446,1,1,-1
20,1447,0,1,-1
20,1448,0,1,-1
20,1449,1,1,1
20,1450,2,1,-1
20,1451,0,1,-1
20,1452,0,1,-1
20,1453,1,1,1
20,1454,1,1,1
20,1455,0,1,-1
20,1456,3,1,1
20,1457,0,1,1
20,1458,0,1,-1
20,1459,0,1,-1
20,1460,0,1,-1
20,1461,1,1,1
20,1462,1,1,1
20,1463,0,1,-1
20,1464,0,1,1
20,1465,0,1,1
20,1466,0,1,1
20,1467,0,1,1
20,1468,1,1,1
20,1469,3,1,-1
20,1470,0,1,1
20,1471,0,1,-1
20,1472,2,1,-1
20,1473,3,1,-1
20,1474,1,1,1
20,1475,1,1,1
20,1476,1,1,-1
20,1477,6,1,-1
20,1478,7,1,1
20,1479,1,1,-1
20,1480,0,1,-1
20,1481,0,1,1
20,1482,0,1,1
20,1483,2,1,-1
20,1484,2,1,1
20,1485,2,1,-1
20,1486,1,1,1
20,1487,1,1,1
20,1488,0,1,-1
20,1489,2,1,1
20,1490,1,1,-1
20,1491,2,1,1
20,1492,1,1,-1
20,1493,2,1,-1
20,1494,12,1,-1
20,1495,0,1,1
20,1496,2,1,-1
20,1497,0,1,-1
20,1498,0,1,-1
20,1499,4,1,1
20,1500,0,1,-1
20,1501,2,1,1
20,1502,3,1,-1
20,1503,1,1,1
20,1504,0,1,1
20,1505,0,1,-1
20,1506,2,1,1
20,1507,0,1,1
20,1508,0,1,1
20,1509,3,1,1
20,1510,1,1,1
20,1511,0,1,-1
20,1512,0,1,-1
20,1513,1,1,1
20,1514,0,1,-1
20,1515,1,1,1
20,1516,0,1,1
20,1517,2,1,-1
20,1518,1,1,-1
20,1519,4,1,1
20,1520,1,1,1
20,1521,0,1,-1
20,1522,2,1,-1
20,1523,0,1,1
20,1524,6,1,-1
20,1525,0,1,1
20,1526,0,1,1
20,1527,0,1,-1
20,1528,0,1,1
20,1529,0,1,1
20,1530,0,1,-1
20,1531,1,1,-1
20,1532,0,1,-1
20,1533,3,1,-1
20,1534,3,1,-1
20,1535,0,1,-1
20,1536,1,1,1
20,1537,0,1,-1
20,1538,2,1,-1
20,1539,7,1,1
20,1540,0,1,1
20,1541,2,1,1
20,1542,0,1,1
20,1543,0,1,1
20,1544,0,1,1
20,1545,2,1,1
20,1546,1,1,1
20,1547,4,1,-1
20,1548,0,1,1
20,1549,1,1,1
20,1550,0,1,1
20,1551,1,1,1
20,1552,3,1,1
20,1553,3,1,-1
20,1554,0,1,-1
20,1555,0,1,-1
20,1556,1,1,-1
20,1557,1,1,-1
20,1558,1,1,-1
20,1559,3,1,-1
20,1560,0,1,1
20,1561,0,1,1
20,1562,0,1,1
20,1563,1,1,1
20,1564,2,1,-1
20,1565,0,1,-1
20,1566,1,1,1
20,1567,0,1,1
20,1568,0,1,1
20,1569,1,1,-1
20,1570,3,1,-1
20,1571,1,1,-1
20,1572,0,1,-1
20,1573,1,1,1
20,1574,1,1,1
20,1575,0,1,-1
20,1576,0,1,-1
20,1577,1,1,-1
20,1578,1,1,-1
20,1579,1,1,-1
20,1580,2,1,-1
20,1581,0,1,1
20,1582,1,1,1
20,1583,0,1,1
20,1584,1,1,1
20,1585,0,1,-1
20,1586,1,1,-1
20,1587,0,1,1
20,1588,0,1,1
20,1589,1,1,-1
20,1590,0,1,1
20,1591,0,1,1
20,1592,1,1,1
20,1593,0,1,-1
20,1594,3,1,-1
20,1595,0,1,1
20,1596,7,1,1
20,1597,2,1,1
20,1598,1,1,-1
20,1599,4,1,-1
20,1600,0,1,1
20,1601,0,1,1
20,1602,0,1,-1
20,1603,0,1,-1
20,1604,0,1,1
20,1605,0,1,-1
20,1606,2,1,-1
20,1607,0,1,1
20,1608,0,1,1
20,1609,0,1,1
20,1610,0,1,-1
20,1611,1,1,-1
20,1612,0,1,-1
20,1613,0,1,-1
20,1614,2,1,1
20,1615,0,1,-1
20,1616,0,1,1
20,1617,0,1,-1
20,1618,0,1,-1
20,1619,1,1,-1
20,1620,1,1,-1
20,1621,2,1,1
20,1622,1,1,-1
20,1623,1,1,1
20,1624,0,1,-1
20,1625,1,1,-1
20,1626,0,1,1
20,1627,0,1,-1
20,1628,4,1,1
20,1629,1,1,-1
20,1630,0,1,1
20,1631,2,1,1
20,1632,0,1,-1
20,1633,0,1,-1
20,1634,1,1,1
20,1635,0,1,1
20,1636,1,1,-1
20,1637,0,1,1
20,1638,0,1,-1
20,1639,1,1,-1
20,1640,1,1,1
20,1641,0,1,-1
20,1642,0,1,-1
20,1643,1,1,1
20,1644,2,1,-1
20,1645,0,1,-1
20,1646,6,1,-1
20,1647,2,1,1
20,1648,1,1,1
20,1649,0,1,-1
20,1650,3,1,1
20,1651,3,1,1
20,1652,4,1,1
20,1653,0,1,-1
20,1654,1,1,1
20,1655,1,1,1
20,1656,0,1,1
20,1657,3,1,-1
20,1658,0,1,-1
20,1659,2,1,1
20,1660,1,1,-1
20,1661,0,1,1
20,1662,0,1,1
20,1663,3,1,1
20,1664,1,1,-1
20,1665,1,1,-1
20,1666,1,1,1
20,1667,1,1,1
20,1668,1,1,-1
20,1669,3,1,-1
20,1670,5,1,1
20,1671,1,1,1
20,1672,2,1,1
20,1673,0,1,-1
20,1674,1,1,1
20,1675,1,1,1
20,1676,0,1,-1
20,1677,4,1,1
20,1678,0,1,1
20,1679,0,1,1
20,1680,1,1,1
20,1681,1,1,-1
20,1682,3,1,1
20,1683,3,1,1
20,1684,0,1,-1
20,1685,0,1,-1
20,1686,1,1,1
20,1687,1,1,-1
20,1688,1,1,-1
20,1689,1,1,1
20,1690,0,1,-1
20,1691,1,1,1
20,1692,0,1,1
20,1693,0,1,-1
20,1694,0,1,-1
20,1695,2,1,1
20,1696,0,1,-1
20,1697,0,1,1
20,1698,2,1,1
20,1699,0,1,1
20,1700,1,1,-1
20,1701,0,1,-1
20,1702,0,1,1
20,1703,1,1,1
20,1704,2,1,1
20,1705,1,1,1
20,1706,1,1,1
20,1707,1,1,-1
20,1708,0,1,1
20,1709,5,1,-1
20,1710,1,1,1
20,1711,1,1,-1
20,1712,0,1,-1
20,1713,0,1,-1
20,1714,0,1,-1
20,1715,1,1,-1
20,1716,0,1,1
20,1717,10,1,1
20,1718,2,1,1
20,1719,0,1,1
20,1720,0,1,1
20,1721,1,1,1
20,1722,3,1,-1
20,1723,1,1,1
20,1724,0,1,-1
20,1725,1,1,1
20,1726,0,1,-1
20,1727,1,1,-1
20,1728,1,1,1
20,1729,1,1,1
20,1730,2,1,-1
20,1731,5,1,1
20,1732,0,1,-1
20,1733,3,1,-1
20,1734,3,1,1
20,1735,0,1,1
20,1736,5,1,1
20,1737,2,1,-1
20,1738,0,1,-1
20,1739,0,1,1
20,1740,2,1,1
20,1741,0,1,-1
20,1742,0,1,1
20,1743,0,1,-1
20,1744,0,1,-1
20,1745,0,1,-1
20,1746,1,1,-1
20,1747,0,1,-1
20,1748,0,1,1
20,1749,0,1,1
20,1750,2,1,-1
20,1751,0,1,-1
20,1752,0,1,1
20,1753,0,1,1
20,1754,1,1,1
20,1755,3,1,-1
20,1756,0,1,-1
20,1757,2,1,-1
20,1758,3,1,1
20,1759,2,1,-1
20,1760,0,1,-1
20,1761,0,1,-1
20,1762,3,1,1
20,1763,2,1,-1
20,1764,2,1,-1
20,1765,1,1,1
20,1766,1,1,-1
20,1767,0,1,1
20,1768,0,1,-1
20,1769,1,1,1
20,1770,0,1,-1
20,1771,3,1,1
20,1772,2,1,-1
20,1773,0,1,-1
20,1774,1,1,-1
20,1775,1,1,1
20,1776,1,1,1
20,1777,1,1,-1
20,1778,0,1,-1
20,1779,0,1,1
20,1780,3,1,1
20,1781,0,1,-1
20,1782,0,1,1
20,1783,4,1,1
20,1784,1,1,1
20,1785,0,1,1
20,1786,0,1,-1
20,1787,0,1,1
20,1788,0,1,-1
20,1789,0,1,1
20,1790,1,1,-1
20,1791,1,1,-1
20,1792,0,1,1
20,1793,2,1,-1
20,1794,0,1,1
20,1795,0,1,1
20,1796,0,1,1
20,1797,1,1,1
20,1798,0,1,-1
20,1799,1,1,1
20,1800,9,1,-1
20,1801,0,1,-1
20,1802,0,1,1
20,1803,0,1,1
20,1804,1,1,-1
20,1805,0,1,1
20,1806,0,1,1
20,1807,2,1,1
20,1808,1,1,-1
20,1809,3,1,-1
20,1810,2,1,-1
20,1811,0,1,-1
20,1812,3,1,-1
20,1813,0,1,-1
20,1814,2,1,1
20,1815,0,1,-1
20,1816,0,1,1
20,1817,0,1,1
20,1818,2,1,1
20,1819,0,1,-1
20,1820,0,1,-1
20,1821,0,1,1
20,1822,0,1,-1
20,1823,2,1,-1
20,1824,3,1,-1
20,1825,0,1,1
20,1826,3,1,1
20,1827,0,1,-1
20,1828,0,1,1
20,1829,0,1,1
20,1830,1,1,-1
20,1831,0,1,1
20,1832,1,1,-1
20,1833,0,1,-1
20,1834,1,1,1
20,1835,0,1,1
20,1836,0,1,1
20,1837,0,1,-1
20,1838,1,1,1
20,1839,0,1,1
20,1840,2,1,-1
20,1841,0,1,1
20,1842,3,1,-1
20,1843,1,1,-1
20,1844,0,1,1
20,1845,2,1,1
20,1846,0,1,-1
20,1847,0,1,1
20,1848,5,1,-1
20,1849,1,1,-1
20,1850,2,1,-1
20,1851,0,1,-1
20,1852,0,1,-1
20,1853,0,1,1
20,1854,0,1,1
20,1855,0,1,-1
20,1856,2,1,-1
20,1857,1,1,-1
20,1858,0,1,1
20,1859,1,1,-1
20,1860,0,1,1
20,1861,2,1,1
20,1862,1,1,1
20,1863,0,1,1
20,1864,3,1,-1
20,1865,3,1,1
20,1866,6,1,-1
20,1867,0,1,-1
20,1868,0,1,1
20,1869,0,1,1
20,1870,1,1,-1
20,1871,0,1,-1
20,1872,0,1,-1
20,1873,0,1,-1
20,1874,0,1,1
20,1875,3,1,-1
20,1876,0,1,-1
20,1877,0,1,-1
20,1878,3,1,-1
20,1879,2,1,1
20,1880,1,1,-1
20,1881,0,1,1
20,1882,0,1,1
20,1883,0,1,1
20,1884,1,1,1
20,1885,2,1,1
20,1886,3,1,1
20,1887,4,1,-1
20,1888,0,1,1
20,1889,1,1,1
20,1890,1,1,-1
20,1891,2,1,-1
20,1892,0,1,-1
20,1893,1,1,-1
20,1894,3,1,1
20,1895,3,1,-1
20,1896,2,1,-1
20,1897,0,1,1
20,1898,1,1,-1
20,1899,2,1,-1
20,1900,2,1,-1
20,1901,0,1,1
20,1902,0,1,-1
20,1903,4,1,-1
20,1904,2,1,1
20,1905,0,1,-1
20,1906,0,1,1
20,1907,0,1,1
20,1908,1,1,-1
20,1909,0,1,1
20,1910,2,1,1
20,1911,0,1,1
20,1912,2,1,1
20,1913,0,1,-1
20,1914,1,1,1
20,1915,1,1,1
20,1916,1,1,1
20,1917,0,1,-1
20,1918,0,1,1
20,1919,2,1,1
20,1920,0,1,1
20,1921,1,1,-1
20,1922,3,1,-1
20,1923,4,1,1
20,1924,0,1,1
20,1925,2,1,1
20,1926,0,1,-1
20,1927,2,1,1
20,1928,1,1,-1
20,1929,4,1,1
20,1930,3,1,-1
20,1931,0,1,1
20,1932,0,1,-1
20,1933,0,1,-1
20,1934,0,1,-1
20,1935,2,1,1
20,1936,0,1,-1
20,1937,0,1,-1
20,1938,1,1,1
20,1939,0,1,-1
20,1940,0,1,1
20,1941,0,1,-1
20,1942,1,1,-1
20,1943,0,1,1
20,1944,1,1,1
20,1945,2,1,1
20,1946,1,1,-1
20,1947,2,1,-1
20,1948,1,1,1
20,1949,0,1,-1
20,1950,0,1,1
20,1951,2,1,1
20,1952,2,1,1
20,1953,1,1,1
20,1954,0,1,1
20,1955,3,1,-1
20,1956,0,1,-1
20,1957,0,1,-1
20,1958,2,1,1
20,1959,2,1,1
20,1960,0,1,1
20,1961,0,1,-1
20,1962,0,1,1
20,1963,5,1,1
20,1964,3,1,1
20,1965,0,1,-1
20,1966,0,1,1
20,1967,1,1,1
20,1968,1,1,1
20,1969,1,1,-1
20,1970,1,1,-1
20,1971,1,1,-1
20,1972,0,1,1
20,1973,1,1,-1
20,1974,0,1,1
20,1975,0,1,-1
20,1976,0,1,-1
20,1977,1,1,-1
20,1978,4,1,-1
20,1979,5,1,-1
20,1980,0,1,1
20,1981,1,1,1
20,1982,1,1,-1
20,1983,1,1,-1
20,1984,0,1,1
20,1985,0,1,1
20,1986,3,1,1
20,1987,2,1,-1
20,1988,0,1,1
20,1989,1,1,1
20,1990,0,1,1
20,1991,3,1,-1
20,1992,1,1,1
20,1993,0,1,1
20,1994,2,1,1
20,1995,1,1,1
20,1996,1,1,-1
20,1997,2,1,-1
20,1998,0,1,1
20,1999,0,1,-1
