id,x0,x1,x2,x3,x4,x5,x6,x7,x8,x9,x10,x11,x12,x13,x14,x15,y
S000,-1.134988581545443,0.83457804714269057,1.2930683015789404,0.93196807785019009,1.4983156381991904,-0.2445264323164057,-1.4085062906584518,-0.1439394081658352,0.41151711505152899,0.41580337693948177,-0.778944887226801,-2.0280357814411296,2.1281008139583339,-0.14043395909298514,0.55431784654176386,-0.67302278479711752,-0.72632011865975254
S001,-0.8158525212535731,0.69195205305133378,1.0790179470248431,-0.89148752170531198,-0.58497049016570579,-0.93442823255238117,-1.0813070453248208,-0.92945893954844483,-0.23368589806483978,-1.7194971480156092,2.1885733722729741,-1.4163436339625686,-0.49525797699395147,1.5492341248061232,-0.42907278524891829,0.046283800314320687,-0.50184398029928312
S002,0.65394926441700463,1.8713136046974781,-0.91708264327458056,1.7822324084760777,-1.1555788041318695,1.6072362262662314,1.1120891108843878,0.47566882263115912,-0.43381019003314003,1.5799936452759951,0.8775906992032726,1.2387577779738388,-1.4449518035780555,-0.11519745654814439,0.41848261826628935,0.64715519258350718,-0.59430513623875703
S003,-1.6378157118993106,-1.82419111695195,0.62953770502268658,-0.28274432573621938,0.25304052986657988,-1.3302953320335829,0.11787138354896366,-0.98411045134905151,-1.3702924042083422,-1.1487435737578882,0.24257569337769652,-1.6400433732946571,-1.9871338630537068,-0.98089695688069356,0.34929860267367674,0.66352527730822408,-0.076381635976226797
S004,0.68926345115971976,1.0176565956304584,-0.55227229792281363,-0.38351258258038734,1.6080971978621654,-0.39765958020553532,0.2787237763396086,-1.0524627859309021,0.3739937895436215,-1.250210760236611,-0.66205592153287107,-0.29899174519889332,-0.34875239945799846,0.39256012631031717,0.85033700257653644,0.91132941537792789,-0.15089148782417947
S005,0.012168416252376647,-0.78855086803935537,-0.11205349350913954,-0.42696036045203561,-0.95640490576245552,1.3042298058995789,-1.2671895609533961,0.56512503877682496,-0.70665541566687673,-1.8447867977075767,1.9944785428885192,-0.50131206258092342,-1.3617766524031714,1.9781815721683749,-0.40591191433689844,0.024653405684723528,0.28917565186523647
S006,1.5411581059650219,-1.2571034296327619,-1.1101129361950111,0.81873611088602805,0.35751001217567324,-1.1683752728988179,-1.5814945600057013,-1.5904469624749742,0.38255927774228021,1.2367714784896719,1.1566799351337167,0.38817391939700246,0.3213710433844213,-2.2957592534748086,-0.018001562456055061,-0.58056439544407523,1.1588115659278446
S007,1.4147777447720828,-0.28581858427853502,0.17765232804600689,0.31648569607008148,0.44954971922226494,0.29697396412478905,2.1435891607252762,1.4523147734682713,0.36924501056793968,-0.72708270663135732,1.8047746086482477,0.87797187438603164,0.049474522271810414,-0.63429947344374249,-1.0586605768146133,1.1483904840747183,1.0162098825556598
S008,1.1595822556732107,0.063332421751716841,0.084550209051894254,2.1700496517195056,0.59387955365271916,-0.36517359801120375,-0.66745451841034187,0.93883638817430592,0.83884872473068139,-1.0378187242519903,-2.5335944515871889,0.6783233495591624,0.66913311199983216,0.9259517871564692,0.87576434075130216,-1.8603902589692953,0.69575123685521323
S009,1.2056350338347959,-0.4296356854651957,1.7314403975396122,0.52514372095242845,-0.32836623507807311,-1.3416822863412945,-0.49479064484667901,0.32897124075069811,-0.2473740013711192,1.2796609571198931,-0.13363486592586415,0.3504435938015838,-0.78719661320558998,-0.77880258596208962,-0.59525755924187473,-1.0135532676499603,1.1913726344136817
S010,1.1179783393504577,1.7128350904223553,-0.5750809295970053,-0.2511187988202026,1.3626898630310549,0.3693588095601068,0.79910679052529765,-1.1512494496565846,2.0319562222300922,0.4448958176411138,0.31073289210897836,-0.24024450961308971,-0.14762297927683435,-0.16357863007596604,-0.19812006057725559,0.37026622606160065,-0.17751784387790662
S011,0.9508958371029852,-0.61617815718261115,-0.065083132968168853,1.0674656316777005,0.60498404314154308,2.9549442222663274,-0.87841972165707016,0.69482137158202362,-0.34546109742146747,-0.06234381714313663,-0.16086385873913264,-0.062759247536326265,0.79163587935691115,0.21498164074783616,1.2063253798162012,3.1563607531384643,0.79749760632828592
S012,1.1035394053270513,-0.044309263219759774,1.552698712718203,-2.9107973087505914,1.5181014566804891,1.6632858102282537,0.14421046591539274,0.40094335765831407,-0.20013680952539004,-0.90921712491419948,0.68626017217006652,0.52747049471997309,-0.46234671938760996,1.1490695014854098,-1.0019264675535857,1.1653862354637852,0.97979822127972627
S013,0.89232226261064107,0.701100857831644,0.67920980758573768,0.6417439150829749,-1.2484242324490027,-2.3522147787828045,0.065117149938452662,1.5627410109506901,0.21174673759826326,0.53739075053508989,0.42211117733955705,0.46967444330959024,0.38953501927450923,0.56193294652154413,-2.0939138896721086,0.21328552478513763,0.44340653314614831
S014,-1.401263107240154,1.2349533474458931,-1.5612717220088295,-0.62896152980088582,0.73251034265301462,-0.52440783612691533,0.50760435486264011,-1.110653186286445,2.7019780881730724,-0.060698328202263806,-1.4244963546329805,0.94429950209902114,-0.69929504327565162,-0.013403000789680821,-0.012755923088644729,0.3660058343031356,-1.6347255957108719
S015,0.068815075597103453,1.8807707425853701,1.2630016110598379,-0.70193156985682359,0.86758975778313085,-0.44891560291747779,-0.14016524563331201,-0.50088944251133838,-1.3884930720455437,0.64956714979339625,-0.88366871403667258,0.21684350364756841,1.2889215945275712,-1.1414518014658712,-0.16739938223889811,0.13664072435945854,-0.42511805328976021
S016,-0.37041677169100223,-0.37851649292046269,-0.81406538018741315,-1.9472964480958652,0.066570546406982609,1.8198496775077959,-0.86288702777021231,0.35297681414525151,0.10202126153223792,-0.61528127013165101,-0.43864719488506887,0.85834285066983951,-0.073207113262661536,-0.2027909553618143,0.96147752050420987,-0.368921029006474,-0.28896874224568414
S017,-1.0497622465116803,-0.28184131871916401,-0.45506325775831913,0.11281458773044506,2.5499010584131798,-1.0265592758378193,-0.75415400452907799,0.81557583809518763,1.1576908961340289,-0.4993116425988306,-0.30516163275946123,-0.84707427130843294,0.9412771065660871,-0.15428529039836833,0.43238171944606379,-0.90931882998200653,-0.6489765608910163
S018,0.32747537942742372,-0.14191476578839995,0.36145189759872381,0.46514116259464455,-1.9984983626845336,-1.4970695516774912,1.9411327504199254,0.028426116127862062,0.83827505995910156,0.15577645811794946,-0.14102514263476262,0.75045069372673823,-0.26788379012371488,0.057612669438940584,0.79621256860798084,-0.92575895722775958,0.35934094032696212
S019,1.1280874585944385,-0.86397455437084092,-1.9837711628794734,-1.1672778661315004,-0.095288045891329567,1.6463164663516952,-0.34562684453446352,-0.18510596661255008,-0.82002772718801575,0.76554499474385118,0.7304748113379087,0.86586635972533688,0.4163652492231899,-1.320648686749655,0.18151373676338214,-0.84279501070855345,0.74766300618789328
S020,0.1205716870905912,-0.67918909252879578,-0.66495365863168077,0.45524014274963465,-0.33493920363061552,0.19506510688271586,0.57371787969554078,-1.2502896658905727,0.61306274996936316,2.6146283772220595,0.92464644977917687,-0.6359088209844912,1.1502700331601869,1.0784798174103745,0.12449780849634126,-0.79344051376932168,0.15891184968638822
S021,-0.88374675594368068,-0.15739367166073021,-0.4547987464144142,-0.35330450259840063,0.26459467553012062,0.79106913072109153,0.040976553200239935,-0.84523926171034913,-0.0081005077889628671,-1.3397834971179943,-1.7873870241637833,-0.052687369657135677,-0.11699027038807297,0.11531100934219859,-1.3918042026756223,0.21574108247398172,-0.59907504289829283
S022,-1.597443470984047,-0.11990561175012182,-1.7809430330156406,0.24542394486741317,0.027411998148500805,-0.92049838968959441,0.55552617725257392,0.74968775242495189,1.0588618969111676,0.51298483014691976,0.8580136691150696,-1.2516059893749654,1.480990218788125,0.18950939813919773,-1.0702345143511764,0.042564426181374806,-1.2039039344409499
S023,-0.81409368521013148,0.52916699370119169,0.4818455389850762,0.36587519878163915,-1.2366425211035861,-0.48550792911053547,1.4413385967506558,0.89322987957494315,-0.65177645822962094,-1.3010416887090828,-0.47105008649172836,0.75366153867352137,0.1908699914898036,0.92125908459912809,0.71588681700684242,-1.2221116384306832,-0.56109839703391762
S024,0.27461567539570875,-1.6834876988943814,0.077148689815461621,0.66666619017973894,0.70657685680073001,0.37009364465308736,0.6591648499431304,0.32526703205318858,0.50361150160030954,-1.2539458568859378,0.27671842007055447,-0.0046805253996082723,-0.09135787081926823,1.3264517232345077,0.80733483843766407,-0.40935346626224295,0.86128613942859078
S025,0.85811859897930709,-1.55384467080755,0.4893557135573473,-1.5619863741151279,0.97413313806438062,1.4811488860667421,0.033461696819656543,-0.78516027108528352,-1.9661389967355989,0.63107095848244765,-0.44850877204570727,-0.15073651712441613,0.43970531913980282,-0.962411743670049,0.54371845027682886,1.9903838182400528,1.2774262223402633
S026,-0.60375582998179478,-0.19217370837786127,0.69782674095825692,0.56188419682190782,-0.91790301455339296,-0.75589529515885723,-1.2146716734070431,0.3134263904190695,-2.5909275274184402,-0.29039412301572698,-1.6869655768310678,-1.0533197970371273,-2.0876470218460748,-0.20790963605047744,1.2096485167901774,1.156335888286057,-0.092617824534941162
S027,-1.5051447953499697,0.8648974188501517,0.61328663358178803,0.49251878859929027,0.78512082751770618,0.32022663631610276,-2.9659912313843555,0.95385470279847895,0.32797129388858309,-0.74747580899252064,-1.7602728718935747,-0.58007240594736298,0.42796427033434997,0.55977441305958331,-0.51196633609222231,0.3413408109440671,-1.0763783715775477
S028,-0.12502460789440328,0.84602401919207537,-1.1254235679802804,1.2598151920762015,1.5682292997302461,1.5700511866320932,1.4353869709242832,1.3150212141408768,0.011295721594010889,-0.27342793949268324,0.28218308213524446,0.2698948974637766,0.14565408869134167,0.0040890740659365737,-0.2967869579834933,0.97010032700521154,-0.68415941613012032
S029,-0.050535568865821633,1.5589133171230061,0.058482361044727781,-0.75989525765401766,0.69609840840296489,0.57917923907583768,-1.307585128927623,-0.48398586795485271,-1.0929484485283758,0.5455437147804455,0.80649425514741435,-0.9289849481050152,-1.2323385602452719,-0.97370669356659156,0.074579124953778803,0.21537291178767062,-0.6363519591743898
S030,0.1900654321398694,-0.46886431716775617,0.057439105558826996,0.97627325862940351,-1.4563186207925316,-0.24782572326644586,-1.8837246003228454,-0.82840462027153994,0.338617793883153,-0.65582877448106081,-0.66969389574756777,0.51791614286776211,0.17883653180954315,0.039445132345311745,0.4073699041223674,0.79796628832837457,0.31880724408073474
S031,1.7796692415719892,-0.70591786021453273,1.964700704935155,-1.256026240618729,-0.26378957839196265,0.12727634394583001,0.051303825162431843,0.48645999117825428,-1.5550399114313482,0.34388514999899777,-0.97324586171132421,1.3419786705343104,-0.80163705911860716,0.22239480620430155,-0.2193939514063134,1.3247977266549531,1.6271939733986962
S032,-0.89214200019988477,-0.65712203160276716,1.2081772605398569,0.73662131385477558,0.73125503244383649,-1.4486868399686528,0.26911544668892373,-0.96452395844077699,-1.3753052001511814,-0.89139778322367058,0.16252307212715236,1.1109267368962574,-0.49353618427527435,1.5560923560957727,1.4062135021664608,0.061381615549382783,0.008054908105709635
S033,-0.090503958656136793,0.20121359756293167,-0.79030095258526079,-1.4677556613851042,-1.262596673226418,-0.075371683730906039,-0.27843823174858051,-2.0507942234305041,-1.9694088350425658,0.49334443613540785,0.20662836107309071,-0.18547328207034999,0.17790225588881023,-0.82847677518045582,-0.21505515663754635,-0.15347618255564352,-0.34795733351262226
S034,1.1908154222440819,-0.35024883688692748,0.80773043627379282,0.30710136797743265,-1.0731317550737205,1.0505431381929531,-0.16766540735074145,-0.89202870778422694,-0.56850886873553697,0.15133553724816842,-0.90647967513140371,1.4830838889251641,-1.5292969404228436,0.95018309272889689,-2.7368861761025451,-0.63197076066447011,1.0714049230139751
S035,0.66370343107569951,-0.12892760321098981,-1.2913166610436781,0.87527131587635953,0.12516527364132982,0.35368140209553489,-1.5169850378004746,0.28872163784343696,0.27895190263492742,1.5571056725183281,1.0531501046939593,1.5226336990235976,-0.6117141176155162,0.74745621147123897,1.7678774092786784,-0.91995318451218899,0.16143336827642929
S036,0.40523357924870446,-1.224990790604382,-0.4197545421417252,1.3795230279435464,0.099683746407757692,0.38259182725008417,0.92753794419047353,-1.1921298700535148,-1.6653405395251011,-0.89720998895824566,-0.99137380397001984,1.63102357952564,1.0867585111010167,0.24905043703683691,1.161873274973342,-0.00323083813879311,0.61087556901424855
S037,-1.7016722789604206,-1.7893969349409995,1.2073652424037906,-0.5819090602768584,-0.93419554367888347,0.69502162481837504,0.0252314822469853,0.13058634510081948,0.068131023597570978,-1.8775604555516432,0.91857216954616761,-0.091253794145971429,0.55613799105072104,-0.96886804876698884,-0.40265052524221834,-1.0833495310175962,-0.024839803024709617
S038,-0.9101040767786992,-0.5446453210562644,-0.69568348627536714,0.16637116354200043,0.31849090478106051,-0.41290397951863012,1.435420481708602,-1.3167582167183915,1.0780002302362099,0.12289262383958841,-1.036434553529753,1.071709699187658,1.2020551540686872,0.46071962485811241,0.32219898280568277,2.0175126012431033,-0.52047739086722999
S039,0.77790409519884818,0.64643441027553572,0.12496325897566157,-0.847494825728482,-1.708072677123154,1.0987017533217731,-0.67228167801866912,0.37436539764698767,-0.25582648380407674,1.3879990410302652,0.52928568967284617,-0.49359216094825575,0.87805024376186835,0.44944674192062301,0.90647996558882349,0.63720632255693455,0.24556017669182845
S040,-0.47747991694841624,-1.4651913554246105,-0.37610340456007285,0.62885672650910562,-0.26059214856475288,-0.64199536422267434,-0.26251540998287648,1.5021575007493131,1.5392575804253559,-1.1647879791189415,0.23595298251255969,-0.19778139189424507,-0.91528554843615317,-0.14568176047541156,-0.73783696454409509,-0.66533301704654879,0.18939888232212521
S041,0.91947810801394847,0.68297590397217223,0.47237757736197517,-0.0045174956110797335,-0.78699493111369034,-0.30487628234400571,-1.5847632704907315,-0.17946146728617796,-0.96963324112577687,0.8832386938478074,-1.391695456998117,-0.37053901793006638,0.28952586003580832,-0.79438137734572145,0.10643519854549174,-2.2000323380534081,0.41499793599148804
S042,-0.87753889649028416,1.0253119082122051,-0.60489869064006163,-1.4602996199582654,0.9436495884905215,-0.025063916333507932,-0.58178515804682407,-0.22296617348072559,1.2780726947357424,1.9216380927315664,0.79804046432205222,-0.29987593270682023,0.79440527955318141,0.036753647572207448,-1.522003893830475,-0.14610320550783101,-1.1072517250328169
S043,-0.40946126121853854,1.023843625521786,1.050569604191292,-0.0041771571365901098,0.48425272099236566,-0.60542958955396731,-1.1572817382702207,-0.73601690494916738,1.110951760111841,-0.5869586513187568,-1.9518684715832946,-0.31149888302004908,0.59824912840906763,-1.6477012852088171,-1.1372157760515611,0.90799764373261949,-0.3949022559151068
S044,-0.55577488625199967,-1.5200518452456275,-0.2639362354260873,-0.79007673989688088,1.0676641559062767,-0.18042296298736704,-0.18158348026887336,0.75086143002741301,0.019786383166192516,0.87067968848457455,1.111736260773206,0.47189264427299976,1.0732873231182387,-0.74261163703501443,1.0103857437832258,1.7736179847473399,0.19629105966428459
S045,-0.37804364605931529,-0.094324321840482381,1.2155998115670812,1.1008012704992078,0.13539750676376153,0.79773214822947391,0.60757920359967199,1.1659793440422088,-2.2873788353270563,1.2251852615476986,1.2650272504401197,0.42432840771610436,1.8942616861991217,-0.54346077431374284,0.91307088931994396,-0.94824744194366417,0.092176990275059434
S046,-0.2451742920798945,-0.80718406271807508,1.0754337754158854,-0.30227793954453136,0.5862289430145714,-2.1533934333109594,-0.38542310899594068,-0.42965434006596809,1.6060071448171658,-0.34785227335654173,-1.7059838789024402,-0.12004457093142831,-0.97254584821170986,-1.6951350764609172,2.050928255514433,-0.5409670007660603,0.43970797842728859
S047,1.6831886556764211,-0.48560099055436812,-0.25611372541357369,-1.2840692504742333,-0.18090033013640425,-0.83513085421418509,1.1545235343240638,0.60056125486592127,-1.0811219205778613,0.79990560767382313,1.8023416487896182,0.018654667214494689,-0.83632527466892981,-0.31121361561724409,-0.81891292818648898,-0.2959042630295588,1.1281567006750497
S048,-0.91666766179912818,-0.46142473616076024,-0.12068309897924845,1.2455593986127269,1.642731933057757,-2.000075002327208,-0.12007893917718061,0.82381523095517872,0.68602016603411042,-0.14612293628736533,-1.1296084019862986,-1.086616323068589,0.43469969045117679,1.2437105737386502,-0.8649497134022569,1.8277900416190747,-0.40154781237665604
S049,0.055162146795694887,0.03534864007591685,1.3039604232597508,0.83090215735720263,-0.88213500683213197,0.072648170948888618,0.6467817509627759,-0.18142537658302946,-1.0640018258621833,-1.4325946264310985,0.20011463348812381,0.01090559085496238,-0.76251129596255685,1.25667369197346,0.33114755741505553,0.6074213186279247,0.30834084241454507
S050,-0.85312567808346407,0.068345035679291094,-0.84861096077688003,-0.50555939406654005,-0.038716741931517543,-0.6914184145210428,2.4944513100462316,1.2059541521754684,-0.70608575809510865,1.185947330569858,1.6573078172033882,1.3527598416667745,0.4474755485963986,-0.61375811546766113,-0.5084590309861543,-0.81750431320047579,-0.76432230257804867
S051,-0.66681498125281402,2.3765684491099277,-0.11108456265304321,-1.1925997215685842,1.1511681391923079,-0.21307816816768155,-0.69049772446773772,-0.80963727668495056,0.040064411395364347,0.5657824287187192,0.58409347072341022,-0.39690990245424601,-1.4226903350118822,-0.071778119747655175,-1.1472972689999774,-0.36903151565462655,-1.3839732415127552
S052,-1.249384766386102,-0.570191512350259,0.32100605131384413,0.81425585727052718,-0.84795261156022017,0.3003657057905284,0.38305538093742081,-0.07064073263691921,-0.20906005356167801,-1.1869046269345447,0.083383617668041976,0.296106130450007,2.3892984325209685,2.2819500867252027,-1.6722126308020588,0.84527312760812745,-0.4268978406509682
S053,0.28627082728886799,0.048568266756869372,1.7705624584156561,0.50573587087493821,-0.29508217549902588,0.77727453824943427,0.57552382430257587,1.5296444963630087,0.23875166456588864,0.72139847722873818,0.40257020887578476,0.89708027727112361,-1.6977078841596005,1.228217796313559,-0.29381816308510461,0.62576983856658286,0.44636909372451206
S054,-1.4038762205998627,0.13534738351277442,-1.3260802650159318,-0.64236746779130638,0.078447258149659929,-0.97568855874512506,-0.16862656775596199,-2.401289923170673,0.77991430361733194,-0.16298647439637104,-0.081721733243467459,-0.77250669813332373,-0.80602904873627179,-1.5159742715656406,0.33012824360393395,-0.52721709282847495,-1.1875265328279452
S055,1.3845207719780115,0.28655725198195131,1.1481278786544347,-0.16305346447766475,1.353454383031417,-1.374260984703251,-0.061030062128650017,1.0912162049485263,0.5396341757277946,0.44329881386754766,1.102730878776782,0.32400795861055109,-0.62030604527861477,1.0496325296380107,-0.10414528532987712,-1.7582028598904662,0.98968884332558771
S056,1.4366691838075587,-0.90875403088822948,-0.029918419105831272,1.1584774109953111,-1.1811418980788078,1.2041104626481818,0.47029347847218356,0.072624302077010164,0.76504662799488243,-0.62434328651689441,-0.42406517309367436,-0.96504090813135357,0.22796687804361307,-0.78007358831678186,-0.89237812111926729,0.38785061163000539,1.2165289358646521
S057,1.114564095312335,-0.53144431214037746,-0.54049972602564622,-0.87189289214093435,0.87574531249278309,-1.4864588911236065,1.3900727623341969,-0.33894556991562114,-1.1582148254054465,-0.45037862338224366,0.64186957315556892,-0.1391909107866284,0.68544058875004155,1.6376379832622019,0.37754624890357624,0.22665405550654405,0.72694681800679595
S058,2.2798575329794413,2.4656530386354523,0.99183637012876336,-0.98093939979871525,-0.88098133160306602,-0.9953225821240268,1.0502818075319826,0.72567030900663732,0.85103663510378091,-3.0838743500742503,-2.957271271815479,-1.7527477900672062,1.5223905767765429,-1.4904088967813498,0.02154031189877843,1.0675308299341482,0.6327629541508939
S059,0.5195793325668403,2.0019199654473723,0.054271984312302679,0.73948726050125091,-0.52116076466475669,-0.9284097379660311,-0.23380835508313386,1.2389043696957873,0.10821616350896877,-0.20518118858840817,0.003810746578517613,1.7192845545690014,0.53006205293457753,0.453167098110561,-1.0262284084873117,1.1113878325023332,-0.47274678293426803
S060,0.054814398414419534,0.10541921791589207,0.47651231552908641,-0.0073514405409384701,0.77472146572986056,0.31686086538500768,-0.50289312901821215,0.14838677589242269,0.92493463944792986,1.0783259667846137,0.051056251509811058,0.63312456521379001,-0.36065346027641287,1.32246899536241,0.36523053523534282,-0.45101496556899062,0.12832579634336583
S061,-0.075557287295519859,2.1167741840247896,-0.59623373829545923,1.5720567505663567,-0.91163583177330587,0.99574209173365391,0.41690875676467937,0.010639174845976433,-0.2737890631646317,-1.0445313243109959,0.27429207335667644,-0.65079682607245271,-0.17181833844413744,0.31022012189856446,1.6641254376007188,0.6297505546655604,-1.0605030598409002
S062,-0.63067959197009027,-0.68624248365719742,-0.046862101354166658,-1.5172666460698923,0.81930424310037697,-0.013896956435983881,-0.89213086449174994,-1.1517308958743286,-2.1082881985026303,0.14755494093110919,-0.49507684177482381,0.30893824964503652,0.070945922748898521,1.3690900341988199,0.21352129914388582,-1.7242005983666993,-0.11796424709918045
S063,-0.84080769191809035,1.6480472129480914,-0.70608420579227693,1.4751031827711274,-0.29114259981581397,-0.73363947838980847,1.0535027084943809,-0.59026870351490157,-1.1619903326090533,0.13446757662477235,1.1553004760731906,-0.96397523336681556,1.623093499187191,-0.96520236929059666,-0.55204843376705448,-0.46968819263588296,-1.3583612579742379
S064,0.17955135920000459,-0.17227913201382872,0.13147824154014198,-0.07905015825213875,-1.873309340145602,-0.32513678045294675,-0.91075494831966819,2.2415257865989924,0.16665758649994428,-0.59794866810710035,-0.4476113599177643,-1.0270494192581689,-0.36944066297976197,0.7531398654108401,-0.37793511456230827,0.55211567271647755,0.21597239885413275
S065,1.4006701380859883,-0.8708111894679369,-1.7603980541857558,-0.096325872260263692,-0.95012652665429109,0.33417212857637546,-0.060772001905116772,0.87206635310940139,0.80965749772979279,0.071191265331311371,1.0862676041305621,0.23485830117652801,-0.30157005889112648,0.045637151279497731,0.15471992341255975,-0.71630852325077965,0.89410274627170883
S066,0.071227305050840989,-0.20077815420401179,-1.5492451697453677,0.83195915656813124,-0.20077887315237125,1.8240857104883563,-0.56982128183734837,-0.20458275134759485,1.212186918370556,-0.36204355123933313,-0.65485704012951373,0.1880341830809418,-0.15432800803755159,-0.82656557166970523,-0.48770896692821103,-0.12973689430778557,-0.17688269012877295
S067,-0.23614655438316703,0.13838039428505339,-0.63156432189191802,1.723175861030283,-1.9356766579792823,-0.46546530009391673,0.67833098006417292,-1.245142029600784,-0.52520925886441283,0.80534863671161339,0.20775305683282366,-1.4193450628072384,0.15135869468591387,-0.14130509036699393,-0.11524854875836268,0.33524626442989452,-0.37416250585346111
S068,0.44538201341528494,-0.84845310140252028,-0.67056525383708043,0.32715493723665101,0.47843346912885415,-0.17875562412641513,1.2357676960383575,-0.55537010964572608,0.58272531577772024,-0.91289392549754533,-1.7536383276008278,-2.8499934744819018,1.8388678439341188,1.1249449451648581,-0.49327287533250058,1.7447934982355842,0.42018176480688268
S069,1.3113996509421098,0.20087572008675203,-0.72136853592414774,-1.1862695424313769,0.066134440929610377,0.55596333415004118,-0.34841273217011115,-0.51951784559194714,0.077070964343028792,-2.4267540445372044,2.3554151345101588,1.6121975131288329,-0.44879977071616872,-1.994515290663456,-0.28392827721942615,0.37951154077657695,0.50836562433425048
S070,-0.46766339565223863,0.077277742218250497,0.15968935507615567,-0.22467745219689889,0.25957764037173758,1.1663024430015454,0.13785444207676006,0.92317324831876835,-0.5065174767012125,0.37338486909446067,-0.57182916235248082,-0.78540276622075567,1.0570366106501454,0.26721505963598263,-0.23187496498942278,-0.20942170958999873,-0.26380567774230568
S071,1.763867581538165,-0.86817512438730748,-0.71916990525954505,1.081921976573152,-0.55994344442991939,0.90448109421701073,-0.83237951197130933,0.15948180521809283,-1.2091672429423537,-1.0089457557704971,-0.43622534273995239,-0.30810950546326132,-0.67120694022518212,0.47295846521538254,-1.3467829873759889,-0.046772949281525124,1.2079624862124274
S072,0.88534012484429658,1.0216527609108943,0.93743736821683499,0.76572881693215522,-2.3840319052456889,-0.063190167002630068,-0.82584229135187526,-2.5450675576238577,1.6799094079834276,2.3978548853829826,0.65125951222582801,0.50276093438470548,0.10018979460879143,-0.89320075984367453,-1.9255281461702969,-2.0284880142202537,0.36435618280398657
S073,-0.62784637651739073,-0.89648334076184166,0.88227135248612287,-0.93219736037572709,-0.31429667870393746,0.46405693931537134,1.4716000019273308,-1.5267702757524659,-1.4908213780592723,-0.44677307485204498,-0.18963422544665354,0.56299627043320633,-1.3572507058029422,0.54948485590489937,0.76950460884452621,-1.5499160830784042,0.21354073570041548
S074,-0.84192231938360862,0.7633890028964867,-0.45745033715091948,-1.2278804873703728,-0.15332195456769593,0.005065431072468398,-1.1537015689638266,-0.49929103118490586,0.61699442878617383,-0.58228991209933001,1.176525246599567,0.93734398189511825,-0.5912760453748217,-1.6281502575581468,-0.13118839588322445,0.38216821311290206,-0.94300760319072552
S075,-0.61626110428866632,-0.15694166230361456,1.643382711764146,0.75585219445366691,0.55894027900677634,0.016536838066164825,0.18581549291913166,0.15789695747730145,-0.13857402283192871,-0.10746914909494236,-0.36446561344277439,-2.0304326490383624,-0.69682474972672248,0.61673149440726893,0.12247606438570754,1.7428062121521175,-0.0077699682041602047
S076,0.26478387301570805,-0.3061130972280442,-0.26944091107865531,-0.4322906019802723,-1.0964563613167355,-0.071784062546322788,-0.70607952981182398,0.035399869597186516,-0.053375663465668827,-0.8969508645898977,-1.0787020372682463,-0.44758491198324241,0.84662658263789836,0.79921935781245046,-1.1790657752526379,-0.47190670551924185,0.20145779428108695
S077,-0.22709638916352493,0.1393216083749502,-0.96013495609986144,-0.17810624397204802,1.4790253522378962,-0.58486242609615879,-0.02282281238205279,-0.50420590208878147,-0.47889995651508832,0.1103272056845952,-0.20959891775502509,0.67692270375417396,1.0387408186405138,-0.76345519640041493,0.72397542723599495,-0.8220809936118797,-0.43776716510646918
S078,0.77238938673445945,0.55524651788115198,1.2935719558339069,-2.657312440216494,0.1479898253281561,-0.79294328129791092,-0.39460189649107175,-0.41501630425755148,-0.19998416766984992,-1.72426787207525,0.78177816602136418,-0.74140571267954003,1.9868330094300934,0.76979529884055831,-1.0765652286257748,1.4296045462463598,0.52988066370318976
S079,1.594704858554949,0.6641852491729533,2.552685133347862,1.5439167820539943,3.0430765885576121,0.027417544510528576,-1.6507894129080956,1.0113669487513102,-0.21295629459472618,0.53272022482464931,0.06025525980653975,-0.71517639820507428,-0.40294970543698316,0.34430425177397345,0.063147389195314471,0.54334373966310834,0.85778468702664856
S080,-1.9297469482183323,-0.54084694622248697,-1.3055021517862109,0.42751733960474553,-1.4809822821547951,-1.1824595237317288,0.76991858291190629,0.74940525905073885,0.022696601794482435,0.65461232400669256,-0.081910862117250793,-0.53942047563159878,0.18312632137381918,0.28662508947291265,-1.2114905041682364,-1.2981218374576775,-1.2310140140306558
S081,1.5522741864991869,-1.1416792868251224,0.022984175717318426,0.51063999199925303,0.30744909510510093,0.3331031973788543,-0.35394732639034399,-1.861213877244895,0.90684109768045462,-0.9482466905599124,-2.4117592797294192,0.50499620099146536,-1.2390897570377475,-0.87337729705853162,1.1515715370743025,-0.37952423553557885,1.3949308722655849
S082,-0.35105672160677831,-0.2310042609048053,-0.88946880635190617,0.26640681475293704,-1.3916300656747012,-0.3843554287930156,-0.60613377646579736,0.18957542017730558,-1.416310551086766,0.67800392271129484,-1.3013025554363828,1.8574567433934697,1.1738801985655312,0.74854142411743951,-0.82826275035370944,-1.2332848246082231,-0.35125351807418015
S083,-0.058207135559663954,-1.0176176164415196,0.46640055645212575,0.53437181473249984,-0.059351739302268593,0.25995169923242895,1.0861550725453584,0.47668462760648428,-1.7136563312133706,-0.053893292146437191,-0.010970288729583166,-0.96524704726638855,-1.0774717805908942,0.67700186571676113,-0.51339596198899606,-0.077869577731347284,0.50702502787884529
S084,0.95753716930528943,2.1492056775184891,0.44625802667604009,0.47410923087350132,0.60077329202599983,0.070086047706291704,0.17513010903055684,0.67645329725189474,0.10053473306189925,0.97319477395366039,0.55818060610695441,-0.44239356878749536,-1.3104851137664453,-2.1074250678552318,-0.2468941185779924,1.1870363582256434,-0.15568205512365191
S085,0.1484683695434485,-1.1569054580933942,0.17945148952866363,1.246833667407115,0.73388351892845438,0.8633349313151415,-0.4098610171546721,-0.26223529680806829,0.60828019061812277,0.68599003528895797,0.88445051252997864,0.8119909614935209,-0.24294700601200128,0.18500256268563983,2.0602855401495055,0.46334463432640322,0.60539017434947051
S086,0.31442867887981163,-0.37284982116984294,-0.77498224466954102,-1.6429619789508711,-1.756938532885745,0.1330145344448195,-2.0590214664513953,-0.8830193819532951,-0.38975165052993432,2.4555564719640004,1.0524895067464757,0.76560789984393973,-0.23805858660458942,0.58914561352513772,0.32317250337983322,0.78840883428834785,0.12788611865939484
S087,-0.084671105895661347,2.1365388369462077,1.4533463106553688,1.131674757224076,0.76329714468040377,0.6042687261028914,1.1313207853988847,0.44588440307643318,-0.7434651653400447,0.17095955371287974,-0.12294364876811466,-1.1515102434077429,-0.66622095868641029,-0.98601356892727665,-1.4857176794090829,0.71836132557429999,-0.60748499674796197
S088,-0.3723302538534633,-1.3451582194703438,-1.8289891407038597,-0.6810847756682924,0.36135039184108697,-1.1402032588547228,2.2858105574770105,1.2227912633312346,0.086773982989879067,-0.78553816873261217,1.2613601771473029,-1.1505713408439489,0.27201158107430806,-0.5395004908289579,0.65134240580321201,0.10809614663138789,0.024609237815227059
S089,0.70741547053367182,-0.38991491512626814,-0.51823542978420811,0.34657508721900743,0.81202950015617559,-1.3797301895924385,0.30125149652276334,1.5631839158961907,0.63243714484791369,0.017509348703350299,-1.5098459676991454,-0.38695621244530609,-1.5516886094075169,-1.1953695780693072,-2.0325184211964511,-0.14154350948947514,0.43181083721322189
S090,1.031009010996373,0.63421549287700618,1.2135050229630611,-2.649859368725715,0.56725526281859551,0.18786707199923522,-0.99589322439000938,-1.3904860319709829,0.28130357390969013,-0.012581361431697651,0.38058301273805445,0.050996561334127923,0.065501112645251755,-0.58410420912771488,-0.039087991011519066,0.89005715466190294,0.64597348735457172
S091,-1.6410749281042607,0.81485048627195056,-0.9629814522973219,1.6410642670511881,-2.2474124746940247,0.094162331593942231,1.8937038623824898,1.6817308798864596,-0.99044174914652494,0.8474974804276445,0.29067904537739842,0.028100729515467274,-2.3820891221708034,0.051249803668411385,0.75374329267207152,-0.4207383298397806,-1.5568545055702963
S092,0.93179695421111297,0.50569220594663811,0.15581184661651837,-0.050115108664680885,0.48502840559378158,0.49977914173974186,-0.11843484951188174,0.60375913556155936,-0.30217207731829088,0.8422894901576744,0.0031885446096879869,-0.5632715793348172,1.4705506884965442,1.5921468831556285,-1.3312834613317639,-1.4098448166145752,0.40335593879175391
S093,-0.01578173786439642,-0.52687536571154236,-0.56217525525781487,0.86807805293619866,-0.22135068165721716,0.35331310333237714,0.30973842565097659,0.73100763409300284,2.2600832502853887,0.43152232426726111,-0.23690569955208116,-0.87361466012160816,-0.92450740762259032,-1.6555661397474031,-1.3470326207138792,0.70434612088247062,0.041372722799994516
S094,0.42153015488897133,-0.24174934257799258,-1.8947392701159564,1.0558018548777901,0.28184266815472669,-1.5639223550684731,-2.6697126573798271,0.18458112647516289,-0.38693105042626114,0.24189500950861673,-0.45106501140862609,0.7037745058924928,-1.7404922376984373,-2.1240552969684732,-1.0897468743521941,-0.13195167378275702,0.065221512644863588
S095,0.90329839055906258,-0.82435961755281784,-0.017155884444570519,0.54436299930177434,0.2797885914102809,-1.2175141946297814,0.42602474313294586,1.459778380387398,-0.52199995662529131,-0.39016996158842449,0.25487054023627237,0.37350108565368062,-1.1865431334200409,-0.021611256900199789,2.0399690863312809,-2.08345259422771,0.86657636848922304
S096,0.18393290681222196,-1.1708966411217063,-0.34619044308833313,0.75135423290358339,0.37879864384313,-1.0174980939900338,-1.1740902549279117,0.61880194508776531,0.52903292953876124,0.21606617809184187,0.14652624612276438,0.93221529353268429,0.91613236474004456,-0.70570521462517077,0.23924970298347467,-0.66022094629773087,0.47692338030215892
S097,-0.23019309752049191,0.86096700683859662,1.5844454490256927,0.0019332612383279328,-0.2938840372519041,-0.35880378065705126,1.4530675407537019,-1.4755868843250757,-0.19026123390282454,-1.6539535445763807,1.1015335833299518,-0.49043539833303046,0.96492949195466926,-1.8328594356125045,2.2750473845195871,-0.057615950667042913,-0.18253060559454787
S098,-0.46026118113572217,-0.56276124507289238,0.84740181667043291,0.50407060381771296,-0.84883149163488492,1.2273750232743841,0.35753761081553215,0.022632901743267202,-0.4891002580932578,0.41925725224407578,0.058346138759371127,0.58977495043190065,-0.26287550360004575,-0.91713519804444454,1.0408859910147827,-1.5704827129935051,0.17381672357265127
S099,0.44019404407005464,-0.099259399850057231,-0.35624572867684329,0.068535416217969297,0.53835870956954635,1.4913280688253219,-0.76673804110134247,-2.3658939795662004,1.8183552905864599,0.035578672535518635,-0.36371055746998565,1.699826131611204,-1.0447560629825563,1.5881414389603195,0.38800300658480052,-1.1781979556480893,0.19919274187667391
S100,-0.71789004619065111,0.33614832087635582,-0.82180520101628673,-0.48140479451790502,0.20645139345175972,0.63864788329291267,1.1272233204702169,0.72118552048156059,-1.5416914986744545,0.88590823940580743,0.34889807841475373,0.088760618360116922,-0.22603586421757757,2.3498846916925111,1.5864458566356736,-1.540596045515364,-0.7849062113141535
S101,-0.74804238236570764,-0.20311058506839738,-0.064904953085691761,0.6929477216917368,0.6708774357905859,0.081260127731802897,-0.43846479606307143,-0.0083209187595432773,0.68925012731243829,1.5168163360329356,0.63157059908346558,-0.7065237032693914,-1.3580942544501666,0.44134128091364316,1.4900748249370264,0.2119435070348048,-0.38703901309500888
S102,0.022490741494610247,-0.079549355812381317,-0.73998527533518899,0.14906548976324363,0.16528839383492952,-0.012487349657988592,0.39367251472852727,0.12911965722619856,0.41368183535889569,-2.1031470995043358,0.78249135159966821,0.21006595754636553,-0.87314516274081666,-0.21916019199770828,0.34680282876080282,-0.34138920833450204,-0.1569689241341953
S103,-1.0126700942471465,-0.64447611498200252,-1.2241115353006748,-0.76533111660299369,0.37571128472000942,0.13139540608766556,0.63724292030160246,-0.050072347131951238,-0.92386530854038817,0.53221512968403839,-0.71630797633448007,1.878546297766885,0.78657256504186857,1.6915785744992327,-0.5768862588129503,-0.45193516139502049,-0.63196290846328351
S104,-0.25327148982488379,1.4268583287397345,-0.026632259777149909,-1.2226208243004906,-0.68092737980096874,0.3874957578373614,1.4251884105761894,-1.3160047164540687,1.2991714381202839,-0.00047466168080388964,0.98707622296258479,0.15198593094465551,0.026354730272014012,-0.62964414544533431,-1.0600386256758243,-0.53246079881703734,-0.7306949588746503
S105,0.6189816282253271,-1.9478234615002208,1.2574667672141357,-1.4238206172865171,-1.3104648575357705,0.58799589334096258,0.61790591258984429,1.7668268628095263,1.3418156258791774,0.16731004539041802,-0.1863165885674527,-0.29688633360803923,0.78476723681400151,1.6919119681403934,0.44205892034624616,0.97008523835260485,1.4359121361629894
S106,-2.2661314439931748,-0.77732404398402233,-0.38601863563098632,1.1875430227122934,0.22739453822609573,-0.14704251306004767,1.0384266233748274,0.80149310982879873,-1.5771648053414533,1.1630933766221974,1.4348546721243203,0.80126692075264661,-1.6254473293680152,-0.55194314732289029,0.63658874791779319,-0.31423255842537062,-1.1617001522963819
S107,1.2058119164111456,-0.84396597241484617,1.6022018796702615,1.5865609455166043,-0.63742919223158245,-2.2492786132610196,0.11556813893370323,0.12909168734852569,0.94459294962649698,-0.24405150985843499,-0.56931399845319119,-1.6017643137633992,-0.087725829477615563,-0.64723552837754994,-0.46394239378346297,0.35573819675745111,1.360925604659577
S108,-0.67411578238185643,0.70606606601978772,-0.12575231788251579,-0.82663840128998778,1.1532933871538806,-0.85909532133712474,-0.15802090669697202,-0.71459866361043312,2.190364883877272,-1.2209155502263309,-1.7785909370437289,1.0933280416106042,0.42737372293129761,-0.069335314208144969,0.097616617117981877,1.9277995585598671,-0.72452223966133611
S109,-0.78042543952571375,1.0508441440658629,0.79625958670329156,0.63852829110952747,-0.1038247058140391,-0.14489878541061177,-1.0167848332636884,-0.35938036394786915,-0.9669214109337162,-0.86042248143889866,-0.73659286681885938,-0.7930838531291331,0.56909864046702163,0.40886304520269473,1.7851304105559183,0.49807247593240667,-0.67416938900523871
S110,-0.82843412508577274,-0.88964217616901642,-0.28622841078907291,0.42224773874889537,1.6526813396536786,-1.7997691679312653,-0.55302997996641667,1.3254903337015682,0.31024865107706451,-0.79952948272125823,-0.98670628930028426,-0.84733043970986544,1.3092347480399604,1.2061076947882776,-0.29742486320188782,-0.049882388013713266,-0.22590443386220721
S111,-2.095754228846173,1.2093979557612982,0.18749203434940942,-0.98529711156403443,-0.8726043887412519,2.3201286383228692,-0.61548958843356294,0.82538156452651668,0.85430170384885173,1.1918111195707066,0.54618905258243966,-0.89367115705930922,0.93543907133052762,0.96261269698439145,0.29236151799903276,0.053667985262744335,-1.6852930783970541
S112,0.48338910350480946,-0.32082229827307901,1.778868695430726,-0.15943210048852416,1.1772721187079389,0.85152247691713312,-0.56364316995772867,0.0003088331580234383,-0.88580889823860709,0.085781218685228713,-0.78632576753457062,3.5274289385971898,0.55839079809195014,-0.97221273717849233,-1.2770264700454945,-1.1363595053166147,0.71189166078759381
S113,0.20533323117945854,0.78699472527474756,0.91658400777127191,-1.2083863523504612,-1.2256639887398801,0.30575453874016639,0.56068896415894132,0.12065157316096962,0.61043896732458036,-0.343516728865566,-1.8697207133496396,0.37362295145334912,-1.0323484218425214,0.39117027188030939,0.85828513919062277,-0.023249744493119041,0.04646030015170316
S114,0.098831802337093169,-1.5504244095135291,-0.99022007022212022,-1.9740953537200132,-1.9232263794317761,0.59230138054211534,-2.1361462932873572,-1.7885837599910794,-0.73794354143527086,-0.60454122158097201,0.40880863201647438,-1.50882244786984,1.6458429183583507,-0.52519958651268517,-0.42318114949533425,0.83237040908990201,0.42862483261137974
S115,1.0850625880235545,-1.0510749903609438,-1.560656684473801,0.44206303099088201,0.51568572416146319,-2.2109165325576279,0.5560966759597411,-0.46434807901686032,-0.41789035312060852,1.4037672439285891,0.07377851284252232,2.2655072497897564,0.40158219618399388,0.33855610976921885,0.66565365165533175,0.48895365289957943,0.77148297067834082
S116,-0.94486973771012539,-1.4627081894700134,-0.18280743909274558,-0.052912725051488169,-0.17920533657370255,-0.16279412759734607,0.68287142362103515,1.5372775923718365,-0.35774815326923315,1.6237817089543056,0.23516688770927835,-0.26373913923752895,1.7206309865637026,-1.6083147771471633,0.32095083725247181,-0.52616897186184985,-0.036375850491753958
S117,0.44889266816009721,1.5074186941967691,-0.98894272982508957,-0.46328651877194421,-0.31002435407490192,-1.1114422778584212,-0.13510520846120036,0.77849748582828793,-0.37337780877188564,0.38075792461783275,1.2070147905803608,1.1255183252713816,0.075835434768369236,-0.55011642370614089,0.21699914676566329,0.27128817702114316,-0.58426549618876933
S118,1.5790692916514548,0.43563711374956549,2.0425559857917364,-1.8083417066197953,-0.15766129670208204,1.1123476124249267,-0.9236173319972657,1.5751839659375122,-0.25973101483367517,0.15952419803156109,1.4717182065213743,-1.6331612889588158,0.17825096212854377,-0.21053077084249885,1.8553613053786036,-0.57851827597308758,1.04041772434737
S119,0.93284172602845172,-0.41465710107943171,-1.5639784554450575,0.1208755223694743,0.87387577257217453,0.031924974617321585,-0.71945524490293356,-1.852936367691429,1.2177117298747615,-0.51168858609989476,-0.51123655485355479,-0.27206282211517024,0.40221231676730002,1.2347177450546216,-0.66214983381617587,-0.77718484664968568,0.42557484852729638
S120,-1.0318402820347559,-1.7480496075567722,-1.2749000627521958,-1.1088490088281948,-0.061169218656333929,1.3079628088929443,0.90146673436409863,-1.7378601506286302,-0.36199461383313886,0.75319192320795192,0.13440281055049524,-0.32881841234185044,-1.4218475395267773,-0.10230789821807876,-1.3571470086150483,1.3824121811430223,-0.20684667971455972
S121,-1.0421502401939555,1.8449132341055132,-0.87691249776946167,0.82100766997254127,-0.41246845870127474,0.70033109399272764,1.592291106974965,-0.69190035343004119,1.3252954586867671,0.074003782792208164,-0.79250567113137582,-2.1572004533664311,0.087807198672618186,0.22912358852442943,-1.7531820227257855,-1.1590197426805147,-1.5938858386131984
S122,-2.3667316581022408,0.47699248582676768,-1.3650685207136497,0.083236188287411042,0.90755222381549361,1.5737922738650543,0.40847827149450705,0.94410372705309631,0.21651300175508656,0.46228572369900528,0.1125580471794536,-1.2564556942923877,-1.4911254801866505,0.97911990279046512,0.3484083859879174,-1.2653105986949287,-1.9045097595352152
S123,-1.0379683765539336,-0.75587051801890637,0.21511336727101935,0.35862890232651157,1.3908508101590074,-0.52161155973615991,1.2004145891123272,0.65405690543969452,0.15642187568133767,0.058316918364757872,0.55372277122626568,0.28012712391078126,0.58868855639100837,0.24476286847765213,-0.27137087329860415,1.6845953732972689,-0.25639536350163122
S124,-0.56843648526217083,-0.5219280089331888,-0.62687418109843029,-0.15550079268645697,0.81745363941614768,-0.19480283773327484,0.41742067426894741,0.54027939155921334,1.1202016127115308,-0.26603481439970034,0.02734020103887215,0.40506472510684649,0.53509343658063224,-1.4739968617843373,-0.94337189953021283,-0.28235225158552579,-0.3082755284464167
S125,1.3202900094160415,1.4544245752623466,-0.9104396257246653,-0.19821668125586495,-1.3300506070818821,1.616921872309838,0.37570519896591886,-1.1879547107068391,0.89897355463979456,-0.74719956268251086,0.062228617571837952,-0.93562057100505114,1.1324293051083882,0.4701679311655802,1.9528475594369168,0.087216355852006336,-0.026527868997455434
S126,-0.22647885460903711,0.54664465702766096,0.81648963952884845,0.80827740778411139,-1.7379411158100506,0.61905528938016385,-0.44807867326122897,-0.40694146086315419,0.21515642805541674,0.10485959107008941,-0.71720950951784834,0.83599377359997751,0.62773223606228667,-0.9266649449964266,-0.11920793463896857,1.5876161732482394,-0.13592122933508657
S127,-2.6225239165813705,0.73193020410962351,2.3050212164042896,-1.0864486393935993,0.3948549508279226,0.86124009688878989,-0.10088735541801307,0.012404740918886678,0.44684393260253175,1.5240134329627919,1.0472222654194487,0.47660377047340302,-1.768775724645604,-0.51303456346207843,1.9722342928196657,-2.0512316890823787,-1.6435813387192968
