epoch,train_online_mse,train_eval_mse,validation_mse,validation_wrong_equal_batch_mean,examples,optimizer_steps
1,1.0966274206359043,0.23645356452256736,0.13685001009791684,0.1410467165990183,45,7
2,0.31899150986359515,0.11930978600390572,0.048827619592020845,0.04272103636131802,45,7
3,0.21436298244190735,0.13856417775386093,0.08761448577527307,0.11407943476343875,45,7
4,0.3817935343147768,0.15535979184095688,0.10013469811238457,0.16671112262870824,45,7
5,0.42861987805822205,0.13525284108394045,0.08580447045499666,0.06159616961665346,45,7
6,0.21769790645438766,0.14755294001299385,0.08741778699090048,0.13102837045477098,45,7
7,0.31437060245407167,0.11239632811567025,0.06738614420714122,0.06223829467158506,45,7
8,0.2734235776799592,0.20303510528488217,0.15202241483752263,0.2587413464591047,45,7
9,0.23803862779902726,0.130935809706745,0.0726060427651418,0.11067271485247071,45,7
10,0.21602359866214849,0.10344443514201497,0.045871487874647246,0.060503371385934375,45,7
11,0.1916092745190543,0.10062895307179608,0.04639606002563885,0.060234035638201365,45,7
12,0.2545912901605216,0.11847975522996788,0.06185900239178052,0.06697262025498808,45,7
