step,coordinate,autograd,finite_difference,abs_error,tolerance,pass
0.01,0,-0.06292479691579876,-0.0629236687637813,1.1281520174571957e-06,6.392479691579876e-07,False
0.01,1,0.07314440489589097,0.07314459216997346,1.8727408249152866e-07,7.414459216997347e-07,True
0.01,2,-0.036280541565455196,-0.03628038710071918,1.5446473601576916e-07,3.72805415654552e-07,True
0.01,3,0.07913265890636643,0.07912955957412107,3.0993322453626293e-06,8.013265890636644e-07,False
0.01,4,-0.09025067368402079,-0.09025137899836486,7.053143440682863e-07,9.125137899836487e-07,True
0.01,5,0.045125336842010394,0.045124990792416025,3.460495943685693e-07,4.61253368420104e-07,True
0.01,6,0.028274331350830878,0.028274461355616565,1.3000478568669926e-07,2.9274461355616566e-07,True
0.01,7,-0.032068797282528726,-0.03206883080252923,3.352000050443893e-08,3.3068830802529236e-07,True
0.01,8,0.015742737758774075,0.015742770957768992,3.3198994917743585e-08,1.6742770957768996e-07,True
0.01,9,-0.010982235260167608,-0.01098223526016795,3.41740524767431e-16,1.198223526016795e-07,True
0.01,10,0.11417844520805516,0.11417844520805465,5.134781488891349e-16,1.1517844520805516e-06,True
0.01,11,-0.11713876600962256,-0.11713876600962167,8.881784197001252e-16,1.1813876600962256e-06,True
0.01,12,0.09565690102245773,0.09565690102245755,1.8041124150158794e-16,9.665690102245772e-07,True
0.0001,0,-0.06292479691579876,-0.06292479680300445,1.1279431555433206e-10,6.392479691579876e-07,True
0.0001,1,0.07314440489589097,0.07314440491464069,1.87497239956258e-11,7.41444049146407e-07,True
0.0001,2,-0.036280541565455196,-0.03628054154998506,1.5470139058670895e-11,3.72805415654552e-07,True
0.0001,3,0.07913265890636643,0.0791326585964508,3.099156348218557e-10,8.013265890636644e-07,True
0.0001,4,-0.09025067368402079,-0.09025067375469098,7.067019192064095e-11,9.125067375469098e-07,True
0.0001,5,0.045125336842010394,0.04512533680750552,3.450487118250578e-11,4.61253368420104e-07,True
0.0001,6,0.028274331350830878,0.028274331363847827,1.3016948630095726e-11,2.927433136384783e-07,True
0.0001,7,-0.032068797282528726,-0.03206879728594181,3.4130823167721758e-12,3.306879728594181e-07,True
0.0001,8,0.015742737758774075,0.0157427377620728,3.2987258757888327e-12,1.6742737762072803e-07,True
0.0001,9,-0.010982235260167608,-0.010982235260220685,5.3077334194462367e-14,1.1982235260220687e-07,True
0.0001,10,0.11417844520805516,0.11417844520793252,1.2263801085765635e-13,1.1517844520805516e-06,True
0.0001,11,-0.11713876600962256,-0.11713876600948081,1.4174772466901686e-13,1.1813876600962256e-06,True
0.0001,12,0.09565690102245773,0.09565690102249225,3.4514058278034554e-14,9.665690102249224e-07,True
1e-06,0,-0.06292479691579876,-0.06292479691472064,1.0781237014256817e-12,6.392479691579876e-07,True
1e-06,1,0.07314440489589097,0.07314440489403218,1.8587908989786683e-12,7.414440489589097e-07,True
1e-06,2,-0.036280541565455196,-0.03628054155713212,8.32307833764645e-12,3.72805415654552e-07,True
1e-06,3,0.07913265890636643,0.07913265890474586,1.6205786712575332e-12,8.013265890636644e-07,True
1e-06,4,-0.09025067368402079,-0.09025067367746109,6.559697229846506e-12,9.12506736840208e-07,True
1e-06,5,0.045125336842010394,0.0451253368352611,6.749295566876867e-12,4.61253368420104e-07,True
1e-06,6,0.028274331350830878,0.028274331348443482,2.387395836578321e-12,2.927433135083088e-07,True
1e-06,7,-0.032068797282528726,-0.032068797270468075,1.2060651088940944e-11,3.306879728252873e-07,True
1e-06,8,0.015742737758774075,0.015742737759227854,4.5377937518686906e-13,1.6742737759227855e-07,True
1e-06,9,-0.010982235260167608,-0.010982235267020801,6.853193360023546e-12,1.1982235267020802e-07,True
1e-06,10,0.11417844520805516,0.1141784452193817,1.132653693058927e-11,1.1517844521938169e-06,True
1e-06,11,-0.11713876600962256,-0.11713876601343598,3.813421800558103e-12,1.1813876601343597e-06,True
1e-06,12,0.09565690102245773,0.09565690101825952,4.198211223105375e-12,9.665690102245772e-07,True
1e-08,0,-0.06292479691579876,-0.0629247966232871,2.9251166766552927e-10,6.392479691579876e-07,True
1e-08,1,0.07314440489589097,0.07314440442218739,4.737035763646702e-10,7.414440489589097e-07,True
1e-08,2,-0.036280541565455196,-0.036280541765298935,1.998437387795704e-10,3.728054176529894e-07,True
1e-08,3,0.07913265890636643,0.0791326580651397,8.412267410440322e-10,8.013265890636644e-07,True
1e-08,4,-0.09025067368402079,-0.09025067290724387,7.767769205635489e-10,9.12506736840208e-07,True
1e-08,5,0.045125336842010394,0.04512533680056663,4.144376508641301e-11,4.61253368420104e-07,True
1e-08,6,0.028274331350830878,0.02827433079333197,5.574989081491566e-10,2.927433135083088e-07,True
1e-08,7,-0.032068797282528726,-0.03206879692352338,3.5900534628430236e-10,3.306879728252873e-07,True
1e-08,8,0.015742737758774075,0.015742738362911624,6.041375490151157e-10,1.6742738362911625e-07,True
1e-08,9,-0.010982235260167608,-0.010982234566192517,6.939750909346065e-10,1.198223526016761e-07,True
1e-08,10,0.11417844520805516,0.11417844517080944,3.724572039676133e-11,1.1517844520805516e-06,True
1e-08,11,-0.11713876600962256,-0.11713876674201984,7.323972817108171e-10,1.1813876674201983e-06,True
1e-08,12,0.09565690102245773,0.09565689976231972,1.2601380078303137e-09,9.665690102245772e-07,True
1e-10,0,-0.06292479691579876,-0.06292487364500943,7.67292106657047e-08,6.392487364500943e-07,True
1e-10,1,0.07314440489589097,0.07314433780880591,6.708708505387406e-08,7.414440489589097e-07,True
1e-10,2,-0.036280541565455196,-0.03628049249915222,4.906630297896175e-08,3.72805415654552e-07,True
1e-10,3,0.07913265890636643,0.07913274202575593,8.311938949623343e-08,8.013274202575594e-07,True
1e-10,4,-0.09025067368402079,-0.09025065417223033,1.9511790461113065e-08,9.12506736840208e-07,True
1e-10,5,0.045125336842010394,0.045125292391645644,4.4450364750092675e-08,4.61253368420104e-07,True
1e-10,6,0.028274331350830878,0.028274396712824057,6.536199317896951e-08,2.927439671282406e-07,True
1e-10,7,-0.032068797282528726,-0.03206879206629765,5.216231079019362e-09,3.306879728252873e-07,True
1e-10,8,0.015742737758774075,0.015742615544489524,1.2221428455014283e-07,1.6742737758774076e-07,True
1e-10,9,-0.010982235260167608,-0.010982117992774931,1.1726739267657604e-07,1.198223526016761e-07,True
1e-10,10,0.11417844520805516,0.11417845835470786,1.3146652697026973e-08,1.1517845835470785e-06,True
1e-10,11,-0.11713876600962256,-0.1171387986609318,3.265130923968407e-08,1.1813879866093179e-06,True
1e-10,12,0.09565690102245773,0.09565695457958157,5.355712383303679e-08,9.665695457958156e-07,True
1e-12,0,-0.06292479691579876,-0.06292882881453465,4.031898735892825e-06,6.392882881453466e-07,False
1e-12,1,0.07314440489589097,0.07313594174718219,8.46314870878162e-06,7.414440489589097e-07,False
1e-12,2,-0.036280541565455196,-0.03627653732962699,4.004235828206082e-06,3.72805415654552e-07,False
1e-12,3,0.07913265890636643,0.07913808497406194,5.426067695504799e-06,8.013808497406195e-07,False
1e-12,4,-0.09025067368402079,-0.09024725411421741,3.419569803375655e-06,9.12506736840208e-07,False
1e-12,5,0.045125336842010394,0.045123627057108706,1.7097849016878275e-06,4.61253368420104e-07,False
1e-12,6,0.028274331350830878,0.028282931552325863,8.60020149498486e-06,2.9282931552325864e-07,False
1e-12,7,-0.032068797282528726,-0.03207156762385921,2.770341330483872e-06,3.307156762385921e-07,False
1e-12,8,0.015742737758774075,0.015737411374061594,5.326384712480564e-06,1.6742737758774076e-07,False
1e-12,9,-0.010982235260167608,-0.010984269049885143,2.0337897175346648e-06,1.1984269049885144e-07,False
1e-12,10,0.11417844520805516,0.11417256029488954,5.884913165624117e-06,1.1517844520805516e-06,False
1e-12,11,-0.11713876600962256,-0.11714240688576183,3.640876139271443e-06,1.1814240688576182e-06,False
1e-12,12,0.09565690102245773,0.09566653025316896,9.629230711225012e-06,9.666653025316895e-07,False
