dtype,requested_h,value,reference,absolute_error,stored_x,stored_h,actual_plus_step,actual_minus_step,status
float32,0.1,2.0171117782592773,2.0137526834646735,0.003359094794603834,0.699999988079071,0.10000000149011612,0.10000002384185791,0.10000002384185791,computed
float32,0.03,2.014056921005249,2.0137526834646735,0.0003042375405755138,0.699999988079071,0.029999999329447746,0.029999971389770508,0.029999971389770508,computed
float32,0.01,2.0137906074523926,2.0137526834646735,3.7923987719068464e-05,0.699999988079071,0.009999999776482582,0.009999990463256836,0.009999990463256836,computed
float32,0.003,2.0137627124786377,2.0137526834646735,1.0029013964185651e-05,0.699999988079071,0.003000000026077032,0.003000020980834961,0.003000020980834961,computed
float32,0.001,2.013683319091797,2.0137526834646735,6.936437287663466e-05,0.699999988079071,0.0010000000474974513,0.0009999871253967285,0.0009999871253967285,computed
float32,0.0001,2.014636993408203,2.0137526834646735,0.0008843099435296153,0.699999988079071,9.999999747378752e-05,0.00010001659393310547,0.00010001659393310547,computed
float32,1e-05,2.0265579223632812,2.0137526834646735,0.01280523889860774,0.699999988079071,9.999999747378752e-06,1.0013580322265625e-05,1.0013580322265625e-05,computed
float32,1e-06,2.1457672119140625,2.0137526834646735,0.132014528449389,0.699999988079071,9.999999974752427e-07,1.0132789611816406e-06,1.0132789611816406e-06,computed
float32,1e-08,,,,,,,,Unresolvable input step
float32,1e-10,,,,,,,,Unresolvable input step
float32,1e-12,,,,,,,,Unresolvable input step
float32,1e-14,,,,,,,,Unresolvable input step
float32,1e-17,,,,,,,,Unresolvable input step
float64,0.1,2.0171106405097925,2.0137527074704766,0.0033579330393158635,0.7,0.1,0.09999999999999998,0.09999999999999998,computed
float64,0.03,2.0140547839697174,2.0137527074704766,0.0003020764992407443,0.7,0.03,0.030000000000000027,0.030000000000000027,computed
float64,0.01,2.0137862701834153,2.0137527074704766,3.356271293863955e-05,0.7,0.01,0.010000000000000009,0.010000000000000009,computed
float64,0.003,2.013755728100882,2.0137527074704766,3.0206304053592703e-06,0.7,0.003,0.0030000000000000027,0.0030000000000000027,computed
float64,0.001,2.0137530430959227,2.0137527074704766,3.356254461017727e-07,0.7,0.001,0.0010000000000000009,0.0010000000000000009,computed
float64,0.0001,2.0137527108254893,2.0137527074704766,3.3550127120918205e-09,0.7,0.0001,9.999999999998899e-05,9.999999999998899e-05,computed
float64,1e-05,2.0137527074970407,2.0137527074704766,2.6564084265601196e-11,0.7,1e-05,9.99999999995449e-06,9.99999999995449e-06,computed
float64,1e-06,2.0137527074748363,2.0137527074704766,4.359623773098065e-12,0.7,1e-06,1.0000000000287557e-06,1.0000000000287557e-06,computed
float64,1e-08,2.0137527201313787,2.0137527074704766,1.2660902104499883e-08,0.7,1e-08,1.0000000050247593e-08,1.0000000050247593e-08,computed
float64,1e-10,2.013751387863749,2.0137527074704766,1.319606727445688e-06,0.7,1e-10,1.000000082740371e-10,1.000000082740371e-10,computed
float64,1e-12,2.013722522065109,2.0137527074704766,3.0185405367699758e-05,0.7,1e-12,9.999778782798785e-13,9.999778782798785e-13,computed
float64,1e-14,2.020605904817785,2.0137527074704766,0.006853197347308271,0.7,1e-14,9.992007221626409e-15,9.992007221626409e-15,computed
float64,1e-17,,,,,,,,Unresolvable input step
