parameter,step,autodiff,finite_difference,absolute_error,scaled_error
w,0.1,3.25,3.409999999999999,0.1599999999999988,0.04692082111436917
b,0.1,1.21875,1.2337499999999992,0.014999999999999236,0.012158054711245588
w,0.01,3.25,3.2516000000000016,0.0016000000000016001,0.0004920654447046376
b,0.01,1.21875,1.218899999999992,0.0001499999999921009,0.00012306177700558034
w,0.001,3.25,3.2500159999999942,1.5999999994242842e-05,4.923052684738435e-06
b,0.001,1.21875,1.2187514999999483,1.4999999482512294e-06,1.2307676735177706e-06
w,0.0001,3.25,3.250000159999711,1.5999971081370745e-07,4.9230677826711765e-08
b,0.0001,1.21875,1.218750014999881,1.4999880892929696e-08,1.2307594427337227e-08
w,1e-05,3.25,3.250000001595032,1.595032106394001e-09,4.907791094188285e-10
b,1e-05,1.21875,1.2187500001592522,1.5925216700907185e-10,1.3066844470831805e-10
w,1e-06,3.25,3.250000000010189,1.0189182830799837e-11,3.135133178697813e-12
b,1e-06,1.21875,1.2187499999760654,2.3934632054078975e-11,1.9638672454628903e-11
w,1e-07,3.25,3.2499999993995665,6.004334807130363e-10,1.8474876329631884e-10
b,1e-07,1.21875,1.2187500014748665,1.4748664511898824e-09,1.2101468302810892e-09
w,1e-08,3.25,3.2500000052282374,5.2282373985690356e-09,1.6086884277410556e-09
b,1e-08,1.21875,1.2187499925930823,7.40691774581137e-09,6.07747097092215e-09
w,1e-09,3.25,3.250000019106025,1.9106025206383492e-08,5.878776952019518e-09
b,1e-09,1.21875,1.2187501008398272,1.0083982715514139e-07,8.274036415312195e-08
w,1e-10,3.25,3.2500002689062057,2.689062057470437e-07,8.274036415312195e-08
b,1e-10,1.21875,1.2187501008398272,1.0083982715514139e-07,8.274036415312195e-08
w,1e-11,3.25,3.2500002689062057,2.689062057470437e-07,8.274036415312195e-08
b,1e-11,1.21875,1.2187528763973887,2.8763973887180327e-06,2.3601153641750664e-06
w,1e-12,3.25,3.2499558599852207,4.414001477925922e-05,1.3581543009002837e-05
b,1e-12,1.21875,1.2187750808578812,2.5080857881221164e-05,2.057874194766687e-05
