step,w,b,prediction,loss,gradient_w,gradient_b
0,0.5,-0.25,1.0625,0.330078125,3.25,1.21875
1,0.435,-0.274375,0.789769140625,0.14567536258552552,1.8257691181640627,0.6429999887695313
2,0.3984846176367187,-0.28723499977539063,0.6583136084754969,0.08336000143314069,1.2408393087143217,0.4162628501194124
3,0.37366783146243226,-0.29556025677777886,0.5777688490617965,0.053716209207647365,0.9200804686908202,0.29615580981451184
4,0.35526622208861586,-0.3014833729740691,0.5225873647407859,0.03715193570816313,0.7185937982165307,0.2230032167378724
5,0.34089434612428526,-0.3059434373088265,0.48215400178500645,0.026947740272396388,0.5811699217296766,0.17450795997233506
6,0.32927094768969173,-0.3094335965082732,0.45114755203037216,0.020230168843905636,0.48203667087601765,0.14044455942282275
7,0.31963021427217136,-0.31224248769672963,0.42657094790838435,0.015588649822632689,0.4075384191024284,0.115483735597022
8,0.3114794458901228,-0.31455216240867007,0.406594156611795,0.012260864942479688,0.34977292332917087,0.09658938335868793
9,0.3044839874235394,-0.31648395007584385,0.39003089216991976,0.009804325380951847,0.30385808790657953,0.08191359786832987
10,0.29840682566540777,-0.31812222203321044,0.3760757384293498,0.007947545910252918,0.26662064939985586,0.070272455485253
11,0.29307441267741063,-0.3195276711429155,0.3641612525506995,0.006516395791972294,0.23591247223607692,0.06087560984268873
12,0.2883561632326891,-0.3207451833397693,0.35387534159257505,0.005395043295487076,0.21023003930716774,0.053177348857296344
13,0.2841515624465457,-0.32180873031691526,0.34491104900402136,0.004504053611521872,0.1884912152553655,0.046790083125672066
14,0.2803817381414384,-0.3227445319794287,0.33703475598876637,0.0037875243750120514,0.1698984389413839,0.04143184147630876
15,0.2769837693626107,-0.32357316880895487,0.3300653350517242,0.0032052289384724274,0.15385174473723126,0.03689320484275353
16,0.27390673446786606,-0.3243110329058099,0.32386007337917555,0.0027276552197885986,0.1398916986815537,0.03301581265118909
17,0.271108900494235,-0.3249713491588337,0.31830492132680144,0.0023327811387302668,0.12766092852980168,0.029678003601500125
18,0.26855568192363893,-0.3255649092308637,0.31330758438441353,0.00200392512029482,0.11687756449182213,0.026784990053704296
19,0.2662181306338025,-0.32610060903193777,0.3087925320173207,0.0017282809105038403,0.10731651377884158,0.024261990880760434
20,0.2640718003582257,-0.326585848849553,0.3046973276958639,0.0014958988285343592,0.09879600930988533,0.022049340807010723
21,0.262095880172028,-0.3270268356656932,0.3009698876954525,0.001298964725843521,0.09116778396880656,0.02009894813667702
22,0.26027252449265187,-0.3274288146284267,0.2975664044648321,0.0011312814168560007,0.08430978411341021,0.018371689824289043
23,0.2585863288103837,-0.3277962484249125,0.29444975317029953,0.0009878902784502767,0.0781206917504331,0.016835469290066782
24,0.257023914975375,-0.32813295781071383,0.291588254658221,0.0008647914627585213,0.07251575484746273,0.015463750094620855
25,0.25557359987842576,-0.32844223281260626,0.2889547048245235,0.0007587345139828777,0.0674235770536731,0.014234436114574799
26,0.2542251283373523,-0.32872692153489774,0.2865256055311276,0.0006670599297077697,0.06278362010734852,0.013129007288110455
27,0.2529694559352053,-0.32898950168065993,0.28428054970170596,0.0005875780439255665,0.058544241904495184,0.012131846101394608
28,0.2517985710971154,-0.32923213860268785,0.28220172557459416,0.000518475564990736,0.054661141556466133,0.011229707990935983
29,0.25070534826598606,-0.3294567327625066,0.2802735139220167,0.0004582428225932699,0.05109611678650021,0.010411301432241745
30,0.24968342593025605,-0.32966495879115143,0.27848215844158075,0.00040561667474565483,0.04781606326653165,0.00966695241247545
31,0.24872710466492542,-0.32985829783940096,0.27681549421324014,0.0003595353649501578,0.04479216299217961,0.008988334389469733
32,0.24783126140508183,-0.33003806452719037,0.27526272258661016,0.0003191025762440117,0.04199922155925154,0.008368249486320685
33,0.2469912769738968,-0.3302054295169168,0.27381422346074374,0.0002835586195191189,0.039415123616563484,0.007800450077909869
34,0.24620297450156553,-0.330361438518475,0.27246139787977736,0.00025225719735683333,0.03702038277669581,0.007279492448459227
35,0.24546256684603163,-0.33050702836744417,0.2711965353619722,0.00022464655567566879,0.03479776753082766,0.006800616084427735
36,0.24476661149541507,-0.3306430406891327,0.2700127015272817,0.00020025411121003133,0.032731988703358667,0.006359643588038491
37,0.24411197172134788,-0.33077023356089347,0.26890364247689064,0.00017867384944705197,0.030809437029953247,0.005952897276531305
38,0.2434957829807488,-0.3308892915064241,0.26786370307079593,0.00015955594370078202,0.02901796178896124,0.005577129359082653
39,0.24291542374496958,-0.33100083409360576,0.26688775679327836,0.00014259816475445977,0.0273466832354276,0.005229463221074619
40,0.242368490080261,-0.33110542335802723,0.2659711453258192,0.00012753874150921865,0.025785833007117207,0.004907343840648991
